"gene","sample","expression"
"Asl","GSM2545336",1170
"Apod","GSM2545336",36194
"Cyp2d22","GSM2545336",4060
"Klk6","GSM2545336",287
"Fcrls","GSM2545336",85
"Slc2a4","GSM2545336",782
"Exd2","GSM2545336",1619
"Gjc2","GSM2545336",288
"Plp1","GSM2545336",43217
"Gnb4","GSM2545336",1071
"Tnc","GSM2545336",219
"Trf","GSM2545336",9719
"Tubb2b","GSM2545336",2245
"Fads1","GSM2545336",6498
"Lxn","GSM2545336",1744
"Prr18","GSM2545336",1284
"Cmtm5","GSM2545336",1381
"Enpp1","GSM2545336",388
"Clic4","GSM2545336",5795
"Tm6sf2","GSM2545336",32
"Slc20a2","GSM2545336",8044
"Itih3","GSM2545336",5918
"Ptn","GSM2545336",5156
"Prodh","GSM2545336",2385
"Msantd1","GSM2545336",85
"Ugt8a","GSM2545336",1239
"Fbln5","GSM2545336",1589
"Trp53inp2","GSM2545336",8374
"Slc7a3","GSM2545336",236
"Dnase1l2","GSM2545336",169
"Icosl","GSM2545336",1198
"Rmnd1","GSM2545336",797
"Tssk5","GSM2545336",368
"Pycr1","GSM2545336",19
"Pla2g3","GSM2545336",515
"Vmn2r1","GSM2545336",116
"Gm29797","GSM2545336",30
"Phyhd1","GSM2545336",2154
"Gpr146","GSM2545336",1520
"Mag","GSM2545336",5250
"Tufm","GSM2545336",1581
"Igdcc4","GSM2545336",2101
"Gm10654","GSM2545336",472
"Ncmap","GSM2545336",143
"Etv4","GSM2545336",208
"Fabp7","GSM2545336",215
"Cpsf4l","GSM2545336",7
"Hexa","GSM2545336",1208
"Mfge8","GSM2545336",1290
"Ccdc136","GSM2545336",6225
"Glul","GSM2545336",89445
"Hopx","GSM2545336",3965
"Pigq","GSM2545336",3353
"Vps11","GSM2545336",4372
"Proca1","GSM2545336",158
"Fbxl22","GSM2545336",39
"Sfxn5","GSM2545336",8426
"Hexim2","GSM2545336",896
"Agt","GSM2545336",8586
"Rlbp1","GSM2545336",209
"Jam2","GSM2545336",3033
"Lcat","GSM2545336",1239
"Oxct1","GSM2545336",11355
"Cacna1e","GSM2545336",5200
"Fa2h","GSM2545336",1254
"Plxnb3","GSM2545336",724
"Lman2l","GSM2545336",864
"Dpy19l1","GSM2545336",2157
"Kctd21","GSM2545336",549
"Thra","GSM2545336",17222
"Dok3","GSM2545336",78
"Sult1a1","GSM2545336",1658
"Rpe","GSM2545336",872
"Acrbp","GSM2545336",231
"Slc2a9","GSM2545336",190
"Emp2","GSM2545336",993
"Aipl1","GSM2545336",91
"Uri1","GSM2545336",2955
"Bcs1l","GSM2545336",343
"Rbm3","GSM2545336",11184
"Tra2a","GSM2545336",3405
"Prex1","GSM2545336",3573
"Josd2","GSM2545336",1132
"Tmco3","GSM2545336",1289
"Srebf1","GSM2545336",4044
"Acer2","GSM2545336",983
"Tsga10","GSM2545336",231
"Cyp3a13","GSM2545336",238
"Relt","GSM2545336",1147
"Nrep","GSM2545336",26832
"Slc14a1","GSM2545336",1344
"Pnpla2","GSM2545336",2366
"Map6d1","GSM2545336",1619
"Ier5","GSM2545336",1233
"Bfsp2","GSM2545336",60
"Idi1","GSM2545336",465
"Kat2b","GSM2545336",7775
"Rmdn3","GSM2545336",4047
"Eif4b","GSM2545336",12319
"Grm4","GSM2545336",9157
"Pink1","GSM2545336",27791
"Mettl16","GSM2545336",752
"Fam193b","GSM2545336",2226
"Rtca","GSM2545336",2145
"Fgfbp1","GSM2545336",188
"Pigs","GSM2545336",2208
"Cfp","GSM2545336",485
"Desi1","GSM2545336",5120
"Gbp4","GSM2545336",816
"Nid1","GSM2545336",776
"Armcx5","GSM2545336",1189
"Cryab","GSM2545336",2328
"Prss53","GSM2545336",73
"Car4","GSM2545336",3195
"Gm6277","GSM2545336",134
"Amt","GSM2545336",709
"Zc3h6","GSM2545336",1980
"Aqp4","GSM2545336",15950
"Tmem198b","GSM2545336",689
"Abi3bp","GSM2545336",807
"Xpa","GSM2545336",665
"Aldh6a1","GSM2545336",5851
"Adam1a","GSM2545336",440
"Dynlt1a","GSM2545336",397
"Gatm","GSM2545336",3748
"H2-Q4","GSM2545336",535
"Nras","GSM2545336",1472
"Pla2g4e","GSM2545336",1064
"Lpar1","GSM2545336",1535
"Il12rb1","GSM2545336",154
"Enpp6","GSM2545336",378
"Ermn","GSM2545336",2737
"Marcksl1","GSM2545336",880
"Ubqln4","GSM2545336",2976
"Glt8d1","GSM2545336",1129
"Ddx25","GSM2545336",1990
"Gpr17","GSM2545336",500
"Cat","GSM2545336",2143
"Wwox","GSM2545336",1317
"Phkg1","GSM2545336",528
"Ppp1r3f","GSM2545336",1479
"Mrpl35","GSM2545336",1018
"Nudt9","GSM2545336",2112
"Lypd6","GSM2545336",2006
"Spice1","GSM2545336",494
"Tuba8","GSM2545336",1047
"Spon1","GSM2545336",5825
"Nfya","GSM2545336",831
"Sc5d","GSM2545336",3473
"Aldh18a1","GSM2545336",760
"Ebp","GSM2545336",798
"Srr","GSM2545336",2107
"Gm14827","GSM2545336",198
"Gm31135","GSM2545336",21
"Adam17","GSM2545336",965
"Slc39a2","GSM2545336",469
"Snn","GSM2545336",7118
"Hnrnpc","GSM2545336",7924
"Srbd1","GSM2545336",366
"Ptp4a1","GSM2545336",1395
"Tppp","GSM2545336",8715
"Stac3","GSM2545336",101
"Emid1","GSM2545336",284
"Cotl1","GSM2545336",5397
"Ovgp1","GSM2545336",1301
"Ssx2ip","GSM2545336",4386
"Hsd3b7","GSM2545336",546
"Kazald1","GSM2545336",372
"Omd","GSM2545336",413
"Bcas1","GSM2545336",5485
"Gm9925","GSM2545336",689
"Dleu2","GSM2545336",247
"Chil3","GSM2545336",111
"Deaf1","GSM2545336",3343
"Dusp19","GSM2545336",205
"Gkn3","GSM2545336",25
"Pllp","GSM2545336",1134
"Sox2ot","GSM2545336",596
"Ntf3","GSM2545336",75
"Lum","GSM2545336",136
"Gm20751","GSM2545336",240
"Thnsl2","GSM2545336",274
"Slc2a4rg-ps","GSM2545336",273
"Agpat5","GSM2545336",3065
"Mdk","GSM2545336",690
"Penk","GSM2545336",4674
"Cirbp","GSM2545336",7079
"Aloxe3","GSM2545336",703
"Nudt5","GSM2545336",404
"Serpinb1a","GSM2545336",353
"Mt1","GSM2545336",15774
"Fgfr3","GSM2545336",5921
"Myo1d","GSM2545336",552
"Cd99l2","GSM2545336",3092
"C2cd2","GSM2545336",820
"Brsk2","GSM2545336",8578
"Mrrf","GSM2545336",481
"Snhg4","GSM2545336",404
"Hmgcs1","GSM2545336",5441
"Stk17b","GSM2545336",3853
"Cyp51","GSM2545336",1787
"Gria4","GSM2545336",19381
"Ttyh1","GSM2545336",35445
"Slc13a1","GSM2545336",75
"Phf7","GSM2545336",364
"Get4","GSM2545336",1766
"Gstm1","GSM2545336",12043
"Fbxo31","GSM2545336",3869
"Padi2","GSM2545336",890
"Gnmt","GSM2545336",327
"Paip2b","GSM2545336",5199
"Slc17a9","GSM2545336",66
"Vopp1","GSM2545336",1574
"Ogdhl","GSM2545336",5470
"Dcaf12","GSM2545336",2537
"Rorc","GSM2545336",1565
"Cp","GSM2545336",2265
"Jade2","GSM2545336",3370
"Nbl1","GSM2545336",5297
"Hsph1","GSM2545336",3818
"Serf2","GSM2545336",3264
"Rasgef1a","GSM2545336",5400
"Prrg1","GSM2545336",373
"Etnppl","GSM2545336",9066
"Cyp4f15","GSM2545336",288
"Ankrd29","GSM2545336",989
"Gm27252","GSM2545336",156
"Kctd2","GSM2545336",4345
"Iigp1","GSM2545336",299
"Ak4","GSM2545336",4031
"Idh2","GSM2545336",2188
"Camkk1","GSM2545336",3772
"Rftn2","GSM2545336",1182
"Igtp","GSM2545336",372
"Bche","GSM2545336",338
"Marcks","GSM2545336",6007
"Pabpc4","GSM2545336",747
"Pmp22","GSM2545336",1404
"Car14","GSM2545336",1636
"Serpinh1","GSM2545336",753
"Ppp1r13b","GSM2545336",3771
"Tfrc","GSM2545336",10468
"Smox","GSM2545336",3239
"Tjap1","GSM2545336",614
"Msmo1","GSM2545336",1666
"Slc26a8","GSM2545336",243
"Eml3","GSM2545336",1897
"Csf2ra","GSM2545336",354
"Rnf141","GSM2545336",3030
"Slc25a16","GSM2545336",2086
"Echdc1","GSM2545336",1157
"Eid2b","GSM2545336",1163
"Piga","GSM2545336",428
"Ccdc149","GSM2545336",1719
"Car15","GSM2545336",374
"Eny2","GSM2545336",3848
"Mroh1","GSM2545336",5434
"Pcyox1l","GSM2545336",597
"Ankrd39","GSM2545336",667
"Timeless","GSM2545336",590
"Sparc","GSM2545336",69090
"Slc7a10","GSM2545336",1347
"Ppp1r2","GSM2545336",6102
"Psmf1","GSM2545336",1693
"Adat1","GSM2545336",192
"Slc6a12","GSM2545336",343
"Snhg3","GSM2545336",404
"Prg4","GSM2545336",1197
"Plod1","GSM2545336",771
"Whamm","GSM2545336",1483
"Ttpa","GSM2545336",428
"Thbs3","GSM2545336",401
"Gltp","GSM2545336",1421
"Pex6","GSM2545336",1489
"Aim2","GSM2545336",305
"Ednrb","GSM2545336",5386
"Nuf2","GSM2545336",114
"Mog","GSM2545336",2065
"Ccl27a","GSM2545336",1441
"Tac4","GSM2545336",45
"Snhg8","GSM2545336",616
"Ak6","GSM2545336",263
"Kctd20","GSM2545336",2738
"Itgb4","GSM2545336",569
"Zfp810","GSM2545336",970
"Gm33489","GSM2545336",85
"Gna12","GSM2545336",1577
"Cyp4v3","GSM2545336",978
"Pkp4","GSM2545336",10610
"Agpat1","GSM2545336",2306
"Gipr","GSM2545336",90
"Edn3","GSM2545336",186
"Prr15","GSM2545336",90
"Traf1","GSM2545336",165
"Pim2","GSM2545336",1226
"Lrrc8a","GSM2545336",5236
"Erp44","GSM2545336",1654
"Tmem33","GSM2545336",5212
"Fen1","GSM2545336",989
"Tfap4","GSM2545336",571
"Lman2","GSM2545336",3152
"Senp8","GSM2545336",265
"Alg14","GSM2545336",710
"Ddah1","GSM2545336",4319
"Pomt1","GSM2545336",531
"Rab3b","GSM2545336",917
"Lrrc29","GSM2545336",140
"Nqo1","GSM2545336",686
"Gpr137b","GSM2545336",539
"Pcif1","GSM2545336",3272
"Qdpr","GSM2545336",4635
"Dcdc2b","GSM2545336",193
"Rap2a","GSM2545336",2161
"Cnpy4","GSM2545336",480
"Wdr41","GSM2545336",1463
"Gm20627","GSM2545336",13
"Mmaa","GSM2545336",1247
"Gm13562","GSM2545336",12
"Cd70","GSM2545336",16
"Itm2a","GSM2545336",1769
"Avil","GSM2545336",29
"Zscan22","GSM2545336",483
"Itgb3","GSM2545336",52
"Col11a2","GSM2545336",389
"Apoc1","GSM2545336",255
"Tmeff2","GSM2545336",2237
"Tyro3","GSM2545336",5545
"Ift22","GSM2545336",948
"Mtmr7","GSM2545336",3319
"Gabrr2","GSM2545336",178
"Ube2v2","GSM2545336",1911
"C77080","GSM2545336",1832
"Elovl5","GSM2545336",3887
"Serinc5","GSM2545336",2456
"Pyroxd2","GSM2545336",142
"Ypel2","GSM2545336",1652
"Parp3","GSM2545336",547
"Xpo1","GSM2545336",4683
"Polr2a","GSM2545336",7881
"Tspyl4","GSM2545336",25681
"Irgm1","GSM2545336",640
"Cep131","GSM2545336",1345
"Sema4d","GSM2545336",3309
"Gbp6","GSM2545336",340
"Zfp119b","GSM2545336",387
"Eps15","GSM2545336",12463
"Pxmp2","GSM2545336",309
"Tomm40l","GSM2545336",1681
"Atat1","GSM2545336",1082
"Chrac1","GSM2545336",587
"Mrpl24","GSM2545336",1332
"Ipo9","GSM2545336",10792
"Actg1","GSM2545336",7267
"Noxred1","GSM2545336",31
"Gm20501","GSM2545336",208
"H2-K1","GSM2545336",1883
"Lig1","GSM2545336",914
"Morn2","GSM2545336",195
"Dcakd","GSM2545336",961
"Nop14","GSM2545336",1399
"Bbs1","GSM2545336",1362
"Tada2b","GSM2545336",1775
"Gal3st1","GSM2545336",205
"Xpc","GSM2545336",1173
"Irf2bp2","GSM2545336",2747
"Spns2","GSM2545336",2875
"Pole","GSM2545336",208
"Fam78b","GSM2545336",1627
"Ggcx","GSM2545336",695
"Anks1","GSM2545336",2126
"Pgm2","GSM2545336",5325
"Zgrf1","GSM2545336",644
"Alkbh3","GSM2545336",759
"Dnd1","GSM2545336",26
"Lime1","GSM2545336",1612
"Trim23","GSM2545336",5526
"Abhd14a","GSM2545336",490
"Zkscan3","GSM2545336",1732
"Fam131b","GSM2545336",11825
"Elovl1","GSM2545336",631
"Trim72","GSM2545336",81
"Klhdc9","GSM2545336",228
"Iqck","GSM2545336",166
"Smim14","GSM2545336",7435
"Kcnab3","GSM2545336",2548
"Ing5","GSM2545336",846
"Cnnm3","GSM2545336",3136
"Fn3k","GSM2545336",906
"Cnp","GSM2545336",13472
"Uros","GSM2545336",597
"Eml1","GSM2545336",2567
"Lgals3","GSM2545336",168
"Gjb1","GSM2545336",545
"Dynll1","GSM2545336",2138
"Cyp2j12","GSM2545336",98
"Crip3","GSM2545336",10
"Sbk1","GSM2545336",20241
"Camkk2","GSM2545336",8561
"Setd7","GSM2545336",12395
"Btf3l4","GSM2545336",2694
"Acbd4","GSM2545336",1859
"Gm16835","GSM2545336",356
"Gpr37","GSM2545336",1924
"Prr5l","GSM2545336",546
"Slain1","GSM2545336",1858
"Calr","GSM2545336",8891
"Bst1","GSM2545336",54
"Fmnl3","GSM2545336",557
"Gpr89","GSM2545336",552
"Zranb1","GSM2545336",8837
"Col27a1","GSM2545336",456
"Emc8","GSM2545336",4140
"Ormdl3","GSM2545336",4058
"Capg","GSM2545336",198
"Zbtb21","GSM2545336",815
"Sord","GSM2545336",1153
"Tsc22d1","GSM2545336",10012
"Gpld1","GSM2545336",3774
"Cdh4","GSM2545336",684
"Hkdc1","GSM2545336",163
"Ggact","GSM2545336",1986
"Zfp493","GSM2545336",124
"Mkks","GSM2545336",1213
"Gm15423","GSM2545336",146
"Npas2","GSM2545336",344
"Plin4","GSM2545336",2284
"Rragc","GSM2545336",3899
"Nsun3","GSM2545336",793
"Hgsnat","GSM2545336",3735
"Acr","GSM2545336",165
"Ccdc167","GSM2545336",1140
"Thap1","GSM2545336",393
"Egfl8","GSM2545336",85
"Vps33a","GSM2545336",5585
"Igbp1","GSM2545336",1835
"Tbx6","GSM2545336",36
"Dcst2","GSM2545336",56
"Rbm28","GSM2545336",1640
"Pms1","GSM2545336",558
"Rtcb","GSM2545336",5106
"Smad9","GSM2545336",2384
"Ubxn2b","GSM2545336",656
"Rnf170","GSM2545336",2238
"Pithd1","GSM2545336",3277
"Steap3","GSM2545336",53
"Tomm20","GSM2545336",12447
"Klf15","GSM2545336",2619
"Amz2","GSM2545336",1585
"Folh1","GSM2545336",956
"Ubfd1","GSM2545336",2688
"Gpx3","GSM2545336",1045
"C4b","GSM2545336",1162
"Mdfi","GSM2545336",345
"Nucb2","GSM2545336",460
"Clip4","GSM2545336",2217
"Tipin","GSM2545336",990
"Amy1","GSM2545336",1353
"Efhd1","GSM2545336",1670
"Smim15","GSM2545336",1897
"Zfp658","GSM2545336",712
"E2f6","GSM2545336",1730
"Lix1","GSM2545336",379
"Coq4","GSM2545336",286
"Otoa","GSM2545336",98
"Mex3a","GSM2545336",147
"Tmem132c","GSM2545336",1669
"Dclk1","GSM2545336",14189
"Eml2","GSM2545336",5852
"Glyr1","GSM2545336",10017
"Gm1976","GSM2545336",606
"Smyd3","GSM2545336",1943
"Dcaf8","GSM2545336",9394
"Lias","GSM2545336",1412
"Msn","GSM2545336",2693
"Timmdc1","GSM2545336",540
"H2-Q6","GSM2545336",148
"Asic3","GSM2545336",85
"Col5a3","GSM2545336",507
"Stx3","GSM2545336",3644
"AW046200","GSM2545336",83
"Hsf1","GSM2545336",1293
"Colq","GSM2545336",121
"Rcor3","GSM2545336",1668
"Slc6a20a","GSM2545336",1389
"Prps1","GSM2545336",3015
"Keap1","GSM2545336",2757
"Tap2","GSM2545336",609
"Slc16a7","GSM2545336",1065
"Eif2b3","GSM2545336",818
"Flywch1","GSM2545336",16657
"Amigo2","GSM2545336",1353
"Hspd1","GSM2545336",7124
"Sost","GSM2545336",17
"Gm8615","GSM2545336",10
"Kcnk13","GSM2545336",140
"Tspyl2","GSM2545336",6901
"Spsb3","GSM2545336",3445
"Gm8493","GSM2545336",12
"Fgf22","GSM2545336",163
"Slc6a6","GSM2545336",7622
"Xist","GSM2545336",39967
"Ddx3y","GSM2545336",1
"Eif2s3y","GSM2545336",0
"Kdm5d","GSM2545336",0
"Uty","GSM2545336",0
"Eif2s3x","GSM2545336",2767
"Kdm6a","GSM2545336",3329
"Casp12","GSM2545336",407
"Ddx3x","GSM2545336",28751
"Prl2c3","GSM2545336",93
"Casp1","GSM2545336",100
"Pbdc1","GSM2545336",489
"Kdm5c","GSM2545336",4566
"Ctxn2","GSM2545336",229
"Ldoc1","GSM2545336",340
"Gpr179","GSM2545336",72
"Pou4f1","GSM2545336",75
"Tmprss3","GSM2545336",58
"Prl2c2","GSM2545336",22
"Slc35b1","GSM2545336",1751
"Myoc","GSM2545336",384
"Cartpt","GSM2545336",248
"Tchh","GSM2545336",118
"H2-Q2","GSM2545336",66
"Ascl1","GSM2545336",161
"Crhr1","GSM2545336",2659
"Gm4017","GSM2545336",14
"Impg1","GSM2545336",63
"Rxfp3","GSM2545336",34
"AI504432","GSM2545336",1230
"Mpo","GSM2545336",6
"Oxtr","GSM2545336",41
"Usp2","GSM2545336",4867
"Lor","GSM2545336",39
"Srrm4","GSM2545336",3525
"Slc35g1","GSM2545336",229
"Tceal6","GSM2545336",1453
"Dach2","GSM2545336",79
"Lgr6","GSM2545336",297
"Kcna4","GSM2545336",269
"Zfyve28","GSM2545336",3747
"Hps4","GSM2545336",589
"Ucp3","GSM2545336",181
"Mettl17","GSM2545336",811
"Atg9b","GSM2545336",117
"Usp3","GSM2545336",4594
"Acta2","GSM2545336",234
"Wdr24","GSM2545336",630
"Zw10","GSM2545336",1479
"Ubtd2","GSM2545336",2789
"Slc6a4","GSM2545336",268
"Cog1","GSM2545336",1803
"S100a9","GSM2545336",122
"Nadk","GSM2545336",2546
"Col6a1","GSM2545336",698
"Susd2","GSM2545336",284
"Fam53b","GSM2545336",2539
"Npas1","GSM2545336",72
"Rhbdf1","GSM2545336",571
"Cacnb1","GSM2545336",999
"Zfp579","GSM2545336",721
"Dtx4","GSM2545336",1145
"Chrm3","GSM2545336",217
"Plcl2","GSM2545336",1883
"Ptprj","GSM2545336",3969
"Cyhr1","GSM2545336",5673
"Stx5a","GSM2545336",2548
"Smim8","GSM2545336",531
"Pappa2","GSM2545336",13
"Stbd1","GSM2545336",30
"Rln3","GSM2545336",5
"Ldlr","GSM2545336",1314
"Bmp2","GSM2545336",66
"Itga10","GSM2545336",258
"Unc45a","GSM2545336",1529
"Hap1","GSM2545336",4313
"Gm35339","GSM2545336",245
"Serpinb8","GSM2545336",115
"Tmem200c","GSM2545336",267
"Ngb","GSM2545336",208
"Myh11","GSM2545336",234
"Ass1","GSM2545336",982
"Ccdc28b","GSM2545336",2030
"Vsx2","GSM2545336",25
"Klhl1","GSM2545336",347
"Slit1","GSM2545336",408
"Rbm10","GSM2545336",2726
"Sgk1","GSM2545336",9471
"Zbtb24","GSM2545336",789
"Kif5a","GSM2545336",40211
"Alox8","GSM2545336",194
"Rgcc","GSM2545336",302
"Olfr1033","GSM2545336",59
"Lrrn4","GSM2545336",13
"Trim59","GSM2545336",802
"Pnma2","GSM2545336",501
"Arc","GSM2545336",731
"Lypd6b","GSM2545336",272
"Prkar2b","GSM2545336",897
"Gabrd","GSM2545336",5973
"Sh3gl1","GSM2545336",1711
"Rab9b","GSM2545336",1117
"Slc9a2","GSM2545336",269
"Gata3","GSM2545336",100
"Rnd3","GSM2545336",646
"Tdgf1","GSM2545336",369
"Tph2","GSM2545336",488
"Gprc5c","GSM2545336",2570
"Syt16","GSM2545336",319
"Cdyl","GSM2545336",626
"St8sia2","GSM2545336",136
"Usp19","GSM2545336",5986
"Foxj2","GSM2545336",2585
"Wdfy2","GSM2545336",1899
"Fibcd1","GSM2545336",134
"Hs3st4","GSM2545336",276
"Rab27b","GSM2545336",706
"Gm4988","GSM2545336",220
"Hebp1","GSM2545336",217
"Mrgpre","GSM2545336",183
"Slc22a4","GSM2545336",2582
"Txndc11","GSM2545336",1468
"Pgr15l","GSM2545336",33
"Evpl","GSM2545336",101
"Pax7","GSM2545336",78
"Trim65","GSM2545336",183
"Gm33533","GSM2545336",33
"Otof","GSM2545336",131
"Alk","GSM2545336",91
"Acap3","GSM2545336",3695
"Erdr1","GSM2545336",510
"Kcnq5","GSM2545336",217
"Msln","GSM2545336",117
"Tbc1d20","GSM2545336",1556
"Slc16a10","GSM2545336",321
"Errfi1","GSM2545336",2632
"Nr2e1","GSM2545336",21
"Gpr149","GSM2545336",36
"Plcxd1","GSM2545336",266
"Lrch3","GSM2545336",4436
"Morc2b","GSM2545336",112
"Elfn1","GSM2545336",198
"Rnf180","GSM2545336",371
"Pcdhb8","GSM2545336",133
"Creg2","GSM2545336",843
"Erich3","GSM2545336",896
"Rpp25","GSM2545336",281
"Fgfr1","GSM2545336",7369
"Sfrp2","GSM2545336",58
"Rprm","GSM2545336",127
"Tmem120b","GSM2545336",691
"Tpra1","GSM2545336",1601
"Igsf9","GSM2545336",24
"Jakmip1","GSM2545336",1094
"Hsf4","GSM2545336",358
"Pcbd1","GSM2545336",188
"Rasgrf2","GSM2545336",1286
"Dgkk","GSM2545336",147
"Paxip1","GSM2545336",1956
"Smtn","GSM2545336",270
"Cmpk2","GSM2545336",883
"Drd4","GSM2545336",34
"Samd11","GSM2545336",43
"Magel2","GSM2545336",121
"Csrnp3","GSM2545336",2054
"Zfp941","GSM2545336",910
"Lrrc1","GSM2545336",783
"Tmie","GSM2545336",384
"Pcdh8","GSM2545336",234
"Glra2","GSM2545336",356
"Gpatch8","GSM2545336",5720
"Slc6a16","GSM2545336",24
"Grm7","GSM2545336",887
"Ybx3","GSM2545336",1760
"Tenm3","GSM2545336",1057
"Npffr1","GSM2545336",26
"Slc39a11","GSM2545336",495
"Otp","GSM2545336",16
"Hoga1","GSM2545336",82
"Egfl6","GSM2545336",23
"Plch2","GSM2545336",6677
"Pde11a","GSM2545336",106
"Zfp335","GSM2545336",1568
"Gpr61","GSM2545336",279
"Tox","GSM2545336",178
"Gabrr1","GSM2545336",20
"Jun","GSM2545336",2611
"Cox7b2","GSM2545336",19
"Mn1","GSM2545336",329
"Tmem130","GSM2545336",5202
"Dusp11","GSM2545336",6174
"Tmem91","GSM2545336",211
"Rbms2","GSM2545336",1128
"Inpp5j","GSM2545336",6008
"Vstm2a","GSM2545336",1545
"C1qtnf2","GSM2545336",56
"Ctns","GSM2545336",1122
"Smarcd2","GSM2545336",3670
"Dbpht2","GSM2545336",109
"Ltbp2","GSM2545336",2143
"Drd1","GSM2545336",29
"Dact2","GSM2545336",291
"E4f1","GSM2545336",1253
"Zfp598","GSM2545336",2892
"Zcchc12","GSM2545336",1833
"Zfp263","GSM2545336",1602
"Tspyl3","GSM2545336",743
"Arhgap10","GSM2545336",817
"Plxnb2","GSM2545336",5892
"Doc2a","GSM2545336",244
"Tmem29","GSM2545336",608
"Dpf2","GSM2545336",2936
"Foxl2os","GSM2545336",30
"Slc47a1","GSM2545336",403
"Nap1l5","GSM2545336",30055
"Mapk7","GSM2545336",1186
"Grem2","GSM2545336",324
"Pcdh10","GSM2545336",2386
"Nol3","GSM2545336",360
"Gpr83","GSM2545336",112
"Nrsn2","GSM2545336",3488
"Prss16","GSM2545336",23
"Pcdh18","GSM2545336",180
"Emx2","GSM2545336",30
"Ccdc81","GSM2545336",73
"Rwdd2a","GSM2545336",561
"Mpped1","GSM2545336",378
"Galnt7","GSM2545336",2240
"S100a8","GSM2545336",94
"Mau2","GSM2545336",5602
"Ptpn23","GSM2545336",2477
"Sstr1","GSM2545336",229
"Wdfy4","GSM2545336",61
"Anxa3","GSM2545336",653
"C3","GSM2545336",102
"Tead4","GSM2545336",248
"Clvs2","GSM2545336",462
"Gaa","GSM2545336",9304
"Zfp219","GSM2545336",4969
"Bves","GSM2545336",15
"Tmem161a","GSM2545336",1010
"Unc5d","GSM2545336",1063
"Cd180","GSM2545336",42
"Scml4","GSM2545336",56
"Stk38","GSM2545336",2396
"Sox17","GSM2545336",251
"Srsf9","GSM2545336",1414
"Herpud1","GSM2545336",3678
"Hmbs","GSM2545336",512
"Gm2824","GSM2545336",109
"Mir1901","GSM2545336",24
"Adamts19","GSM2545336",19
"Zfp36l1","GSM2545336",1510
"Impact","GSM2545336",10526
"Trmt6","GSM2545336",1890
"Plekhm1","GSM2545336",1621
"Basp1","GSM2545336",2299
"Grid1","GSM2545336",1256
"Zdbf2","GSM2545336",602
"Tal1","GSM2545336",197
"Raf1","GSM2545336",4400
"Pgpep1l","GSM2545336",21
"Fzd4","GSM2545336",1203
"Tfdp1","GSM2545336",1925
"Pdzrn4","GSM2545336",111
"Ier3","GSM2545336",669
"Mir378a","GSM2545336",12
"Magee2","GSM2545336",128
"Plekhg2","GSM2545336",295
"Boc","GSM2545336",4017
"Ddx39b","GSM2545336",6321
"H2-T24","GSM2545336",93
"Insm1","GSM2545336",37
"Vstm5","GSM2545336",147
"Kctd4","GSM2545336",188
"Oprm1","GSM2545336",166
"Zfand6","GSM2545336",2831
"Cx3cl1","GSM2545336",3197
"Tacr3","GSM2545336",96
"Gpr4","GSM2545336",155
"Ptgis","GSM2545336",129
"Ccdc28a","GSM2545336",489
"Ido2","GSM2545336",22
"Elfn2","GSM2545336",1321
"Ngp","GSM2545336",68
"Ptpro","GSM2545336",400
"Neto1","GSM2545336",344
"Col6a2","GSM2545336",535
"Fev","GSM2545336",23
"Mmab","GSM2545336",839
"Resp18","GSM2545336",1354
"Amn","GSM2545336",39
"Tmem132b","GSM2545336",937
"St6gal2","GSM2545336",275
"Tbc1d25","GSM2545336",783
"Pdcd2l","GSM2545336",743
"Acot3","GSM2545336",24
"Gm5468","GSM2545336",18
"Atg16l1","GSM2545336",2381
"Rpl14-ps1","GSM2545336",38
"Glra3","GSM2545336",339
"Plekhh3","GSM2545336",1920
"Pcdhga1","GSM2545336",173
"Gm9899","GSM2545336",1122
"Eps8l1","GSM2545336",437
"Serpina3g","GSM2545336",37
"Pcdh17","GSM2545336",1747
"Riok3","GSM2545336",4277
"Dcaf12l2","GSM2545336",24
"Ankrd6","GSM2545336",775
"Dhrs11","GSM2545336",514
"Zdhhc22","GSM2545336",378
"Hmgb3","GSM2545336",627
"Mid1","GSM2545336",268
"Celf3","GSM2545336",1744
"Akap5","GSM2545336",297
"Phlda3","GSM2545336",608
"Arfgap2","GSM2545336",4200
"Gabpb1","GSM2545336",1408
"Mybpc1","GSM2545336",2896
"Nfkbia","GSM2545336",1622
"Gabra3","GSM2545336",1470
"Gtpbp2","GSM2545336",2428
"Ptgdr","GSM2545336",25
"Myh15","GSM2545336",26
"Ciz1","GSM2545336",1589
"Tmem62","GSM2545336",2994
"Pan3","GSM2545336",5156
"Pld3","GSM2545336",3588
"Trim3","GSM2545336",7438
"Spata2l","GSM2545336",613
"Gm2223","GSM2545336",27
"Dnah1","GSM2545336",190
"Pnoc","GSM2545336",143
"Dzank1","GSM2545336",10981
"Safb2","GSM2545336",2858
"Rnf128","GSM2545336",1297
"Jpx","GSM2545336",365
"Il16","GSM2545336",6634
"Slc26a7","GSM2545336",436
"Rspo1","GSM2545336",36
"Hcfc2","GSM2545336",1841
"Gm35315","GSM2545336",90
"Tyrp1","GSM2545336",6
"Pank4","GSM2545336",1862
"Ngef","GSM2545336",758
"Llgl1","GSM2545336",3151
"Usp12","GSM2545336",2820
"Ppp2r2d","GSM2545336",2854
"Zfp677","GSM2545336",125
"Heyl","GSM2545336",191
"Sin3b","GSM2545336",2629
"Sidt1","GSM2545336",2052
"Spin2c","GSM2545336",168
"Wasf2","GSM2545336",1376
"Tmem14a","GSM2545336",728
"Cntnap5a","GSM2545336",691
"Ccm2l","GSM2545336",170
"Sema3e","GSM2545336",700
"Il18bp","GSM2545336",328
"Slc35f1","GSM2545336",1386
"Best1","GSM2545336",63
"Pde8b","GSM2545336",929
"Htr7","GSM2545336",143
"Cfap57","GSM2545336",30
"Sgsm1","GSM2545336",4879
"Scn3b","GSM2545336",595
"Mark3","GSM2545336",3782
"Acsl5","GSM2545336",749
"Qpct","GSM2545336",243
"Iqcc","GSM2545336",675
"Noc2l","GSM2545336",2435
"Slc25a27","GSM2545336",4758
"Kdm4b","GSM2545336",3254
"Pde1b","GSM2545336",2150
"Pcdha10","GSM2545336",80
"Gja5","GSM2545336",16
"Irs4","GSM2545336",78
"Mamdc4","GSM2545336",88
"Mthfd2l","GSM2545336",386
"Lrrtm1","GSM2545336",435
"Tacr1","GSM2545336",99
"Lmo3","GSM2545336",496
"Psg16","GSM2545336",998
"Abcc8","GSM2545336",2210
"Epc1","GSM2545336",3055
"Slc6a7","GSM2545336",707
"Col4a5","GSM2545336",348
"Gm8013","GSM2545336",9
"Clpx","GSM2545336",2386
"Dffb","GSM2545336",481
"Senp3","GSM2545336",2477
"Hhex","GSM2545336",57
"Per2","GSM2545336",2370
"Rnpep","GSM2545336",1395
"Ttll1","GSM2545336",869
"Ppp1r1c","GSM2545336",30
"Moxd1","GSM2545336",156
"Susd6","GSM2545336",5578
"Ighm","GSM2545336",264
"Fam131a","GSM2545336",3595
"Zfp92","GSM2545336",91
"Kirrel","GSM2545336",590
"Npsr1","GSM2545336",30
"Kcnj16","GSM2545336",1611
"Atg10","GSM2545336",348
"Vwc2l","GSM2545336",116
"Sox14","GSM2545336",51
"Zc3h3","GSM2545336",453
"Gak","GSM2545336",4913
"Tox2","GSM2545336",400
"Tenm2","GSM2545336",1152
"Begain","GSM2545336",1601
"Dsc3","GSM2545336",20
"Fbll1","GSM2545336",403
"Dnah7a","GSM2545336",27
"Gm3764","GSM2545336",4974
"Strip1","GSM2545336",3332
"Nmnat3","GSM2545336",59
"Lims2","GSM2545336",319
"Fam43b","GSM2545336",313
"Ccnl2","GSM2545336",7649
"Gm11627","GSM2545336",20
"Rabl2","GSM2545336",920
"Kcnj3","GSM2545336",5244
"Zfp36","GSM2545336",261
"Slc2a1","GSM2545336",7098
"Cnksr3","GSM2545336",3248
"AW551984","GSM2545336",670
"Hykk","GSM2545336",195
"Rnasel","GSM2545336",154
"Shc1","GSM2545336",592
"Ppp1r12c","GSM2545336",4128
"Syne4","GSM2545336",333
"Arrdc2","GSM2545336",1520
"Usp28","GSM2545336",2000
"Slfn4","GSM2545336",11
"Pomt2","GSM2545336",1367
"Gm10432","GSM2545336",178
"Cngb1","GSM2545336",26
"Dot1l","GSM2545336",6088
"Gmnn","GSM2545336",148
"Ccdc160","GSM2545336",96
"Ptpn5","GSM2545336",1193
"Mal2","GSM2545336",563
"Arap3","GSM2545336",285
"Mib2","GSM2545336",2689
"Itgb1bp2","GSM2545336",62
"Stk32b","GSM2545336",104
"Dgkb","GSM2545336",1291
"Pcgf6","GSM2545336",1031
"Serinc2","GSM2545336",719
"Arhgef37","GSM2545336",930
"Ltf","GSM2545336",26
"Timp2","GSM2545336",6154
"Snora41","GSM2545336",20
"F3","GSM2545336",3495
"Tgfbi","GSM2545336",274
"Rab44","GSM2545336",5
"Lclat1","GSM2545336",1001
"Arid5b","GSM2545336",2111
"Col25a1","GSM2545336",521
"Inpp5b","GSM2545336",2670
"Dhfr","GSM2545336",391
"Phkg2","GSM2545336",2124
"Bcl11a","GSM2545336",625
"Nr2f1","GSM2545336",1867
"Trhr","GSM2545336",83
"Msc","GSM2545336",14
"Mndal","GSM2545336",113
"Pou3f2","GSM2545336",949
"Gm9962","GSM2545336",30
"Atg16l2","GSM2545336",897
"Gm16425","GSM2545336",10
"Ap1m1","GSM2545336",2045
"Trpv3","GSM2545336",40
"Inpp5k","GSM2545336",3136
"D11Wsu47e","GSM2545336",220
"Fkbp1b","GSM2545336",318
"Syvn1","GSM2545336",2092
"Aldh3a2","GSM2545336",3057
"Dtd2","GSM2545336",362
"Pcdh19","GSM2545336",470
"Gm5526","GSM2545336",14
"Nsun5","GSM2545336",624
"Hrh2","GSM2545336",285
"Lmbr1l","GSM2545336",604
"Pkn1","GSM2545336",1295
"Nptx2","GSM2545336",131
"Ctxn1","GSM2545336",366
"Rp1","GSM2545336",2
"Gm7357","GSM2545336",3
"Mrpl15","GSM2545336",1269
"Lypla1","GSM2545336",2426
"Tcea1","GSM2545336",4019
"Gm6104","GSM2545336",2
"Atp6v1h","GSM2545336",5419
"Oprk1","GSM2545336",116
"Npbwr1","GSM2545336",12
"Rb1cc1","GSM2545336",6613
"Gm2147","GSM2545336",1
"Gm26901","GSM2545336",2
"Sntg1","GSM2545336",546
"Gm6187","GSM2545336",2
"Rrs1","GSM2545336",886
"Mcmdc2","GSM2545336",49
"Snhg6","GSM2545336",356
"Snord87","GSM2545336",2
"Tcf24","GSM2545336",13
"Ppp1r42","GSM2545336",20
"Arfgef1","GSM2545336",6204
"Cpa6","GSM2545336",5
"Ncoa2","GSM2545336",5292
"Tram1","GSM2545336",1935
"Gm5523","GSM2545336",1
"Eya1","GSM2545336",412
"Smt3h2-ps4","GSM2545336",1
"Trpa1","GSM2545336",7
"Gm10566","GSM2545336",7
"Terf1","GSM2545336",706
"Rdh10","GSM2545336",948
"Stau2","GSM2545336",4424
"Ly96","GSM2545336",30
"Jph1","GSM2545336",1519
"Gdap1","GSM2545336",6312
"Rbm6-ps1","GSM2545336",10
"Pi15","GSM2545336",38
"Gm28154","GSM2545336",22
"Gm16070","GSM2545336",8
"Gm15825","GSM2545336",5
"Tfap2d","GSM2545336",269
"Tfap2b","GSM2545336",2522
"Pkhd1","GSM2545336",2
"Mir133b","GSM2545336",4
"Il17f","GSM2545336",6
"Paqr8","GSM2545336",20798
"Tram2","GSM2545336",18
"Gm7658","GSM2545336",11
"Gm7761","GSM2545336",6
"Mir30c-2","GSM2545336",9
"Ogfrl1","GSM2545336",11066
"Smap1","GSM2545336",3778
"Fam135a","GSM2545336",3344
"Col19a1","GSM2545336",1092
"Lmbrd1","GSM2545336",11138
"Gm20172","GSM2545336",0
"Gm29214","GSM2545336",3
"Gm7846","GSM2545336",11
"Gm5525","GSM2545336",20
"Phf3","GSM2545336",4748
"Khdrbs2","GSM2545336",285
"Gm5415","GSM2545336",1
"Zfp451","GSM2545336",1365
"Gm15455","GSM2545336",13
"Bend6","GSM2545336",10373
"Ptpn18","GSM2545336",51
"Cfc1","GSM2545336",4
"Amer3","GSM2545336",2397
"Fam168b","GSM2545336",13578
"Gm33222","GSM2545336",8
"Kansl3","GSM2545336",4178
"Fer1l5","GSM2545336",2
"Cnnm4","GSM2545336",1234
"Sema4c","GSM2545336",1149
"Cox5b","GSM2545336",6761
"Zap70","GSM2545336",36
"Tmem131","GSM2545336",3644
"Cnga3","GSM2545336",5
"Unc50","GSM2545336",1693
"Lipt1","GSM2545336",125
"Mrpl30","GSM2545336",1347
"Lyg2","GSM2545336",5
"Txndc9","GSM2545336",2140
"Eif5b","GSM2545336",6131
"Gm16150","GSM2545336",10
"Gm16152","GSM2545336",1
"Pdcl3","GSM2545336",1329
"Rpl31","GSM2545336",3522
"Tbc1d8","GSM2545336",1747
"Cnot11","GSM2545336",1764
"Snord89","GSM2545336",18
"Rnf149","GSM2545336",1233
"Rfx8","GSM2545336",7
"Gm16894","GSM2545336",27
"Il1rl2","GSM2545336",25
"Il1rl1","GSM2545336",17
"Il18r1","GSM2545336",1
"Slc9a4","GSM2545336",13
"Mfsd9","GSM2545336",168
"Tmem182","GSM2545336",13
"Gm28175","GSM2545336",25
"Pantr1","GSM2545336",318
"Pou3f3","GSM2545336",1808
"Pantr2","GSM2545336",38
"Mrps9","GSM2545336",1421
"Gpr45","GSM2545336",135
"Tgfbrap1","GSM2545336",2835
"Fhl2","GSM2545336",153
"Nck2","GSM2545336",827
"Uxs1","GSM2545336",1599
"Gm16103","GSM2545336",0
"Tpp2","GSM2545336",3453
"Tex30","GSM2545336",284
"Bivm","GSM2545336",1145
"Gulp1","GSM2545336",280
"Wdr75","GSM2545336",1341
"Dnah7b","GSM2545336",606
"Gm4852","GSM2545336",4
"Gm8337","GSM2545336",19
"Nabp1","GSM2545336",440
"Gm17767","GSM2545336",2
"Myo1b","GSM2545336",990
"Stat4","GSM2545336",12
"Stat1","GSM2545336",1772
"Gls","GSM2545336",14726
"Rps27a-ps1","GSM2545336",5
"Gm28178","GSM2545336",2
"Inpp1","GSM2545336",3831
"Mstn","GSM2545336",31
"Asnsd1","GSM2545336",911
"Gtf3c3","GSM2545336",1220
"Pgap1","GSM2545336",2015
"Gm19637","GSM2545336",3
"Ankrd44","GSM2545336",818
"Sf3b1","GSM2545336",18460
"Gm6822","GSM2545336",14
"Boll","GSM2545336",15
"Gm8292","GSM2545336",14
"Plcl1","GSM2545336",1571
"Gm6644","GSM2545336",2
"Satb2","GSM2545336",26
"BC055402","GSM2545336",2
"Tyw5","GSM2545336",609
"Spats2l","GSM2545336",412
"Aox4","GSM2545336",7
"Aox2","GSM2545336",7
"Bzw1","GSM2545336",9692
"Clk1","GSM2545336",8661
"Ppil3","GSM2545336",437
"Nif3l1","GSM2545336",819
"Cflar","GSM2545336",1403
"Casp8","GSM2545336",83
"Stradb","GSM2545336",1180
"Tmem237","GSM2545336",1011
"Cdk15","GSM2545336",9
"Fzd7","GSM2545336",2540
"Sumo1","GSM2545336",3701
"Fam117b","GSM2545336",4736
"Wdr12","GSM2545336",1306
"Nbeal1","GSM2545336",1177
"Abi2","GSM2545336",5627
"Cd28","GSM2545336",68
"Gm11581","GSM2545336",3
"Icos","GSM2545336",2
"Nrp2","GSM2545336",512
"Gm4208","GSM2545336",4
"Ndufs1","GSM2545336",8672
"Eef1b2","GSM2545336",4522
"Gpr1","GSM2545336",17
"Gm11605","GSM2545336",5
"Adam23","GSM2545336",8389
"Dytn","GSM2545336",1
"Mdh1b","GSM2545336",24
"Gm13748","GSM2545336",4
"Ccnyl1","GSM2545336",557
"Plekhm3","GSM2545336",2149
"Rpl10a-ps1","GSM2545336",31
"Cryga","GSM2545336",2
"Pikfyve","GSM2545336",2738
"Map2","GSM2545336",25843
"Unc80","GSM2545336",19726
"Kansl1l","GSM2545336",1346
"Acadl","GSM2545336",2285
"Gm15793","GSM2545336",0
"Spag16","GSM2545336",120
"Bard1","GSM2545336",18
"Abca12","GSM2545336",5
"Atic","GSM2545336",1139
"Fn1","GSM2545336",3287
"Gm5256","GSM2545336",2
"Tmem169","GSM2545336",784
"Xrcc5","GSM2545336",890
"Smarcal1","GSM2545336",3198
"Igfbp2","GSM2545336",1946
"Gm29183","GSM2545336",5
"Rufy4","GSM2545336",2
"Cxcr2","GSM2545336",3
"Arpc2","GSM2545336",4942
"Aamp","GSM2545336",5621
"Tmbim1","GSM2545336",2125
"Catip","GSM2545336",95
"Zfp142","GSM2545336",1807
"Rnf25","GSM2545336",1500
"Ttll4","GSM2545336",2016
"Prkag3","GSM2545336",23
"Gm29539","GSM2545336",3
"Wnt10a","GSM2545336",17
"Ihh","GSM2545336",10
"Slc23a3","GSM2545336",7
"Zfand2b","GSM2545336",469
"Ankzf1","GSM2545336",1069
"Glb1l","GSM2545336",376
"Ptprn","GSM2545336",6396
"Des","GSM2545336",74
"Asic4","GSM2545336",211
"Chpf","GSM2545336",2459
"Obsl1","GSM2545336",775
"Stk11ip","GSM2545336",1096
"Slc4a3","GSM2545336",3968
"Epha4","GSM2545336",1223
"Pax3","GSM2545336",368
"Mogat1","GSM2545336",6
"Kcne4","GSM2545336",64
"Gm5830","GSM2545336",19
"Scg2","GSM2545336",10063
"Mrpl44","GSM2545336",957
"Gm5529","GSM2545336",22
"Fam124b","GSM2545336",0
"Cul3","GSM2545336",9382
"Nyap2","GSM2545336",1342
"Rhbdd1","GSM2545336",605
"Col4a4","GSM2545336",91
"Col4a3","GSM2545336",64
"Mff","GSM2545336",8414
"Daw1","GSM2545336",29
"Trip12","GSM2545336",8825
"Fbxo36","GSM2545336",121
"Slc16a14","GSM2545336",242
"Gm15433","GSM2545336",3
"Rpl19-ps1","GSM2545336",5
"Sp110","GSM2545336",44
"Sp140","GSM2545336",36
"Sp100","GSM2545336",204
"Cab39","GSM2545336",9797
"Gpr55","GSM2545336",3
"Spata3","GSM2545336",13
"Htr2b","GSM2545336",1
"Armc9","GSM2545336",854
"B3gnt7","GSM2545336",18
"Snora75","GSM2545336",8
"Nmur1","GSM2545336",25
"Dis3l2","GSM2545336",1001
"Gm6136","GSM2545336",23
"Ecel1","GSM2545336",100
"Prss56","GSM2545336",0
"Kcnj13","GSM2545336",368
"Inpp5d","GSM2545336",259
"Scarna6","GSM2545336",2
"Sag","GSM2545336",4
"Dgkd","GSM2545336",9867
"Gm19582","GSM2545336",56
"Usp40","GSM2545336",1501
"Ugt1a7c","GSM2545336",3
"Dnajb3","GSM2545336",36
"Mroh2a","GSM2545336",9
"Spp2","GSM2545336",9
"Gm29538","GSM2545336",4
"Glrp1","GSM2545336",2
"Sh3bp4","GSM2545336",544
"Gbx2","GSM2545336",7
"Iqca","GSM2545336",44
"Ackr3","GSM2545336",362
"Col6a3","GSM2545336",108
"Rab17","GSM2545336",3
"Ube2f","GSM2545336",1564
"Klhl30","GSM2545336",13
"Twist2","GSM2545336",6
"Hdac4","GSM2545336",2294
"Ndufa10","GSM2545336",5013
"Mir149","GSM2545336",2
"Ankmy1","GSM2545336",31
"Rnpepl1","GSM2545336",1323
"Capn10","GSM2545336",1197
"Gpr35","GSM2545336",35
"Pask","GSM2545336",221
"Hdlbp","GSM2545336",8648
"Farp2","GSM2545336",359
"Stk25","GSM2545336",6566
"Thap4","GSM2545336",629
"D2hgdh","GSM2545336",450
"Pdcd1","GSM2545336",2
"Gm7895","GSM2545336",18
"Fam174a","GSM2545336",1902
"Slco4c1","GSM2545336",16
"Panct2","GSM2545336",19
"Gm6430","GSM2545336",8
"Gin1","GSM2545336",497
"Pam","GSM2545336",2989
"Cntnap5b","GSM2545336",1100
"Cdh20","GSM2545336",1228
"Pign","GSM2545336",978
"Gm10193","GSM2545336",1
"Tnfrsf11a","GSM2545336",85
"Gm7160","GSM2545336",11
"Gm20753","GSM2545336",5
"Bcl2","GSM2545336",972
"Vps4b","GSM2545336",2508
"Serpinb5","GSM2545336",5
"Serpinb10","GSM2545336",5
"Gm8141","GSM2545336",17
"Cdh7","GSM2545336",1881
"Cdh19","GSM2545336",715
"Gm8173","GSM2545336",1
"Dsel","GSM2545336",447
"Gm6028","GSM2545336",1
"Nifk","GSM2545336",1027
"Clasp1","GSM2545336",4044
"Inhbb","GSM2545336",360
"Gm3551","GSM2545336",0
"Gm28209","GSM2545336",0
"Cfap221","GSM2545336",11
"Sctr","GSM2545336",11
"Tmem37","GSM2545336",47
"En1","GSM2545336",303
"Insig2","GSM2545336",2833
"Ccdc93","GSM2545336",1372
"Htr5b","GSM2545336",17
"Ddx18","GSM2545336",926
"Actr3","GSM2545336",7489
"Slc35f5","GSM2545336",826
"Gpr39","GSM2545336",10
"Mgat5","GSM2545336",4149
"Gm8451","GSM2545336",38
"Tmem163","GSM2545336",2437
"Acmsd","GSM2545336",4
"Zranb3","GSM2545336",207
"Gm28800","GSM2545336",4
"Rpl28-ps1","GSM2545336",21
"Mir128-1","GSM2545336",3
"Lct","GSM2545336",11
"Gm6170","GSM2545336",29
"Thsd7b","GSM2545336",68
"Gm29428","GSM2545336",1
"Cd55","GSM2545336",236
"Gm16083","GSM2545336",18
"C4bp-ps1","GSM2545336",8
"Yod1","GSM2545336",531
"Fcamr","GSM2545336",2
"Dyrk3","GSM2545336",215
"Ikbke","GSM2545336",73
"Srgap2","GSM2545336",9500
"Slc26a9","GSM2545336",0
"Pm20d1","GSM2545336",224
"Rab29","GSM2545336",225
"Cdk18","GSM2545336",775
"Gm29695","GSM2545336",178
"Lemd1","GSM2545336",22
"Gm7241","GSM2545336",2
"Klhdc8a","GSM2545336",864
"Lrrn2","GSM2545336",4030
"Gm29257","GSM2545336",4
"Gm28609","GSM2545336",4
"Plekha6","GSM2545336",5453
"Ren1","GSM2545336",6
"Sox13","GSM2545336",342
"Zbed6","GSM2545336",1359
"Lax1","GSM2545336",4
"Optc","GSM2545336",62
"Prelp","GSM2545336",1286
"Gm8618","GSM2545336",3
"Mybph","GSM2545336",37
"Myog","GSM2545336",0
"Ppfia4","GSM2545336",9578
"Tmem183a","GSM2545336",3232
"Kdm5b","GSM2545336",2245
"Ppp1r12b","GSM2545336",3648
"Ube2t","GSM2545336",61
"Ptprv","GSM2545336",11
"Timm17a","GSM2545336",1965
"Csrp1","GSM2545336",10926
"Tnni1","GSM2545336",137
"Lad1","GSM2545336",38
"Pkp1","GSM2545336",4
"Ascl5","GSM2545336",1
"Cacna1s","GSM2545336",44
"Gm15850","GSM2545336",0
"Kif21b","GSM2545336",1551
"Camsap2","GSM2545336",8687
"Kif14","GSM2545336",15
"Gm29485","GSM2545336",2
"Gm19705","GSM2545336",28
"Mif-ps1","GSM2545336",4
"Nr5a2","GSM2545336",5
"Ptprc","GSM2545336",106
"Lhx9","GSM2545336",489
"Dennd1b","GSM2545336",1069
"Crb1","GSM2545336",18
"Zbtb41","GSM2545336",1752
"Cfhr2","GSM2545336",0
"Gm5837","GSM2545336",9
"Kcnt2","GSM2545336",100
"Gm5835","GSM2545336",40
"Cdc73","GSM2545336",945
"B3galt2","GSM2545336",1103
"Glrx2","GSM2545336",2373
"Rgs1","GSM2545336",6
"Gm7266","GSM2545336",5
"Rgs18","GSM2545336",10
"Brinp3","GSM2545336",982
"Ptgs2os","GSM2545336",1
"Ptgs2","GSM2545336",68
"Tpr","GSM2545336",7180
"Swt1","GSM2545336",761
"Mir7682","GSM2545336",2
"Rnf2","GSM2545336",1830
"Gm36527","GSM2545336",3
"Edem3","GSM2545336",4035
"Tsen15","GSM2545336",686
"Colgalt2","GSM2545336",143
"Rgl1","GSM2545336",1598
"Arpc5","GSM2545336",2571
"Ncf2","GSM2545336",90
"Nmnat2","GSM2545336",10452
"Lamc2","GSM2545336",76
"Dhx9","GSM2545336",7333
"Rgs16","GSM2545336",740
"Rgsl1","GSM2545336",17
"Zfp648","GSM2545336",7
"Gm9530","GSM2545336",8
"Stx6","GSM2545336",2093
"Xpr1","GSM2545336",4769
"Gm5532","GSM2545336",12
"Acbd6","GSM2545336",1034
"Lhx4","GSM2545336",17
"Cep350","GSM2545336",3506
"Fam163a","GSM2545336",79
"Tdrd5","GSM2545336",81
"Nphs2","GSM2545336",14
"Gm2000","GSM2545336",14
"Soat1","GSM2545336",839
"Abl2","GSM2545336",2392
"Fam20b","GSM2545336",3917
"Ralgps2","GSM2545336",2237
"Angptl1","GSM2545336",12
"Rasal2","GSM2545336",3083
"Brinp2","GSM2545336",1336
"Gm4953","GSM2545336",4
"Gm31256","GSM2545336",1
"Rabgap1l","GSM2545336",6576
"Gm6177","GSM2545336",0
"Rc3h1","GSM2545336",3575
"Serpinc1","GSM2545336",1
"Snord47","GSM2545336",21
"Dars2","GSM2545336",745
"Cenpl","GSM2545336",111
"Fasl","GSM2545336",14
"Dnm3","GSM2545336",11240
"Dnm3os","GSM2545336",5
"Prrc2c","GSM2545336",7798
"Fmo2","GSM2545336",441
"Mettl11b","GSM2545336",6
"BC055324","GSM2545336",112
"Sele","GSM2545336",1
"Selp","GSM2545336",1
"F5","GSM2545336",830
"Nme7","GSM2545336",531
"Atp1b1","GSM2545336",69860
"Gm26685","GSM2545336",1
"Dpt","GSM2545336",3
"Gm20743","GSM2545336",221
"Sft2d2","GSM2545336",1394
"Tiprl","GSM2545336",2203
"Rcsd1","GSM2545336",232
"Gm32999","GSM2545336",3
"Dusp27","GSM2545336",18
"Mael","GSM2545336",6
"Gm16418","GSM2545336",6
"Gm16701","GSM2545336",190
"Aldh9a1","GSM2545336",1851
"Mgst3","GSM2545336",1984
"Lrrc52","GSM2545336",3
"Rxrg","GSM2545336",69
"Lmx1a","GSM2545336",113
"Pbx1","GSM2545336",4862
"Asl","GSM2545337",361
"Apod","GSM2545337",10347
"Cyp2d22","GSM2545337",1616
"Klk6","GSM2545337",629
"Fcrls","GSM2545337",233
"Slc2a4","GSM2545337",231
"Exd2","GSM2545337",2288
"Gjc2","GSM2545337",595
"Plp1","GSM2545337",101241
"Gnb4","GSM2545337",1791
"Tnc","GSM2545337",666
"Trf","GSM2545337",15622
"Tubb2b","GSM2545337",3753
"Fads1","GSM2545337",7157
"Lxn","GSM2545337",2442
"Prr18","GSM2545337",2102
"Cmtm5","GSM2545337",1938
"Enpp1","GSM2545337",643
"Clic4","GSM2545337",7949
"Tm6sf2","GSM2545337",129
"Slc20a2","GSM2545337",4578
"Itih3","GSM2545337",2427
"Ptn","GSM2545337",6718
"Prodh","GSM2545337",1130
"Msantd1","GSM2545337",170
"Ugt8a","GSM2545337",4473
"Fbln5","GSM2545337",432
"Trp53inp2","GSM2545337",11910
"Slc7a3","GSM2545337",327
"Dnase1l2","GSM2545337",352
"Icosl","GSM2545337",425
"Rmnd1","GSM2545337",1054
"Tssk5","GSM2545337",64
"Pycr1","GSM2545337",68
"Pla2g3","GSM2545337",109
"Vmn2r1","GSM2545337",36
"Gm29797","GSM2545337",105
"Phyhd1","GSM2545337",789
"Gpr146","GSM2545337",763
"Mag","GSM2545337",7239
"Tufm","GSM2545337",1852
"Igdcc4","GSM2545337",2461
"Gm10654","GSM2545337",114
"Ncmap","GSM2545337",37
"Etv4","GSM2545337",342
"Fabp7","GSM2545337",550
"Cpsf4l","GSM2545337",78
"Hexa","GSM2545337",1299
"Mfge8","GSM2545337",1817
"Ccdc136","GSM2545337",3450
"Glul","GSM2545337",44313
"Hopx","GSM2545337",5498
"Pigq","GSM2545337",3540
"Vps11","GSM2545337",2363
"Proca1","GSM2545337",245
"Fbxl22","GSM2545337",282
"Sfxn5","GSM2545337",9404
"Hexim2","GSM2545337",390
"Agt","GSM2545337",3175
"Rlbp1","GSM2545337",369
"Jam2","GSM2545337",3760
"Lcat","GSM2545337",2316
"Oxct1","GSM2545337",14870
"Cacna1e","GSM2545337",11476
"Fa2h","GSM2545337",1913
"Plxnb3","GSM2545337",993
"Lman2l","GSM2545337",1278
"Dpy19l1","GSM2545337",2378
"Kctd21","GSM2545337",750
"Thra","GSM2545337",9154
"Dok3","GSM2545337",127
"Sult1a1","GSM2545337",564
"Rpe","GSM2545337",1309
"Acrbp","GSM2545337",341
"Slc2a9","GSM2545337",50
"Emp2","GSM2545337",1189
"Aipl1","GSM2545337",8
"Uri1","GSM2545337",1909
"Bcs1l","GSM2545337",405
"Rbm3","GSM2545337",4745
"Tra2a","GSM2545337",4282
"Prex1","GSM2545337",5205
"Josd2","GSM2545337",1209
"Tmco3","GSM2545337",1427
"Srebf1","GSM2545337",1548
"Acer2","GSM2545337",300
"Tsga10","GSM2545337",382
"Cyp3a13","GSM2545337",57
"Relt","GSM2545337",430
"Nrep","GSM2545337",37493
"Slc14a1","GSM2545337",1497
"Pnpla2","GSM2545337",944
"Map6d1","GSM2545337",2084
"Ier5","GSM2545337",652
"Bfsp2","GSM2545337",132
"Idi1","GSM2545337",723
"Kat2b","GSM2545337",5163
"Rmdn3","GSM2545337",4730
"Eif4b","GSM2545337",7637
"Grm4","GSM2545337",13333
"Pink1","GSM2545337",13434
"Mettl16","GSM2545337",1108
"Fam193b","GSM2545337",2403
"Rtca","GSM2545337",1183
"Fgfbp1","GSM2545337",49
"Pigs","GSM2545337",2372
"Cfp","GSM2545337",701
"Desi1","GSM2545337",5793
"Gbp4","GSM2545337",108
"Nid1","GSM2545337",1521
"Armcx5","GSM2545337",513
"Cryab","GSM2545337",3166
"Prss53","GSM2545337",133
"Car4","GSM2545337",5109
"Gm6277","GSM2545337",211
"Amt","GSM2545337",1075
"Zc3h6","GSM2545337",985
"Aqp4","GSM2545337",21344
"Tmem198b","GSM2545337",774
"Abi3bp","GSM2545337",1144
"Xpa","GSM2545337",336
"Aldh6a1","GSM2545337",3643
"Adam1a","GSM2545337",580
"Dynlt1a","GSM2545337",521
"Gatm","GSM2545337",4248
"H2-Q4","GSM2545337",122
"Nras","GSM2545337",1818
"Pla2g4e","GSM2545337",260
"Lpar1","GSM2545337",2075
"Il12rb1","GSM2545337",59
"Enpp6","GSM2545337",799
"Ermn","GSM2545337",4519
"Marcksl1","GSM2545337",1257
"Ubqln4","GSM2545337",3045
"Glt8d1","GSM2545337",1176
"Ddx25","GSM2545337",1153
"Gpr17","GSM2545337",1250
"Cat","GSM2545337",2088
"Wwox","GSM2545337",761
"Phkg1","GSM2545337",625
"Ppp1r3f","GSM2545337",734
"Mrpl35","GSM2545337",1172
"Nudt9","GSM2545337",1261
"Lypd6","GSM2545337",1190
"Spice1","GSM2545337",644
"Tuba8","GSM2545337",1355
"Spon1","GSM2545337",3615
"Nfya","GSM2545337",1003
"Sc5d","GSM2545337",4371
"Aldh18a1","GSM2545337",878
"Ebp","GSM2545337",1108
"Srr","GSM2545337",3027
"Gm14827","GSM2545337",277
"Gm31135","GSM2545337",78
"Adam17","GSM2545337",1191
"Slc39a2","GSM2545337",608
"Snn","GSM2545337",3899
"Hnrnpc","GSM2545337",9169
"Srbd1","GSM2545337",505
"Ptp4a1","GSM2545337",1556
"Tppp","GSM2545337",11493
"Stac3","GSM2545337",127
"Emid1","GSM2545337",445
"Cotl1","GSM2545337",2787
"Ovgp1","GSM2545337",456
"Ssx2ip","GSM2545337",2909
"Hsd3b7","GSM2545337",662
"Kazald1","GSM2545337",152
"Omd","GSM2545337",147
"Bcas1","GSM2545337",6436
"Gm9925","GSM2545337",220
"Dleu2","GSM2545337",399
"Chil3","GSM2545337",25
"Deaf1","GSM2545337",1772
"Dusp19","GSM2545337",337
"Gkn3","GSM2545337",115
"Pllp","GSM2545337",1458
"Sox2ot","GSM2545337",887
"Ntf3","GSM2545337",249
"Lum","GSM2545337",247
"Gm20751","GSM2545337",51
"Thnsl2","GSM2545337",114
"Slc2a4rg-ps","GSM2545337",385
"Agpat5","GSM2545337",4041
"Mdk","GSM2545337",791
"Penk","GSM2545337",2804
"Cirbp","GSM2545337",1652
"Aloxe3","GSM2545337",301
"Nudt5","GSM2545337",582
"Serpinb1a","GSM2545337",470
"Mt1","GSM2545337",6909
"Fgfr3","GSM2545337",3509
"Myo1d","GSM2545337",704
"Cd99l2","GSM2545337",3163
"C2cd2","GSM2545337",887
"Brsk2","GSM2545337",5511
"Mrrf","GSM2545337",518
"Snhg4","GSM2545337",195
"Hmgcs1","GSM2545337",7434
"Stk17b","GSM2545337",4647
"Cyp51","GSM2545337",2615
"Gria4","GSM2545337",26928
"Ttyh1","GSM2545337",20980
"Slc13a1","GSM2545337",161
"Phf7","GSM2545337",131
"Get4","GSM2545337",1077
"Gstm1","GSM2545337",7281
"Fbxo31","GSM2545337",2233
"Padi2","GSM2545337",1199
"Gnmt","GSM2545337",140
"Paip2b","GSM2545337",3492
"Slc17a9","GSM2545337",12
"Vopp1","GSM2545337",1660
"Ogdhl","GSM2545337",3551
"Dcaf12","GSM2545337",2747
"Rorc","GSM2545337",772
"Cp","GSM2545337",1305
"Jade2","GSM2545337",1744
"Nbl1","GSM2545337",2033
"Hsph1","GSM2545337",6370
"Serf2","GSM2545337",3747
"Rasgef1a","GSM2545337",3120
"Prrg1","GSM2545337",573
"Etnppl","GSM2545337",4713
"Cyp4f15","GSM2545337",145
"Ankrd29","GSM2545337",1206
"Gm27252","GSM2545337",40
"Kctd2","GSM2545337",2282
"Iigp1","GSM2545337",70
"Ak4","GSM2545337",5104
"Idh2","GSM2545337",1048
"Camkk1","GSM2545337",2099
"Rftn2","GSM2545337",1327
"Igtp","GSM2545337",119
"Bche","GSM2545337",441
"Marcks","GSM2545337",6999
"Pabpc4","GSM2545337",772
"Pmp22","GSM2545337",1387
"Car14","GSM2545337",651
"Serpinh1","GSM2545337",1231
"Ppp1r13b","GSM2545337",2380
"Tfrc","GSM2545337",5805
"Smox","GSM2545337",1828
"Tjap1","GSM2545337",765
"Msmo1","GSM2545337",2025
"Slc26a8","GSM2545337",86
"Eml3","GSM2545337",778
"Csf2ra","GSM2545337",394
"Rnf141","GSM2545337",3342
"Slc25a16","GSM2545337",1239
"Echdc1","GSM2545337",1554
"Eid2b","GSM2545337",633
"Piga","GSM2545337",569
"Ccdc149","GSM2545337",886
"Car15","GSM2545337",585
"Eny2","GSM2545337",2313
"Mroh1","GSM2545337",3202
"Pcyox1l","GSM2545337",651
"Ankrd39","GSM2545337",306
"Timeless","GSM2545337",267
"Sparc","GSM2545337",36311
"Slc7a10","GSM2545337",1453
"Ppp1r2","GSM2545337",4143
"Psmf1","GSM2545337",1002
"Adat1","GSM2545337",259
"Slc6a12","GSM2545337",162
"Snhg3","GSM2545337",151
"Prg4","GSM2545337",366
"Plod1","GSM2545337",992
"Whamm","GSM2545337",755
"Ttpa","GSM2545337",566
"Thbs3","GSM2545337",172
"Gltp","GSM2545337",1545
"Pex6","GSM2545337",1502
"Aim2","GSM2545337",132
"Ednrb","GSM2545337",5946
"Nuf2","GSM2545337",148
"Mog","GSM2545337",3244
"Ccl27a","GSM2545337",1681
"Tac4","GSM2545337",14
"Snhg8","GSM2545337",293
"Ak6","GSM2545337",321
"Kctd20","GSM2545337",2874
"Itgb4","GSM2545337",613
"Zfp810","GSM2545337",439
"Gm33489","GSM2545337",171
"Gna12","GSM2545337",1662
"Cyp4v3","GSM2545337",630
"Pkp4","GSM2545337",10377
"Agpat1","GSM2545337",2315
"Gipr","GSM2545337",15
"Edn3","GSM2545337",318
"Prr15","GSM2545337",30
"Traf1","GSM2545337",207
"Pim2","GSM2545337",1251
"Lrrc8a","GSM2545337",2956
"Erp44","GSM2545337",1938
"Tmem33","GSM2545337",6353
"Fen1","GSM2545337",493
"Tfap4","GSM2545337",257
"Lman2","GSM2545337",3031
"Senp8","GSM2545337",278
"Alg14","GSM2545337",751
"Ddah1","GSM2545337",4155
"Pomt1","GSM2545337",542
"Rab3b","GSM2545337",331
"Lrrc29","GSM2545337",51
"Nqo1","GSM2545337",345
"Gpr137b","GSM2545337",495
"Pcif1","GSM2545337",2029
"Qdpr","GSM2545337",4943
"Dcdc2b","GSM2545337",240
"Rap2a","GSM2545337",2762
"Cnpy4","GSM2545337",535
"Wdr41","GSM2545337",1468
"Gm20627","GSM2545337",31
"Mmaa","GSM2545337",1459
"Gm13562","GSM2545337",31
"Cd70","GSM2545337",30
"Itm2a","GSM2545337",2248
"Avil","GSM2545337",47
"Zscan22","GSM2545337",535
"Itgb3","GSM2545337",89
"Col11a2","GSM2545337",500
"Apoc1","GSM2545337",51
"Tmeff2","GSM2545337",2234
"Tyro3","GSM2545337",5668
"Ift22","GSM2545337",1110
"Mtmr7","GSM2545337",2225
"Gabrr2","GSM2545337",58
"Ube2v2","GSM2545337",1963
"C77080","GSM2545337",874
"Elovl5","GSM2545337",4446
"Serinc5","GSM2545337",2913
"Pyroxd2","GSM2545337",182
"Ypel2","GSM2545337",2188
"Parp3","GSM2545337",297
"Xpo1","GSM2545337",6065
"Polr2a","GSM2545337",4123
"Tspyl4","GSM2545337",26309
"Irgm1","GSM2545337",244
"Cep131","GSM2545337",598
"Sema4d","GSM2545337",3869
"Gbp6","GSM2545337",135
"Zfp119b","GSM2545337",174
"Eps15","GSM2545337",14052
"Pxmp2","GSM2545337",187
"Tomm40l","GSM2545337",1725
"Atat1","GSM2545337",1038
"Chrac1","GSM2545337",309
"Mrpl24","GSM2545337",1479
"Ipo9","GSM2545337",6337
"Actg1","GSM2545337",7139
"Noxred1","GSM2545337",98
"Gm20501","GSM2545337",74
"H2-K1","GSM2545337",781
"Lig1","GSM2545337",492
"Morn2","GSM2545337",247
"Dcakd","GSM2545337",1053
"Nop14","GSM2545337",992
"Bbs1","GSM2545337",1389
"Tada2b","GSM2545337",1074
"Gal3st1","GSM2545337",299
"Xpc","GSM2545337",622
"Irf2bp2","GSM2545337",2789
"Spns2","GSM2545337",1731
"Pole","GSM2545337",84
"Fam78b","GSM2545337",1689
"Ggcx","GSM2545337",853
"Anks1","GSM2545337",2134
"Pgm2","GSM2545337",3108
"Zgrf1","GSM2545337",335
"Alkbh3","GSM2545337",396
"Dnd1","GSM2545337",60
"Lime1","GSM2545337",2050
"Trim23","GSM2545337",3692
"Abhd14a","GSM2545337",495
"Zkscan3","GSM2545337",1840
"Fam131b","GSM2545337",7325
"Elovl1","GSM2545337",645
"Trim72","GSM2545337",20
"Klhdc9","GSM2545337",68
"Iqck","GSM2545337",84
"Smim14","GSM2545337",4952
"Kcnab3","GSM2545337",1293
"Ing5","GSM2545337",461
"Cnnm3","GSM2545337",1794
"Fn3k","GSM2545337",968
"Cnp","GSM2545337",16482
"Uros","GSM2545337",598
"Eml1","GSM2545337",2686
"Lgals3","GSM2545337",63
"Gjb1","GSM2545337",650
"Dynll1","GSM2545337",2746
"Cyp2j12","GSM2545337",133
"Crip3","GSM2545337",32
"Sbk1","GSM2545337",22823
"Camkk2","GSM2545337",11304
"Setd7","GSM2545337",19472
"Btf3l4","GSM2545337",1648
"Acbd4","GSM2545337",976
"Gm16835","GSM2545337",143
"Gpr37","GSM2545337",2030
"Prr5l","GSM2545337",594
"Slain1","GSM2545337",1913
"Calr","GSM2545337",11498
"Bst1","GSM2545337",6
"Fmnl3","GSM2545337",314
"Gpr89","GSM2545337",704
"Zranb1","GSM2545337",5306
"Col27a1","GSM2545337",813
"Emc8","GSM2545337",2857
"Ormdl3","GSM2545337",2433
"Capg","GSM2545337",63
"Zbtb21","GSM2545337",1022
"Sord","GSM2545337",655
"Tsc22d1","GSM2545337",9989
"Gpld1","GSM2545337",2478
"Cdh4","GSM2545337",752
"Hkdc1","GSM2545337",50
"Ggact","GSM2545337",1028
"Zfp493","GSM2545337",207
"Mkks","GSM2545337",1392
"Gm15423","GSM2545337",57
"Npas2","GSM2545337",165
"Plin4","GSM2545337",448
"Rragc","GSM2545337",2596
"Nsun3","GSM2545337",453
"Hgsnat","GSM2545337",2383
"Acr","GSM2545337",26
"Ccdc167","GSM2545337",1326
"Thap1","GSM2545337",395
"Egfl8","GSM2545337",114
"Vps33a","GSM2545337",3729
"Igbp1","GSM2545337",1104
"Tbx6","GSM2545337",67
"Dcst2","GSM2545337",7
"Rbm28","GSM2545337",1969
"Pms1","GSM2545337",418
"Rtcb","GSM2545337",3270
"Smad9","GSM2545337",1635
"Ubxn2b","GSM2545337",984
"Rnf170","GSM2545337",1429
"Pithd1","GSM2545337",1713
"Steap3","GSM2545337",104
"Tomm20","GSM2545337",7574
"Klf15","GSM2545337",1270
"Amz2","GSM2545337",1633
"Folh1","GSM2545337",651
"Ubfd1","GSM2545337",3083
"Gpx3","GSM2545337",229
"C4b","GSM2545337",501
"Mdfi","GSM2545337",422
"Nucb2","GSM2545337",232
"Clip4","GSM2545337",1244
"Tipin","GSM2545337",515
"Amy1","GSM2545337",644
"Efhd1","GSM2545337",1485
"Smim15","GSM2545337",1970
"Zfp658","GSM2545337",763
"E2f6","GSM2545337",1749
"Lix1","GSM2545337",444
"Coq4","GSM2545337",296
"Otoa","GSM2545337",41
"Mex3a","GSM2545337",241
"Tmem132c","GSM2545337",1003
"Dclk1","GSM2545337",18467
"Eml2","GSM2545337",2397
"Glyr1","GSM2545337",7244
"Gm1976","GSM2545337",373
"Smyd3","GSM2545337",1140
"Dcaf8","GSM2545337",6675
"Lias","GSM2545337",893
"Msn","GSM2545337",2856
"Timmdc1","GSM2545337",588
"H2-Q6","GSM2545337",27
"Asic3","GSM2545337",48
"Col5a3","GSM2545337",251
"Stx3","GSM2545337",2029
"AW046200","GSM2545337",144
"Hsf1","GSM2545337",1162
"Colq","GSM2545337",134
"Rcor3","GSM2545337",1145
"Slc6a20a","GSM2545337",591
"Prps1","GSM2545337",1823
"Keap1","GSM2545337",1650
"Tap2","GSM2545337",256
"Slc16a7","GSM2545337",1766
"Eif2b3","GSM2545337",484
"Flywch1","GSM2545337",9775
"Amigo2","GSM2545337",700
"Hspd1","GSM2545337",7711
"Sost","GSM2545337",41
"Gm8615","GSM2545337",23
"Kcnk13","GSM2545337",163
"Tspyl2","GSM2545337",3887
"Spsb3","GSM2545337",1869
"Gm8493","GSM2545337",25
"Fgf22","GSM2545337",41
"Slc6a6","GSM2545337",4548
"Xist","GSM2545337",41866
"Ddx3y","GSM2545337",1
"Eif2s3y","GSM2545337",0
"Kdm5d","GSM2545337",0
"Uty","GSM2545337",0
"Eif2s3x","GSM2545337",2314
"Kdm6a","GSM2545337",3366
"Casp12","GSM2545337",284
"Ddx3x","GSM2545337",24110
"Prl2c3","GSM2545337",91
"Casp1","GSM2545337",92
"Pbdc1","GSM2545337",542
"Kdm5c","GSM2545337",5348
"Ctxn2","GSM2545337",103
"Ldoc1","GSM2545337",332
"Gpr179","GSM2545337",18
"Pou4f1","GSM2545337",14
"Tmprss3","GSM2545337",48
"Prl2c2","GSM2545337",19
"Slc35b1","GSM2545337",1255
"Myoc","GSM2545337",383
"Cartpt","GSM2545337",5
"Tchh","GSM2545337",66
"H2-Q2","GSM2545337",15
"Ascl1","GSM2545337",66
"Crhr1","GSM2545337",2277
"Gm4017","GSM2545337",16
"Impg1","GSM2545337",39
"Rxfp3","GSM2545337",22
"AI504432","GSM2545337",1085
"Mpo","GSM2545337",6
"Oxtr","GSM2545337",23
"Usp2","GSM2545337",3515
"Lor","GSM2545337",6
"Srrm4","GSM2545337",3639
"Slc35g1","GSM2545337",161
"Tceal6","GSM2545337",1087
"Dach2","GSM2545337",122
"Lgr6","GSM2545337",308
"Kcna4","GSM2545337",224
"Zfyve28","GSM2545337",2568
"Hps4","GSM2545337",702
"Ucp3","GSM2545337",80
"Mettl17","GSM2545337",674
"Atg9b","GSM2545337",33
"Usp3","GSM2545337",4478
"Acta2","GSM2545337",188
"Wdr24","GSM2545337",553
"Zw10","GSM2545337",1394
"Ubtd2","GSM2545337",2125
"Slc6a4","GSM2545337",8
"Cog1","GSM2545337",1821
"S100a9","GSM2545337",80
"Nadk","GSM2545337",2285
"Col6a1","GSM2545337",508
"Susd2","GSM2545337",236
"Fam53b","GSM2545337",2163
"Npas1","GSM2545337",10
"Rhbdf1","GSM2545337",392
"Cacnb1","GSM2545337",719
"Zfp579","GSM2545337",775
"Dtx4","GSM2545337",930
"Chrm3","GSM2545337",112
"Plcl2","GSM2545337",1676
"Ptprj","GSM2545337",3313
"Cyhr1","GSM2545337",5314
"Stx5a","GSM2545337",2087
"Smim8","GSM2545337",390
"Pappa2","GSM2545337",7
"Stbd1","GSM2545337",37
"Rln3","GSM2545337",2
"Ldlr","GSM2545337",1035
"Bmp2","GSM2545337",70
"Itga10","GSM2545337",268
"Unc45a","GSM2545337",1352
"Hap1","GSM2545337",2379
"Gm35339","GSM2545337",250
"Serpinb8","GSM2545337",108
"Tmem200c","GSM2545337",204
"Ngb","GSM2545337",56
"Myh11","GSM2545337",238
"Ass1","GSM2545337",350
"Ccdc28b","GSM2545337",1432
"Vsx2","GSM2545337",4
"Klhl1","GSM2545337",254
"Slit1","GSM2545337",129
"Rbm10","GSM2545337",2704
"Sgk1","GSM2545337",3934
"Zbtb24","GSM2545337",647
"Kif5a","GSM2545337",33237
"Alox8","GSM2545337",112
"Rgcc","GSM2545337",303
"Olfr1033","GSM2545337",71
"Lrrn4","GSM2545337",5
"Trim59","GSM2545337",877
"Pnma2","GSM2545337",315
"Arc","GSM2545337",646
"Lypd6b","GSM2545337",100
"Prkar2b","GSM2545337",779
"Gabrd","GSM2545337",4638
"Sh3gl1","GSM2545337",1456
"Rab9b","GSM2545337",972
"Slc9a2","GSM2545337",182
"Gata3","GSM2545337",16
"Rnd3","GSM2545337",546
"Tdgf1","GSM2545337",224
"Tph2","GSM2545337",36
"Gprc5c","GSM2545337",2186
"Syt16","GSM2545337",261
"Cdyl","GSM2545337",472
"St8sia2","GSM2545337",87
"Usp19","GSM2545337",5605
"Foxj2","GSM2545337",2291
"Wdfy2","GSM2545337",1637
"Fibcd1","GSM2545337",49
"Hs3st4","GSM2545337",121
"Rab27b","GSM2545337",395
"Gm4988","GSM2545337",108
"Hebp1","GSM2545337",238
"Mrgpre","GSM2545337",85
"Slc22a4","GSM2545337",2401
"Txndc11","GSM2545337",1187
"Pgr15l","GSM2545337",8
"Evpl","GSM2545337",32
"Pax7","GSM2545337",5
"Trim65","GSM2545337",149
"Gm33533","GSM2545337",24
"Otof","GSM2545337",139
"Alk","GSM2545337",38
"Acap3","GSM2545337",3142
"Erdr1","GSM2545337",331
"Kcnq5","GSM2545337",144
"Msln","GSM2545337",43
"Tbc1d20","GSM2545337",1239
"Slc16a10","GSM2545337",245
"Errfi1","GSM2545337",1808
"Nr2e1","GSM2545337",9
"Gpr149","GSM2545337",13
"Plcxd1","GSM2545337",116
"Lrch3","GSM2545337",5051
"Morc2b","GSM2545337",153
"Elfn1","GSM2545337",88
"Rnf180","GSM2545337",270
"Pcdhb8","GSM2545337",109
"Creg2","GSM2545337",340
"Erich3","GSM2545337",690
"Rpp25","GSM2545337",132
"Fgfr1","GSM2545337",5617
"Sfrp2","GSM2545337",29
"Rprm","GSM2545337",72
"Tmem120b","GSM2545337",393
"Tpra1","GSM2545337",1472
"Igsf9","GSM2545337",23
"Jakmip1","GSM2545337",763
"Hsf4","GSM2545337",113
"Pcbd1","GSM2545337",122
"Rasgrf2","GSM2545337",543
"Dgkk","GSM2545337",64
"Paxip1","GSM2545337",1659
"Smtn","GSM2545337",228
"Cmpk2","GSM2545337",513
"Drd4","GSM2545337",12
"Samd11","GSM2545337",25
"Magel2","GSM2545337",35
"Csrnp3","GSM2545337",1822
"Zfp941","GSM2545337",654
"Lrrc1","GSM2545337",578
"Tmie","GSM2545337",215
"Pcdh8","GSM2545337",112
"Glra2","GSM2545337",222
"Gpatch8","GSM2545337",4812
"Slc6a16","GSM2545337",12
"Grm7","GSM2545337",1001
"Ybx3","GSM2545337",1601
"Tenm3","GSM2545337",751
"Npffr1","GSM2545337",7
"Slc39a11","GSM2545337",310
"Otp","GSM2545337",5
"Hoga1","GSM2545337",68
"Egfl6","GSM2545337",12
"Plch2","GSM2545337",6882
"Pde11a","GSM2545337",50
"Zfp335","GSM2545337",1281
"Gpr61","GSM2545337",186
"Tox","GSM2545337",79
"Gabrr1","GSM2545337",5
"Jun","GSM2545337",2661
"Cox7b2","GSM2545337",19
"Mn1","GSM2545337",131
"Tmem130","GSM2545337",3331
"Dusp11","GSM2545337",7540
"Tmem91","GSM2545337",107
"Rbms2","GSM2545337",824
"Inpp5j","GSM2545337",4649
"Vstm2a","GSM2545337",1037
"C1qtnf2","GSM2545337",32
"Ctns","GSM2545337",1097
"Smarcd2","GSM2545337",2285
"Dbpht2","GSM2545337",91
"Ltbp2","GSM2545337",1109
"Drd1","GSM2545337",25
"Dact2","GSM2545337",132
"E4f1","GSM2545337",924
"Zfp598","GSM2545337",1885
"Zcchc12","GSM2545337",652
"Zfp263","GSM2545337",1132
"Tspyl3","GSM2545337",479
"Arhgap10","GSM2545337",659
"Plxnb2","GSM2545337",5213
"Doc2a","GSM2545337",82
"Tmem29","GSM2545337",510
"Dpf2","GSM2545337",2540
"Foxl2os","GSM2545337",31
"Slc47a1","GSM2545337",344
"Nap1l5","GSM2545337",18287
"Mapk7","GSM2545337",882
"Grem2","GSM2545337",132
"Pcdh10","GSM2545337",1839
"Nol3","GSM2545337",266
"Gpr83","GSM2545337",51
"Nrsn2","GSM2545337",1723
"Prss16","GSM2545337",25
"Pcdh18","GSM2545337",159
"Emx2","GSM2545337",4
"Ccdc81","GSM2545337",64
"Rwdd2a","GSM2545337",268
"Mpped1","GSM2545337",210
"Galnt7","GSM2545337",2102
"S100a8","GSM2545337",63
"Mau2","GSM2545337",4617
"Ptpn23","GSM2545337",2061
"Sstr1","GSM2545337",125
"Wdfy4","GSM2545337",32
"Anxa3","GSM2545337",324
"C3","GSM2545337",45
"Tead4","GSM2545337",239
"Clvs2","GSM2545337",287
"Gaa","GSM2545337",5783
"Zfp219","GSM2545337",4812
"Bves","GSM2545337",17
"Tmem161a","GSM2545337",770
"Unc5d","GSM2545337",592
"Cd180","GSM2545337",33
"Scml4","GSM2545337",24
"Stk38","GSM2545337",2040
"Sox17","GSM2545337",239
"Srsf9","GSM2545337",1271
"Herpud1","GSM2545337",2708
"Hmbs","GSM2545337",415
"Gm2824","GSM2545337",53
"Mir1901","GSM2545337",45
"Adamts19","GSM2545337",12
"Zfp36l1","GSM2545337",1446
"Impact","GSM2545337",6706
"Trmt6","GSM2545337",1479
"Plekhm1","GSM2545337",1597
"Basp1","GSM2545337",1037
"Grid1","GSM2545337",937
"Zdbf2","GSM2545337",639
"Tal1","GSM2545337",76
"Raf1","GSM2545337",3679
"Pgpep1l","GSM2545337",19
"Fzd4","GSM2545337",968
"Tfdp1","GSM2545337",1806
"Pdzrn4","GSM2545337",72
"Ier3","GSM2545337",349
"Mir378a","GSM2545337",11
"Magee2","GSM2545337",93
"Plekhg2","GSM2545337",255
"Boc","GSM2545337",3332
"Ddx39b","GSM2545337",4639
"H2-T24","GSM2545337",69
"Insm1","GSM2545337",22
"Vstm5","GSM2545337",58
"Kctd4","GSM2545337",169
"Oprm1","GSM2545337",112
"Zfand6","GSM2545337",2267
"Cx3cl1","GSM2545337",2354
"Tacr3","GSM2545337",51
"Gpr4","GSM2545337",141
"Ptgis","GSM2545337",61
"Ccdc28a","GSM2545337",408
"Ido2","GSM2545337",6
"Elfn2","GSM2545337",881
"Ngp","GSM2545337",50
"Ptpro","GSM2545337",278
"Neto1","GSM2545337",214
"Col6a2","GSM2545337",407
"Fev","GSM2545337",0
"Mmab","GSM2545337",499
"Resp18","GSM2545337",555
"Amn","GSM2545337",21
"Tmem132b","GSM2545337",585
"St6gal2","GSM2545337",193
"Tbc1d25","GSM2545337",706
"Pdcd2l","GSM2545337",494
"Acot3","GSM2545337",14
"Gm5468","GSM2545337",8
"Atg16l1","GSM2545337",1738
"Rpl14-ps1","GSM2545337",35
"Glra3","GSM2545337",176
"Plekhh3","GSM2545337",1483
"Pcdhga1","GSM2545337",164
"Gm9899","GSM2545337",1155
"Eps8l1","GSM2545337",383
"Serpina3g","GSM2545337",10
"Pcdh17","GSM2545337",1564
"Riok3","GSM2545337",3338
"Dcaf12l2","GSM2545337",18
"Ankrd6","GSM2545337",472
"Dhrs11","GSM2545337",369
"Zdhhc22","GSM2545337",178
"Hmgb3","GSM2545337",436
"Mid1","GSM2545337",264
"Celf3","GSM2545337",1309
"Akap5","GSM2545337",285
"Phlda3","GSM2545337",435
"Arfgap2","GSM2545337",2882
"Gabpb1","GSM2545337",1028
"Mybpc1","GSM2545337",3051
"Nfkbia","GSM2545337",740
"Gabra3","GSM2545337",746
"Gtpbp2","GSM2545337",2050
"Ptgdr","GSM2545337",26
"Myh15","GSM2545337",37
"Ciz1","GSM2545337",1301
"Tmem62","GSM2545337",2643
"Pan3","GSM2545337",3978
"Pld3","GSM2545337",2118
"Trim3","GSM2545337",5442
"Spata2l","GSM2545337",639
"Gm2223","GSM2545337",17
"Dnah1","GSM2545337",76
"Pnoc","GSM2545337",81
"Dzank1","GSM2545337",7312
"Safb2","GSM2545337",2838
"Rnf128","GSM2545337",1021
"Jpx","GSM2545337",306
"Il16","GSM2545337",6807
"Slc26a7","GSM2545337",292
"Rspo1","GSM2545337",8
"Hcfc2","GSM2545337",1773
"Gm35315","GSM2545337",53
"Tyrp1","GSM2545337",7
"Pank4","GSM2545337",1469
"Ngef","GSM2545337",498
"Llgl1","GSM2545337",2641
"Usp12","GSM2545337",2476
"Ppp2r2d","GSM2545337",1862
"Zfp677","GSM2545337",150
"Heyl","GSM2545337",109
"Sin3b","GSM2545337",2093
"Sidt1","GSM2545337",1741
"Spin2c","GSM2545337",108
"Wasf2","GSM2545337",1211
"Tmem14a","GSM2545337",590
"Cntnap5a","GSM2545337",565
"Ccm2l","GSM2545337",110
"Sema3e","GSM2545337",807
"Il18bp","GSM2545337",387
"Slc35f1","GSM2545337",1300
"Best1","GSM2545337",14
"Pde8b","GSM2545337",628
"Htr7","GSM2545337",55
"Cfap57","GSM2545337",36
"Sgsm1","GSM2545337",3436
"Scn3b","GSM2545337",305
"Mark3","GSM2545337",3463
"Acsl5","GSM2545337",470
"Qpct","GSM2545337",161
"Iqcc","GSM2545337",553
"Noc2l","GSM2545337",2055
"Slc25a27","GSM2545337",4009
"Kdm4b","GSM2545337",2402
"Pde1b","GSM2545337",994
"Pcdha10","GSM2545337",89
"Gja5","GSM2545337",30
"Irs4","GSM2545337",20
"Mamdc4","GSM2545337",117
"Mthfd2l","GSM2545337",213
"Lrrtm1","GSM2545337",230
"Tacr1","GSM2545337",55
"Lmo3","GSM2545337",168
"Psg16","GSM2545337",838
"Abcc8","GSM2545337",1966
"Epc1","GSM2545337",2628
"Slc6a7","GSM2545337",354
"Col4a5","GSM2545337",400
"Gm8013","GSM2545337",8
"Clpx","GSM2545337",1683
"Dffb","GSM2545337",283
"Senp3","GSM2545337",2085
"Hhex","GSM2545337",51
"Per2","GSM2545337",3296
"Rnpep","GSM2545337",1261
"Ttll1","GSM2545337",662
"Ppp1r1c","GSM2545337",10
"Moxd1","GSM2545337",232
"Susd6","GSM2545337",4842
"Ighm","GSM2545337",109
"Fam131a","GSM2545337",3244
"Zfp92","GSM2545337",46
"Kirrel","GSM2545337",448
"Npsr1","GSM2545337",10
"Kcnj16","GSM2545337",1441
"Atg10","GSM2545337",262
"Vwc2l","GSM2545337",49
"Sox14","GSM2545337",20
"Zc3h3","GSM2545337",424
"Gak","GSM2545337",3853
"Tox2","GSM2545337",141
"Tenm2","GSM2545337",930
"Begain","GSM2545337",660
"Dsc3","GSM2545337",12
"Fbll1","GSM2545337",292
"Dnah7a","GSM2545337",18
"Gm3764","GSM2545337",2762
"Strip1","GSM2545337",2638
"Nmnat3","GSM2545337",23
"Lims2","GSM2545337",276
"Fam43b","GSM2545337",158
"Ccnl2","GSM2545337",7979
"Gm11627","GSM2545337",15
"Rabl2","GSM2545337",773
"Kcnj3","GSM2545337",5347
"Zfp36","GSM2545337",133
"Slc2a1","GSM2545337",4260
"Cnksr3","GSM2545337",2834
"AW551984","GSM2545337",265
"Hykk","GSM2545337",253
"Rnasel","GSM2545337",87
"Shc1","GSM2545337",402
"Ppp1r12c","GSM2545337",2710
"Syne4","GSM2545337",232
"Arrdc2","GSM2545337",455
"Usp28","GSM2545337",2588
"Slfn4","GSM2545337",4
"Pomt2","GSM2545337",1191
"Gm10432","GSM2545337",99
"Cngb1","GSM2545337",27
"Dot1l","GSM2545337",5319
"Gmnn","GSM2545337",96
"Ccdc160","GSM2545337",38
"Ptpn5","GSM2545337",638
"Mal2","GSM2545337",309
"Arap3","GSM2545337",224
"Mib2","GSM2545337",2091
"Itgb1bp2","GSM2545337",44
"Stk32b","GSM2545337",35
"Dgkb","GSM2545337",1322
"Pcgf6","GSM2545337",1076
"Serinc2","GSM2545337",661
"Arhgef37","GSM2545337",708
"Ltf","GSM2545337",25
"Timp2","GSM2545337",2991
"Snora41","GSM2545337",14
"F3","GSM2545337",1800
"Tgfbi","GSM2545337",191
"Rab44","GSM2545337",3
"Lclat1","GSM2545337",1015
"Arid5b","GSM2545337",2166
"Col25a1","GSM2545337",259
"Inpp5b","GSM2545337",2265
"Dhfr","GSM2545337",345
"Phkg2","GSM2545337",1601
"Bcl11a","GSM2545337",508
"Nr2f1","GSM2545337",1334
"Trhr","GSM2545337",39
"Msc","GSM2545337",13
"Mndal","GSM2545337",196
"Pou3f2","GSM2545337",669
"Gm9962","GSM2545337",8
"Atg16l2","GSM2545337",806
"Gm16425","GSM2545337",10
"Ap1m1","GSM2545337",1506
"Trpv3","GSM2545337",18
"Inpp5k","GSM2545337",2014
"D11Wsu47e","GSM2545337",216
"Fkbp1b","GSM2545337",251
"Syvn1","GSM2545337",1884
"Aldh3a2","GSM2545337",2564
"Dtd2","GSM2545337",241
"Pcdh19","GSM2545337",337
"Gm5526","GSM2545337",12
"Nsun5","GSM2545337",444
"Hrh2","GSM2545337",220
"Lmbr1l","GSM2545337",529
"Pkn1","GSM2545337",1034
"Nptx2","GSM2545337",63
"Ctxn1","GSM2545337",170
"Rp1","GSM2545337",2
"Gm7357","GSM2545337",0
"Mrpl15","GSM2545337",1019
"Lypla1","GSM2545337",2063
"Tcea1","GSM2545337",3259
"Gm6104","GSM2545337",1
"Atp6v1h","GSM2545337",4276
"Oprk1","GSM2545337",52
"Npbwr1","GSM2545337",6
"Rb1cc1","GSM2545337",6888
"Gm2147","GSM2545337",1
"Gm26901","GSM2545337",3
"Sntg1","GSM2545337",435
"Gm6187","GSM2545337",2
"Rrs1","GSM2545337",600
"Mcmdc2","GSM2545337",20
"Snhg6","GSM2545337",254
"Snord87","GSM2545337",1
"Tcf24","GSM2545337",6
"Ppp1r42","GSM2545337",17
"Arfgef1","GSM2545337",6363
"Cpa6","GSM2545337",1
"Ncoa2","GSM2545337",5053
"Tram1","GSM2545337",1589
"Gm5523","GSM2545337",1
"Eya1","GSM2545337",314
"Smt3h2-ps4","GSM2545337",2
"Trpa1","GSM2545337",2
"Gm10566","GSM2545337",1
"Terf1","GSM2545337",692
"Rdh10","GSM2545337",942
"Stau2","GSM2545337",3216
"Ly96","GSM2545337",32
"Jph1","GSM2545337",1500
"Gdap1","GSM2545337",5681
"Rbm6-ps1","GSM2545337",7
"Pi15","GSM2545337",36
"Gm28154","GSM2545337",10
"Gm16070","GSM2545337",5
"Gm15825","GSM2545337",1
"Tfap2d","GSM2545337",201
"Tfap2b","GSM2545337",2113
"Pkhd1","GSM2545337",7
"Mir133b","GSM2545337",4
"Il17f","GSM2545337",4
"Paqr8","GSM2545337",18857
"Tram2","GSM2545337",15
"Gm7658","GSM2545337",7
"Gm7761","GSM2545337",8
"Mir30c-2","GSM2545337",10
"Ogfrl1","GSM2545337",9589
"Smap1","GSM2545337",2942
"Fam135a","GSM2545337",3183
"Col19a1","GSM2545337",1267
"Lmbrd1","GSM2545337",9209
"Gm20172","GSM2545337",1
"Gm29214","GSM2545337",9
"Gm7846","GSM2545337",12
"Gm5525","GSM2545337",17
"Phf3","GSM2545337",5231
"Khdrbs2","GSM2545337",261
"Gm5415","GSM2545337",0
"Zfp451","GSM2545337",1404
"Gm15455","GSM2545337",2
"Bend6","GSM2545337",8214
"Ptpn18","GSM2545337",32
"Cfc1","GSM2545337",2
"Amer3","GSM2545337",1863
"Fam168b","GSM2545337",11594
"Gm33222","GSM2545337",6
"Kansl3","GSM2545337",3475
"Fer1l5","GSM2545337",4
"Cnnm4","GSM2545337",1100
"Sema4c","GSM2545337",959
"Cox5b","GSM2545337",5044
"Zap70","GSM2545337",10
"Tmem131","GSM2545337",3470
"Cnga3","GSM2545337",0
"Unc50","GSM2545337",1251
"Lipt1","GSM2545337",81
"Mrpl30","GSM2545337",981
"Lyg2","GSM2545337",16
"Txndc9","GSM2545337",1805
"Eif5b","GSM2545337",4691
"Gm16150","GSM2545337",13
"Gm16152","GSM2545337",1
"Pdcl3","GSM2545337",976
"Rpl31","GSM2545337",2392
"Tbc1d8","GSM2545337",1632
"Cnot11","GSM2545337",1245
"Snord89","GSM2545337",14
"Rnf149","GSM2545337",1039
"Rfx8","GSM2545337",7
"Gm16894","GSM2545337",29
"Il1rl2","GSM2545337",15
"Il1rl1","GSM2545337",6
"Il18r1","GSM2545337",1
"Slc9a4","GSM2545337",8
"Mfsd9","GSM2545337",136
"Tmem182","GSM2545337",6
"Gm28175","GSM2545337",12
"Pantr1","GSM2545337",222
"Pou3f3","GSM2545337",1325
"Pantr2","GSM2545337",37
"Mrps9","GSM2545337",1124
"Gpr45","GSM2545337",71
"Tgfbrap1","GSM2545337",2403
"Fhl2","GSM2545337",83
"Nck2","GSM2545337",683
"Uxs1","GSM2545337",1362
"Gm16103","GSM2545337",0
"Tpp2","GSM2545337",2961
"Tex30","GSM2545337",230
"Bivm","GSM2545337",1063
"Gulp1","GSM2545337",233
"Wdr75","GSM2545337",1199
"Dnah7b","GSM2545337",816
"Gm4852","GSM2545337",3
"Gm8337","GSM2545337",24
"Nabp1","GSM2545337",406
"Gm17767","GSM2545337",1
"Myo1b","GSM2545337",887
"Stat4","GSM2545337",6
"Stat1","GSM2545337",1398
"Gls","GSM2545337",13731
"Rps27a-ps1","GSM2545337",3
"Gm28178","GSM2545337",0
"Inpp1","GSM2545337",3548
"Mstn","GSM2545337",19
"Asnsd1","GSM2545337",706
"Gtf3c3","GSM2545337",1156
"Pgap1","GSM2545337",2378
"Gm19637","GSM2545337",0
"Ankrd44","GSM2545337",740
"Sf3b1","GSM2545337",17069
"Gm6822","GSM2545337",15
"Boll","GSM2545337",6
"Gm8292","GSM2545337",12
"Plcl1","GSM2545337",1336
"Gm6644","GSM2545337",1
"Satb2","GSM2545337",25
"BC055402","GSM2545337",3
"Tyw5","GSM2545337",463
"Spats2l","GSM2545337",356
"Aox4","GSM2545337",5
"Aox2","GSM2545337",2
"Bzw1","GSM2545337",8692
"Clk1","GSM2545337",8250
"Ppil3","GSM2545337",339
"Nif3l1","GSM2545337",675
"Cflar","GSM2545337",1261
"Casp8","GSM2545337",77
"Stradb","GSM2545337",1017
"Tmem237","GSM2545337",878
"Cdk15","GSM2545337",8
"Fzd7","GSM2545337",2093
"Sumo1","GSM2545337",2936
"Fam117b","GSM2545337",4084
"Wdr12","GSM2545337",1022
"Nbeal1","GSM2545337",2230
"Abi2","GSM2545337",4383
"Cd28","GSM2545337",55
"Gm11581","GSM2545337",1
"Icos","GSM2545337",0
"Nrp2","GSM2545337",425
"Gm4208","GSM2545337",2
"Ndufs1","GSM2545337",7042
"Eef1b2","GSM2545337",3439
"Gpr1","GSM2545337",4
"Gm11605","GSM2545337",2
"Adam23","GSM2545337",7059
"Dytn","GSM2545337",1
"Mdh1b","GSM2545337",22
"Gm13748","GSM2545337",5
"Ccnyl1","GSM2545337",468
"Plekhm3","GSM2545337",1832
"Rpl10a-ps1","GSM2545337",16
"Cryga","GSM2545337",0
"Pikfyve","GSM2545337",2930
"Map2","GSM2545337",27738
"Unc80","GSM2545337",20055
"Kansl1l","GSM2545337",1505
"Acadl","GSM2545337",1926
"Gm15793","GSM2545337",1
"Spag16","GSM2545337",121
"Bard1","GSM2545337",24
"Abca12","GSM2545337",8
"Atic","GSM2545337",869
"Fn1","GSM2545337",3171
"Gm5256","GSM2545337",1
"Tmem169","GSM2545337",669
"Xrcc5","GSM2545337",668
"Smarcal1","GSM2545337",2711
"Igfbp2","GSM2545337",1290
"Gm29183","GSM2545337",2
"Rufy4","GSM2545337",2
"Cxcr2","GSM2545337",3
"Arpc2","GSM2545337",3783
"Aamp","GSM2545337",4049
"Tmbim1","GSM2545337",1571
"Catip","GSM2545337",56
"Zfp142","GSM2545337",1683
"Rnf25","GSM2545337",1154
"Ttll4","GSM2545337",1843
"Prkag3","GSM2545337",17
"Gm29539","GSM2545337",0
"Wnt10a","GSM2545337",6
"Ihh","GSM2545337",4
"Slc23a3","GSM2545337",2
"Zfand2b","GSM2545337",335
"Ankzf1","GSM2545337",918
"Glb1l","GSM2545337",317
"Ptprn","GSM2545337",3655
"Des","GSM2545337",45
"Asic4","GSM2545337",77
"Chpf","GSM2545337",1846
"Obsl1","GSM2545337",656
"Stk11ip","GSM2545337",888
"Slc4a3","GSM2545337",3028
"Epha4","GSM2545337",986
"Pax3","GSM2545337",308
"Mogat1","GSM2545337",10
"Kcne4","GSM2545337",42
"Gm5830","GSM2545337",19
"Scg2","GSM2545337",6945
"Mrpl44","GSM2545337",736
"Gm5529","GSM2545337",10
"Fam124b","GSM2545337",3
"Cul3","GSM2545337",8215
"Nyap2","GSM2545337",1261
"Rhbdd1","GSM2545337",520
"Col4a4","GSM2545337",62
"Col4a3","GSM2545337",74
"Mff","GSM2545337",6700
"Daw1","GSM2545337",39
"Trip12","GSM2545337",7951
"Fbxo36","GSM2545337",95
"Slc16a14","GSM2545337",250
"Gm15433","GSM2545337",1
"Rpl19-ps1","GSM2545337",1
"Sp110","GSM2545337",31
"Sp140","GSM2545337",27
"Sp100","GSM2545337",114
"Cab39","GSM2545337",8292
"Gpr55","GSM2545337",6
"Spata3","GSM2545337",15
"Htr2b","GSM2545337",2
"Armc9","GSM2545337",633
"B3gnt7","GSM2545337",21
"Snora75","GSM2545337",11
"Nmur1","GSM2545337",31
"Dis3l2","GSM2545337",764
"Gm6136","GSM2545337",19
"Ecel1","GSM2545337",32
"Prss56","GSM2545337",0
"Kcnj13","GSM2545337",491
"Inpp5d","GSM2545337",168
"Scarna6","GSM2545337",1
"Sag","GSM2545337",7
"Dgkd","GSM2545337",10155
"Gm19582","GSM2545337",56
"Usp40","GSM2545337",1206
"Ugt1a7c","GSM2545337",7
"Dnajb3","GSM2545337",26
"Mroh2a","GSM2545337",13
"Spp2","GSM2545337",4
"Gm29538","GSM2545337",10
"Glrp1","GSM2545337",0
"Sh3bp4","GSM2545337",427
"Gbx2","GSM2545337",2
"Iqca","GSM2545337",32
"Ackr3","GSM2545337",245
"Col6a3","GSM2545337",90
"Rab17","GSM2545337",0
"Ube2f","GSM2545337",1317
"Klhl30","GSM2545337",5
"Twist2","GSM2545337",3
"Hdac4","GSM2545337",1761
"Ndufa10","GSM2545337",4218
"Mir149","GSM2545337",1
"Ankmy1","GSM2545337",10
"Rnpepl1","GSM2545337",930
"Capn10","GSM2545337",990
"Gpr35","GSM2545337",44
"Pask","GSM2545337",201
"Hdlbp","GSM2545337",8268
"Farp2","GSM2545337",328
"Stk25","GSM2545337",4773
"Thap4","GSM2545337",466
"D2hgdh","GSM2545337",383
"Pdcd1","GSM2545337",0
"Gm7895","GSM2545337",16
"Fam174a","GSM2545337",1403
"Slco4c1","GSM2545337",18
"Panct2","GSM2545337",17
"Gm6430","GSM2545337",7
"Gin1","GSM2545337",337
"Pam","GSM2545337",1795
"Cntnap5b","GSM2545337",1222
"Cdh20","GSM2545337",953
"Pign","GSM2545337",860
"Gm10193","GSM2545337",0
"Tnfrsf11a","GSM2545337",63
"Gm7160","GSM2545337",19
"Gm20753","GSM2545337",5
"Bcl2","GSM2545337",726
"Vps4b","GSM2545337",2181
"Serpinb5","GSM2545337",4
"Serpinb10","GSM2545337",2
"Gm8141","GSM2545337",8
"Cdh7","GSM2545337",2245
"Cdh19","GSM2545337",708
"Gm8173","GSM2545337",1
"Dsel","GSM2545337",368
"Gm6028","GSM2545337",3
"Nifk","GSM2545337",925
"Clasp1","GSM2545337",3358
"Inhbb","GSM2545337",251
"Gm3551","GSM2545337",1
"Gm28209","GSM2545337",3
"Cfap221","GSM2545337",10
"Sctr","GSM2545337",5
"Tmem37","GSM2545337",18
"En1","GSM2545337",225
"Insig2","GSM2545337",2170
"Ccdc93","GSM2545337",1483
"Htr5b","GSM2545337",11
"Ddx18","GSM2545337",779
"Actr3","GSM2545337",5866
"Slc35f5","GSM2545337",638
"Gpr39","GSM2545337",0
"Mgat5","GSM2545337",3799
"Gm8451","GSM2545337",21
"Tmem163","GSM2545337",2057
"Acmsd","GSM2545337",1
"Zranb3","GSM2545337",179
"Gm28800","GSM2545337",1
"Rpl28-ps1","GSM2545337",20
"Mir128-1","GSM2545337",4
"Lct","GSM2545337",19
"Gm6170","GSM2545337",27
"Thsd7b","GSM2545337",37
"Gm29428","GSM2545337",3
"Cd55","GSM2545337",238
"Gm16083","GSM2545337",19
"C4bp-ps1","GSM2545337",12
"Yod1","GSM2545337",666
"Fcamr","GSM2545337",4
"Dyrk3","GSM2545337",121
"Ikbke","GSM2545337",48
"Srgap2","GSM2545337",8408
"Slc26a9","GSM2545337",3
"Pm20d1","GSM2545337",219
"Rab29","GSM2545337",192
"Cdk18","GSM2545337",516
"Gm29695","GSM2545337",158
"Lemd1","GSM2545337",15
"Gm7241","GSM2545337",0
"Klhdc8a","GSM2545337",561
"Lrrn2","GSM2545337",2671
"Gm29257","GSM2545337",3
"Gm28609","GSM2545337",8
"Plekha6","GSM2545337",4187
"Ren1","GSM2545337",1
"Sox13","GSM2545337",287
"Zbed6","GSM2545337",2960
"Lax1","GSM2545337",2
"Optc","GSM2545337",28
"Prelp","GSM2545337",979
"Gm8618","GSM2545337",0
"Mybph","GSM2545337",9
"Myog","GSM2545337",2
"Ppfia4","GSM2545337",9294
"Tmem183a","GSM2545337",2685
"Kdm5b","GSM2545337",2437
"Ppp1r12b","GSM2545337",3407
"Ube2t","GSM2545337",69
"Ptprv","GSM2545337",3
"Timm17a","GSM2545337",1527
"Csrp1","GSM2545337",8957
"Tnni1","GSM2545337",106
"Lad1","GSM2545337",18
"Pkp1","GSM2545337",4
"Ascl5","GSM2545337",1
"Cacna1s","GSM2545337",33
"Gm15850","GSM2545337",1
"Kif21b","GSM2545337",1339
"Camsap2","GSM2545337",8896
"Kif14","GSM2545337",9
"Gm29485","GSM2545337",1
"Gm19705","GSM2545337",17
"Mif-ps1","GSM2545337",2
"Nr5a2","GSM2545337",2
"Ptprc","GSM2545337",84
"Lhx9","GSM2545337",282
"Dennd1b","GSM2545337",1011
"Crb1","GSM2545337",19
"Zbtb41","GSM2545337",1967
"Cfhr2","GSM2545337",0
"Gm5837","GSM2545337",3
"Kcnt2","GSM2545337",64
"Gm5835","GSM2545337",20
"Cdc73","GSM2545337",1070
"B3galt2","GSM2545337",1062
"Glrx2","GSM2545337",1811
"Rgs1","GSM2545337",1
"Gm7266","GSM2545337",5
"Rgs18","GSM2545337",0
"Brinp3","GSM2545337",820
"Ptgs2os","GSM2545337",1
"Ptgs2","GSM2545337",58
"Tpr","GSM2545337",7141
"Swt1","GSM2545337",823
"Mir7682","GSM2545337",2
"Rnf2","GSM2545337",1535
"Gm36527","GSM2545337",1
"Edem3","GSM2545337",3989
"Tsen15","GSM2545337",460
"Colgalt2","GSM2545337",142
"Rgl1","GSM2545337",1165
"Arpc5","GSM2545337",2209
"Ncf2","GSM2545337",76
"Nmnat2","GSM2545337",8140
"Lamc2","GSM2545337",90
"Dhx9","GSM2545337",6504
"Rgs16","GSM2545337",554
"Rgsl1","GSM2545337",19
"Zfp648","GSM2545337",4
"Gm9530","GSM2545337",17
"Stx6","GSM2545337",1604
"Xpr1","GSM2545337",4266
"Gm5532","GSM2545337",4
"Acbd6","GSM2545337",766
"Lhx4","GSM2545337",0
"Cep350","GSM2545337",4190
"Fam163a","GSM2545337",54
"Tdrd5","GSM2545337",59
"Nphs2","GSM2545337",10
"Gm2000","GSM2545337",12
"Soat1","GSM2545337",739
"Abl2","GSM2545337",2133
"Fam20b","GSM2545337",3016
"Ralgps2","GSM2545337",2174
"Angptl1","GSM2545337",14
"Rasal2","GSM2545337",2590
"Brinp2","GSM2545337",1104
"Gm4953","GSM2545337",3
"Gm31256","GSM2545337",2
"Rabgap1l","GSM2545337",6648
"Gm6177","GSM2545337",1
"Rc3h1","GSM2545337",3833
"Serpinc1","GSM2545337",6
"Snord47","GSM2545337",14
"Dars2","GSM2545337",682
"Cenpl","GSM2545337",97
"Fasl","GSM2545337",4
"Dnm3","GSM2545337",11154
"Dnm3os","GSM2545337",5
"Prrc2c","GSM2545337",8302
"Fmo2","GSM2545337",325
"Mettl11b","GSM2545337",3
"BC055324","GSM2545337",114
"Sele","GSM2545337",3
"Selp","GSM2545337",0
"F5","GSM2545337",660
"Nme7","GSM2545337",395
"Atp1b1","GSM2545337",53260
"Gm26685","GSM2545337",1
"Dpt","GSM2545337",6
"Gm20743","GSM2545337",191
"Sft2d2","GSM2545337",1184
"Tiprl","GSM2545337",1707
"Rcsd1","GSM2545337",210
"Gm32999","GSM2545337",4
"Dusp27","GSM2545337",9
"Mael","GSM2545337",3
"Gm16418","GSM2545337",5
"Gm16701","GSM2545337",132
"Aldh9a1","GSM2545337",1459
"Mgst3","GSM2545337",1557
"Lrrc52","GSM2545337",5
"Rxrg","GSM2545337",26
"Lmx1a","GSM2545337",57
"Pbx1","GSM2545337",3832
"Asl","GSM2545338",400
"Apod","GSM2545338",9173
"Cyp2d22","GSM2545338",1603
"Klk6","GSM2545338",641
"Fcrls","GSM2545338",244
"Slc2a4","GSM2545338",248
"Exd2","GSM2545338",2235
"Gjc2","GSM2545338",568
"Plp1","GSM2545338",96534
"Gnb4","GSM2545338",1867
"Tnc","GSM2545338",713
"Trf","GSM2545338",14314
"Tubb2b","GSM2545338",3631
"Fads1","GSM2545338",7153
"Lxn","GSM2545338",2402
"Prr18","GSM2545338",2000
"Cmtm5","GSM2545338",1879
"Enpp1","GSM2545338",588
"Clic4","GSM2545338",7192
"Tm6sf2","GSM2545338",141
"Slc20a2","GSM2545338",4193
"Itih3","GSM2545338",2102
"Ptn","GSM2545338",6888
"Prodh","GSM2545338",988
"Msantd1","GSM2545338",191
"Ugt8a","GSM2545338",4422
"Fbln5","GSM2545338",330
"Trp53inp2","GSM2545338",11776
"Slc7a3","GSM2545338",340
"Dnase1l2","GSM2545338",441
"Icosl","GSM2545338",375
"Rmnd1","GSM2545338",1135
"Tssk5","GSM2545338",77
"Pycr1","GSM2545338",50
"Pla2g3","GSM2545338",124
"Vmn2r1","GSM2545338",27
"Gm29797","GSM2545338",99
"Phyhd1","GSM2545338",735
"Gpr146","GSM2545338",720
"Mag","GSM2545338",7223
"Tufm","GSM2545338",1722
"Igdcc4","GSM2545338",2612
"Gm10654","GSM2545338",128
"Ncmap","GSM2545338",40
"Etv4","GSM2545338",367
"Fabp7","GSM2545338",775
"Cpsf4l","GSM2545338",99
"Hexa","GSM2545338",1303
"Mfge8","GSM2545338",1754
"Ccdc136","GSM2545338",3195
"Glul","GSM2545338",39315
"Hopx","GSM2545338",5928
"Pigq","GSM2545338",3712
"Vps11","GSM2545338",2222
"Proca1","GSM2545338",269
"Fbxl22","GSM2545338",302
"Sfxn5","GSM2545338",9409
"Hexim2","GSM2545338",397
"Agt","GSM2545338",2899
"Rlbp1","GSM2545338",353
"Jam2","GSM2545338",3689
"Lcat","GSM2545338",2092
"Oxct1","GSM2545338",14546
"Cacna1e","GSM2545338",10840
"Fa2h","GSM2545338",1839
"Plxnb3","GSM2545338",944
"Lman2l","GSM2545338",1170
"Dpy19l1","GSM2545338",2170
"Kctd21","GSM2545338",742
"Thra","GSM2545338",8382
"Dok3","GSM2545338",137
"Sult1a1","GSM2545338",465
"Rpe","GSM2545338",1184
"Acrbp","GSM2545338",360
"Slc2a9","GSM2545338",43
"Emp2","GSM2545338",1271
"Aipl1","GSM2545338",9
"Uri1","GSM2545338",1750
"Bcs1l","GSM2545338",399
"Rbm3","GSM2545338",4475
"Tra2a","GSM2545338",3981
"Prex1","GSM2545338",4785
"Josd2","GSM2545338",1273
"Tmco3","GSM2545338",1435
"Srebf1","GSM2545338",1485
"Acer2","GSM2545338",289
"Tsga10","GSM2545338",323
"Cyp3a13","GSM2545338",60
"Relt","GSM2545338",415
"Nrep","GSM2545338",35030
"Slc14a1","GSM2545338",1443
"Pnpla2","GSM2545338",942
"Map6d1","GSM2545338",2006
"Ier5","GSM2545338",585
"Bfsp2","GSM2545338",156
"Idi1","GSM2545338",609
"Kat2b","GSM2545338",4738
"Rmdn3","GSM2545338",4673
"Eif4b","GSM2545338",6944
"Grm4","GSM2545338",12967
"Pink1","GSM2545338",12523
"Mettl16","GSM2545338",1058
"Fam193b","GSM2545338",2455
"Rtca","GSM2545338",1106
"Fgfbp1","GSM2545338",52
"Pigs","GSM2545338",2237
"Cfp","GSM2545338",715
"Desi1","GSM2545338",5698
"Gbp4","GSM2545338",70
"Nid1","GSM2545338",1395
"Armcx5","GSM2545338",414
"Cryab","GSM2545338",3117
"Prss53","GSM2545338",161
"Car4","GSM2545338",4987
"Gm6277","GSM2545338",176
"Amt","GSM2545338",980
"Zc3h6","GSM2545338",880
"Aqp4","GSM2545338",21349
"Tmem198b","GSM2545338",800
"Abi3bp","GSM2545338",1028
"Xpa","GSM2545338",333
"Aldh6a1","GSM2545338",3223
"Adam1a","GSM2545338",566
"Dynlt1a","GSM2545338",499
"Gatm","GSM2545338",4138
"H2-Q4","GSM2545338",115
"Nras","GSM2545338",1745
"Pla2g4e","GSM2545338",258
"Lpar1","GSM2545338",2201
"Il12rb1","GSM2545338",42
"Enpp6","GSM2545338",804
"Ermn","GSM2545338",4310
"Marcksl1","GSM2545338",1355
"Ubqln4","GSM2545338",2913
"Glt8d1","GSM2545338",1070
"Ddx25","GSM2545338",1093
"Gpr17","GSM2545338",1313
"Cat","GSM2545338",1950
"Wwox","GSM2545338",645
"Phkg1","GSM2545338",632
"Ppp1r3f","GSM2545338",763
"Mrpl35","GSM2545338",1058
"Nudt9","GSM2545338",1138
"Lypd6","GSM2545338",1251
"Spice1","GSM2545338",589
"Tuba8","GSM2545338",1448
"Spon1","GSM2545338",3306
"Nfya","GSM2545338",962
"Sc5d","GSM2545338",4209
"Aldh18a1","GSM2545338",848
"Ebp","GSM2545338",1052
"Srr","GSM2545338",2884
"Gm14827","GSM2545338",312
"Gm31135","GSM2545338",92
"Adam17","GSM2545338",1216
"Slc39a2","GSM2545338",692
"Snn","GSM2545338",3797
"Hnrnpc","GSM2545338",8562
"Srbd1","GSM2545338",443
"Ptp4a1","GSM2545338",1509
"Tppp","GSM2545338",10565
"Stac3","GSM2545338",140
"Emid1","GSM2545338",467
"Cotl1","GSM2545338",2505
"Ovgp1","GSM2545338",498
"Ssx2ip","GSM2545338",2563
"Hsd3b7","GSM2545338",743
"Kazald1","GSM2545338",102
"Omd","GSM2545338",146
"Bcas1","GSM2545338",6585
"Gm9925","GSM2545338",265
"Dleu2","GSM2545338",380
"Chil3","GSM2545338",4
"Deaf1","GSM2545338",1588
"Dusp19","GSM2545338",318
"Gkn3","GSM2545338",120
"Pllp","GSM2545338",1408
"Sox2ot","GSM2545338",786
"Ntf3","GSM2545338",238
"Lum","GSM2545338",255
"Gm20751","GSM2545338",64
"Thnsl2","GSM2545338",93
"Slc2a4rg-ps","GSM2545338",471
"Agpat5","GSM2545338",3651
"Mdk","GSM2545338",768
"Penk","GSM2545338",2518
"Cirbp","GSM2545338",1544
"Aloxe3","GSM2545338",293
"Nudt5","GSM2545338",547
"Serpinb1a","GSM2545338",482
"Mt1","GSM2545338",6659
"Fgfr3","GSM2545338",3527
"Myo1d","GSM2545338",598
"Cd99l2","GSM2545338",2876
"C2cd2","GSM2545338",814
"Brsk2","GSM2545338",5265
"Mrrf","GSM2545338",468
"Snhg4","GSM2545338",184
"Hmgcs1","GSM2545338",7207
"Stk17b","GSM2545338",4902
"Cyp51","GSM2545338",2665
"Gria4","GSM2545338",25676
"Ttyh1","GSM2545338",18248
"Slc13a1","GSM2545338",152
"Phf7","GSM2545338",129
"Get4","GSM2545338",982
"Gstm1","GSM2545338",6536
"Fbxo31","GSM2545338",2065
"Padi2","GSM2545338",1024
"Gnmt","GSM2545338",114
"Paip2b","GSM2545338",3211
"Slc17a9","GSM2545338",11
"Vopp1","GSM2545338",1555
"Ogdhl","GSM2545338",3135
"Dcaf12","GSM2545338",2578
"Rorc","GSM2545338",775
"Cp","GSM2545338",1139
"Jade2","GSM2545338",1573
"Nbl1","GSM2545338",1859
"Hsph1","GSM2545338",5632
"Serf2","GSM2545338",3475
"Rasgef1a","GSM2545338",3124
"Prrg1","GSM2545338",570
"Etnppl","GSM2545338",3567
"Cyp4f15","GSM2545338",119
"Ankrd29","GSM2545338",1074
"Gm27252","GSM2545338",53
"Kctd2","GSM2545338",2344
"Iigp1","GSM2545338",52
"Ak4","GSM2545338",5233
"Idh2","GSM2545338",945
"Camkk1","GSM2545338",2031
"Rftn2","GSM2545338",1159
"Igtp","GSM2545338",94
"Bche","GSM2545338",408
"Marcks","GSM2545338",6339
"Pabpc4","GSM2545338",732
"Pmp22","GSM2545338",1378
"Car14","GSM2545338",650
"Serpinh1","GSM2545338",1095
"Ppp1r13b","GSM2545338",2252
"Tfrc","GSM2545338",5903
"Smox","GSM2545338",1812
"Tjap1","GSM2545338",905
"Msmo1","GSM2545338",2045
"Slc26a8","GSM2545338",72
"Eml3","GSM2545338",772
"Csf2ra","GSM2545338",418
"Rnf141","GSM2545338",3283
"Slc25a16","GSM2545338",1114
"Echdc1","GSM2545338",1493
"Eid2b","GSM2545338",561
"Piga","GSM2545338",491
"Ccdc149","GSM2545338",817
"Car15","GSM2545338",623
"Eny2","GSM2545338",2278
"Mroh1","GSM2545338",3050
"Pcyox1l","GSM2545338",608
"Ankrd39","GSM2545338",312
"Timeless","GSM2545338",235
"Sparc","GSM2545338",30566
"Slc7a10","GSM2545338",1565
"Ppp1r2","GSM2545338",3924
"Psmf1","GSM2545338",931
"Adat1","GSM2545338",239
"Slc6a12","GSM2545338",154
"Snhg3","GSM2545338",153
"Prg4","GSM2545338",388
"Plod1","GSM2545338",886
"Whamm","GSM2545338",763
"Ttpa","GSM2545338",530
"Thbs3","GSM2545338",180
"Gltp","GSM2545338",1584
"Pex6","GSM2545338",1456
"Aim2","GSM2545338",114
"Ednrb","GSM2545338",6315
"Nuf2","GSM2545338",137
"Mog","GSM2545338",3106
"Ccl27a","GSM2545338",1707
"Tac4","GSM2545338",6
"Snhg8","GSM2545338",303
"Ak6","GSM2545338",306
"Kctd20","GSM2545338",2665
"Itgb4","GSM2545338",588
"Zfp810","GSM2545338",456
"Gm33489","GSM2545338",98
"Gna12","GSM2545338",1583
"Cyp4v3","GSM2545338",551
"Pkp4","GSM2545338",10252
"Agpat1","GSM2545338",2235
"Gipr","GSM2545338",22
"Edn3","GSM2545338",287
"Prr15","GSM2545338",28
"Traf1","GSM2545338",221
"Pim2","GSM2545338",1117
"Lrrc8a","GSM2545338",2832
"Erp44","GSM2545338",1691
"Tmem33","GSM2545338",6014
"Fen1","GSM2545338",499
"Tfap4","GSM2545338",219
"Lman2","GSM2545338",3116
"Senp8","GSM2545338",272
"Alg14","GSM2545338",736
"Ddah1","GSM2545338",4166
"Pomt1","GSM2545338",550
"Rab3b","GSM2545338",345
"Lrrc29","GSM2545338",45
"Nqo1","GSM2545338",294
"Gpr137b","GSM2545338",494
"Pcif1","GSM2545338",1816
"Qdpr","GSM2545338",4895
"Dcdc2b","GSM2545338",245
"Rap2a","GSM2545338",2314
"Cnpy4","GSM2545338",468
"Wdr41","GSM2545338",1310
"Gm20627","GSM2545338",32
"Mmaa","GSM2545338",1390
"Gm13562","GSM2545338",44
"Cd70","GSM2545338",37
"Itm2a","GSM2545338",2399
"Avil","GSM2545338",58
"Zscan22","GSM2545338",533
"Itgb3","GSM2545338",116
"Col11a2","GSM2545338",489
"Apoc1","GSM2545338",49
"Tmeff2","GSM2545338",2152
"Tyro3","GSM2545338",5992
"Ift22","GSM2545338",1004
"Mtmr7","GSM2545338",2148
"Gabrr2","GSM2545338",62
"Ube2v2","GSM2545338",1766
"C77080","GSM2545338",870
"Elovl5","GSM2545338",4388
"Serinc5","GSM2545338",2885
"Pyroxd2","GSM2545338",166
"Ypel2","GSM2545338",1874
"Parp3","GSM2545338",308
"Xpo1","GSM2545338",5589
"Polr2a","GSM2545338",3734
"Tspyl4","GSM2545338",24695
"Irgm1","GSM2545338",185
"Cep131","GSM2545338",582
"Sema4d","GSM2545338",3705
"Gbp6","GSM2545338",145
"Zfp119b","GSM2545338",178
"Eps15","GSM2545338",13650
"Pxmp2","GSM2545338",184
"Tomm40l","GSM2545338",1787
"Atat1","GSM2545338",1093
"Chrac1","GSM2545338",309
"Mrpl24","GSM2545338",1402
"Ipo9","GSM2545338",5951
"Actg1","GSM2545338",6849
"Noxred1","GSM2545338",124
"Gm20501","GSM2545338",81
"H2-K1","GSM2545338",734
"Lig1","GSM2545338",406
"Morn2","GSM2545338",209
"Dcakd","GSM2545338",1017
"Nop14","GSM2545338",841
"Bbs1","GSM2545338",1227
"Tada2b","GSM2545338",1045
"Gal3st1","GSM2545338",356
"Xpc","GSM2545338",567
"Irf2bp2","GSM2545338",2535
"Spns2","GSM2545338",1765
"Pole","GSM2545338",61
"Fam78b","GSM2545338",1603
"Ggcx","GSM2545338",831
"Anks1","GSM2545338",2163
"Pgm2","GSM2545338",2841
"Zgrf1","GSM2545338",347
"Alkbh3","GSM2545338",358
"Dnd1","GSM2545338",70
"Lime1","GSM2545338",2288
"Trim23","GSM2545338",3435
"Abhd14a","GSM2545338",474
"Zkscan3","GSM2545338",1800
"Fam131b","GSM2545338",6654
"Elovl1","GSM2545338",726
"Trim72","GSM2545338",23
"Klhdc9","GSM2545338",78
"Iqck","GSM2545338",74
"Smim14","GSM2545338",4857
"Kcnab3","GSM2545338",1142
"Ing5","GSM2545338",427
"Cnnm3","GSM2545338",1650
"Fn3k","GSM2545338",920
"Cnp","GSM2545338",15578
"Uros","GSM2545338",591
"Eml1","GSM2545338",2627
"Lgals3","GSM2545338",46
"Gjb1","GSM2545338",660
"Dynll1","GSM2545338",2477
"Cyp2j12","GSM2545338",124
"Crip3","GSM2545338",34
"Sbk1","GSM2545338",24734
"Camkk2","GSM2545338",10659
"Setd7","GSM2545338",16951
"Btf3l4","GSM2545338",1570
"Acbd4","GSM2545338",927
"Gm16835","GSM2545338",149
"Gpr37","GSM2545338",1775
"Prr5l","GSM2545338",589
"Slain1","GSM2545338",1844
"Calr","GSM2545338",10391
"Bst1","GSM2545338",6
"Fmnl3","GSM2545338",314
"Gpr89","GSM2545338",602
"Zranb1","GSM2545338",5106
"Col27a1","GSM2545338",980
"Emc8","GSM2545338",2565
"Ormdl3","GSM2545338",2328
"Capg","GSM2545338",66
"Zbtb21","GSM2545338",861
"Sord","GSM2545338",543
"Tsc22d1","GSM2545338",9628
"Gpld1","GSM2545338",2279
"Cdh4","GSM2545338",675
"Hkdc1","GSM2545338",58
"Ggact","GSM2545338",967
"Zfp493","GSM2545338",161
"Mkks","GSM2545338",1425
"Gm15423","GSM2545338",51
"Npas2","GSM2545338",160
"Plin4","GSM2545338",415
"Rragc","GSM2545338",2421
"Nsun3","GSM2545338",441
"Hgsnat","GSM2545338",2170
"Acr","GSM2545338",23
"Ccdc167","GSM2545338",1162
"Thap1","GSM2545338",367
"Egfl8","GSM2545338",129
"Vps33a","GSM2545338",3539
"Igbp1","GSM2545338",994
"Tbx6","GSM2545338",77
"Dcst2","GSM2545338",15
"Rbm28","GSM2545338",1926
"Pms1","GSM2545338",336
"Rtcb","GSM2545338",3083
"Smad9","GSM2545338",1383
"Ubxn2b","GSM2545338",879
"Rnf170","GSM2545338",1461
"Pithd1","GSM2545338",1653
"Steap3","GSM2545338",93
"Tomm20","GSM2545338",6975
"Klf15","GSM2545338",1311
"Amz2","GSM2545338",1452
"Folh1","GSM2545338",542
"Ubfd1","GSM2545338",2844
"Gpx3","GSM2545338",212
"C4b","GSM2545338",515
"Mdfi","GSM2545338",507
"Nucb2","GSM2545338",214
"Clip4","GSM2545338",1177
"Tipin","GSM2545338",438
"Amy1","GSM2545338",722
"Efhd1","GSM2545338",1396
"Smim15","GSM2545338",1938
"Zfp658","GSM2545338",718
"E2f6","GSM2545338",1664
"Lix1","GSM2545338",425
"Coq4","GSM2545338",290
"Otoa","GSM2545338",44
"Mex3a","GSM2545338",170
"Tmem132c","GSM2545338",862
"Dclk1","GSM2545338",16954
"Eml2","GSM2545338",2304
"Glyr1","GSM2545338",6428
"Gm1976","GSM2545338",306
"Smyd3","GSM2545338",999
"Dcaf8","GSM2545338",6256
"Lias","GSM2545338",825
"Msn","GSM2545338",2671
"Timmdc1","GSM2545338",534
"H2-Q6","GSM2545338",29
"Asic3","GSM2545338",22
"Col5a3","GSM2545338",269
"Stx3","GSM2545338",2152
"AW046200","GSM2545338",129
"Hsf1","GSM2545338",1201
"Colq","GSM2545338",146
"Rcor3","GSM2545338",1084
"Slc6a20a","GSM2545338",610
"Prps1","GSM2545338",1688
"Keap1","GSM2545338",1614
"Tap2","GSM2545338",212
"Slc16a7","GSM2545338",1438
"Eif2b3","GSM2545338",474
"Flywch1","GSM2545338",8654
"Amigo2","GSM2545338",698
"Hspd1","GSM2545338",6832
"Sost","GSM2545338",30
"Gm8615","GSM2545338",24
"Kcnk13","GSM2545338",154
"Tspyl2","GSM2545338",3843
"Spsb3","GSM2545338",1857
"Gm8493","GSM2545338",31
"Fgf22","GSM2545338",43
"Slc6a6","GSM2545338",4194
"Xist","GSM2545338",37994
"Ddx3y","GSM2545338",0
"Eif2s3y","GSM2545338",0
"Kdm5d","GSM2545338",0
"Uty","GSM2545338",0
"Eif2s3x","GSM2545338",2155
"Kdm6a","GSM2545338",3062
"Casp12","GSM2545338",304
"Ddx3x","GSM2545338",22896
"Prl2c3","GSM2545338",92
"Casp1","GSM2545338",94
"Pbdc1","GSM2545338",485
"Kdm5c","GSM2545338",4820
"Ctxn2","GSM2545338",109
"Ldoc1","GSM2545338",341
"Gpr179","GSM2545338",22
"Pou4f1","GSM2545338",7
"Tmprss3","GSM2545338",40
"Prl2c2","GSM2545338",24
"Slc35b1","GSM2545338",1385
"Myoc","GSM2545338",371
"Cartpt","GSM2545338",24
"Tchh","GSM2545338",62
"H2-Q2","GSM2545338",22
"Ascl1","GSM2545338",68
"Crhr1","GSM2545338",2550
"Gm4017","GSM2545338",7
"Impg1","GSM2545338",52
"Rxfp3","GSM2545338",11
"AI504432","GSM2545338",969
"Mpo","GSM2545338",0
"Oxtr","GSM2545338",26
"Usp2","GSM2545338",3221
"Lor","GSM2545338",10
"Srrm4","GSM2545338",3475
"Slc35g1","GSM2545338",121
"Tceal6","GSM2545338",954
"Dach2","GSM2545338",120
"Lgr6","GSM2545338",272
"Kcna4","GSM2545338",204
"Zfyve28","GSM2545338",2635
"Hps4","GSM2545338",706
"Ucp3","GSM2545338",72
"Mettl17","GSM2545338",747
"Atg9b","GSM2545338",35
"Usp3","GSM2545338",4442
"Acta2","GSM2545338",217
"Wdr24","GSM2545338",503
"Zw10","GSM2545338",1279
"Ubtd2","GSM2545338",2060
"Slc6a4","GSM2545338",22
"Cog1","GSM2545338",1753
"S100a9","GSM2545338",40
"Nadk","GSM2545338",2237
"Col6a1","GSM2545338",417
"Susd2","GSM2545338",180
"Fam53b","GSM2545338",2103
"Npas1","GSM2545338",5
"Rhbdf1","GSM2545338",441
"Cacnb1","GSM2545338",625
"Zfp579","GSM2545338",865
"Dtx4","GSM2545338",933
"Chrm3","GSM2545338",93
"Plcl2","GSM2545338",1665
"Ptprj","GSM2545338",3061
"Cyhr1","GSM2545338",5242
"Stx5a","GSM2545338",2065
"Smim8","GSM2545338",389
"Pappa2","GSM2545338",11
"Stbd1","GSM2545338",39
"Rln3","GSM2545338",0
"Ldlr","GSM2545338",889
"Bmp2","GSM2545338",57
"Itga10","GSM2545338",256
"Unc45a","GSM2545338",1230
"Hap1","GSM2545338",2100
"Gm35339","GSM2545338",322
"Serpinb8","GSM2545338",118
"Tmem200c","GSM2545338",180
"Ngb","GSM2545338",46
"Myh11","GSM2545338",223
"Ass1","GSM2545338",277
"Ccdc28b","GSM2545338",1470
"Vsx2","GSM2545338",3
"Klhl1","GSM2545338",219
"Slit1","GSM2545338",132
"Rbm10","GSM2545338",2634
"Sgk1","GSM2545338",5147
"Zbtb24","GSM2545338",615
"Kif5a","GSM2545338",33197
"Alox8","GSM2545338",92
"Rgcc","GSM2545338",261
"Olfr1033","GSM2545338",49
"Lrrn4","GSM2545338",0
"Trim59","GSM2545338",796
"Pnma2","GSM2545338",322
"Arc","GSM2545338",588
"Lypd6b","GSM2545338",88
"Prkar2b","GSM2545338",743
"Gabrd","GSM2545338",4989
"Sh3gl1","GSM2545338",1471
"Rab9b","GSM2545338",909
"Slc9a2","GSM2545338",153
"Gata3","GSM2545338",13
"Rnd3","GSM2545338",488
"Tdgf1","GSM2545338",223
"Tph2","GSM2545338",64
"Gprc5c","GSM2545338",2135
"Syt16","GSM2545338",177
"Cdyl","GSM2545338",419
"St8sia2","GSM2545338",67
"Usp19","GSM2545338",5372
"Foxj2","GSM2545338",2104
"Wdfy2","GSM2545338",1481
"Fibcd1","GSM2545338",39
"Hs3st4","GSM2545338",77
"Rab27b","GSM2545338",380
"Gm4988","GSM2545338",87
"Hebp1","GSM2545338",211
"Mrgpre","GSM2545338",73
"Slc22a4","GSM2545338",2276
"Txndc11","GSM2545338",1221
"Pgr15l","GSM2545338",11
"Evpl","GSM2545338",31
"Pax7","GSM2545338",4
"Trim65","GSM2545338",149
"Gm33533","GSM2545338",15
"Otof","GSM2545338",97
"Alk","GSM2545338",40
"Acap3","GSM2545338",3182
"Erdr1","GSM2545338",523
"Kcnq5","GSM2545338",106
"Msln","GSM2545338",38
"Tbc1d20","GSM2545338",1158
"Slc16a10","GSM2545338",215
"Errfi1","GSM2545338",1849
"Nr2e1","GSM2545338",9
"Gpr149","GSM2545338",5
"Plcxd1","GSM2545338",98
"Lrch3","GSM2545338",4808
"Morc2b","GSM2545338",142
"Elfn1","GSM2545338",68
"Rnf180","GSM2545338",306
"Pcdhb8","GSM2545338",160
"Creg2","GSM2545338",278
"Erich3","GSM2545338",513
"Rpp25","GSM2545338",118
"Fgfr1","GSM2545338",5430
"Sfrp2","GSM2545338",36
"Rprm","GSM2545338",72
"Tmem120b","GSM2545338",462
"Tpra1","GSM2545338",1581
"Igsf9","GSM2545338",16
"Jakmip1","GSM2545338",705
"Hsf4","GSM2545338",123
"Pcbd1","GSM2545338",100
"Rasgrf2","GSM2545338",408
"Dgkk","GSM2545338",45
"Paxip1","GSM2545338",1587
"Smtn","GSM2545338",230
"Cmpk2","GSM2545338",509
"Drd4","GSM2545338",4
"Samd11","GSM2545338",17
"Magel2","GSM2545338",30
"Csrnp3","GSM2545338",1564
"Zfp941","GSM2545338",560
"Lrrc1","GSM2545338",628
"Tmie","GSM2545338",187
"Pcdh8","GSM2545338",83
"Glra2","GSM2545338",199
"Gpatch8","GSM2545338",4617
"Slc6a16","GSM2545338",8
"Grm7","GSM2545338",995
"Ybx3","GSM2545338",1403
"Tenm3","GSM2545338",645
"Npffr1","GSM2545338",6
"Slc39a11","GSM2545338",302
"Otp","GSM2545338",8
"Hoga1","GSM2545338",71
"Egfl6","GSM2545338",12
"Plch2","GSM2545338",7640
"Pde11a","GSM2545338",47
"Zfp335","GSM2545338",1287
"Gpr61","GSM2545338",201
"Tox","GSM2545338",64
"Gabrr1","GSM2545338",3
"Jun","GSM2545338",2155
"Cox7b2","GSM2545338",13
"Mn1","GSM2545338",144
"Tmem130","GSM2545338",2635
"Dusp11","GSM2545338",7517
"Tmem91","GSM2545338",90
"Rbms2","GSM2545338",817
"Inpp5j","GSM2545338",4934
"Vstm2a","GSM2545338",915
"C1qtnf2","GSM2545338",26
"Ctns","GSM2545338",1010
"Smarcd2","GSM2545338",2362
"Dbpht2","GSM2545338",59
"Ltbp2","GSM2545338",1073
"Drd1","GSM2545338",17
"Dact2","GSM2545338",110
"E4f1","GSM2545338",908
"Zfp598","GSM2545338",2009
"Zcchc12","GSM2545338",606
"Zfp263","GSM2545338",1126
"Tspyl3","GSM2545338",491
"Arhgap10","GSM2545338",617
"Plxnb2","GSM2545338",5098
"Doc2a","GSM2545338",65
"Tmem29","GSM2545338",454
"Dpf2","GSM2545338",2617
"Foxl2os","GSM2545338",40
"Slc47a1","GSM2545338",270
"Nap1l5","GSM2545338",17176
"Mapk7","GSM2545338",970
"Grem2","GSM2545338",113
"Pcdh10","GSM2545338",1511
"Nol3","GSM2545338",189
"Gpr83","GSM2545338",50
"Nrsn2","GSM2545338",1526
"Prss16","GSM2545338",22
"Pcdh18","GSM2545338",139
"Emx2","GSM2545338",6
"Ccdc81","GSM2545338",56
"Rwdd2a","GSM2545338",221
"Mpped1","GSM2545338",215
"Galnt7","GSM2545338",1972
"S100a8","GSM2545338",27
"Mau2","GSM2545338",4488
"Ptpn23","GSM2545338",2170
"Sstr1","GSM2545338",118
"Wdfy4","GSM2545338",37
"Anxa3","GSM2545338",379
"C3","GSM2545338",37
"Tead4","GSM2545338",205
"Clvs2","GSM2545338",289
"Gaa","GSM2545338",5002
"Zfp219","GSM2545338",5159
"Bves","GSM2545338",12
"Tmem161a","GSM2545338",720
"Unc5d","GSM2545338",478
"Cd180","GSM2545338",36
"Scml4","GSM2545338",30
"Stk38","GSM2545338",2005
"Sox17","GSM2545338",218
"Srsf9","GSM2545338",1290
"Herpud1","GSM2545338",2590
"Hmbs","GSM2545338",460
"Gm2824","GSM2545338",52
"Mir1901","GSM2545338",44
"Adamts19","GSM2545338",9
"Zfp36l1","GSM2545338",1155
"Impact","GSM2545338",6186
"Trmt6","GSM2545338",1453
"Plekhm1","GSM2545338",1449
"Basp1","GSM2545338",905
"Grid1","GSM2545338",785
"Zdbf2","GSM2545338",511
"Tal1","GSM2545338",76
"Raf1","GSM2545338",3564
"Pgpep1l","GSM2545338",6
"Fzd4","GSM2545338",918
"Tfdp1","GSM2545338",1902
"Pdzrn4","GSM2545338",61
"Ier3","GSM2545338",364
"Mir378a","GSM2545338",7
"Magee2","GSM2545338",78
"Plekhg2","GSM2545338",218
"Boc","GSM2545338",3204
"Ddx39b","GSM2545338",4429
"H2-T24","GSM2545338",63
"Insm1","GSM2545338",12
"Vstm5","GSM2545338",84
"Kctd4","GSM2545338",140
"Oprm1","GSM2545338",90
"Zfand6","GSM2545338",2328
"Cx3cl1","GSM2545338",2029
"Tacr3","GSM2545338",34
"Gpr4","GSM2545338",123
"Ptgis","GSM2545338",60
"Ccdc28a","GSM2545338",418
"Ido2","GSM2545338",7
"Elfn2","GSM2545338",794
"Ngp","GSM2545338",18
"Ptpro","GSM2545338",243
"Neto1","GSM2545338",183
"Col6a2","GSM2545338",397
"Fev","GSM2545338",3
"Mmab","GSM2545338",516
"Resp18","GSM2545338",646
"Amn","GSM2545338",10
"Tmem132b","GSM2545338",468
"St6gal2","GSM2545338",202
"Tbc1d25","GSM2545338",620
"Pdcd2l","GSM2545338",470
"Acot3","GSM2545338",6
"Gm5468","GSM2545338",6
"Atg16l1","GSM2545338",1835
"Rpl14-ps1","GSM2545338",23
"Glra3","GSM2545338",122
"Plekhh3","GSM2545338",1398
"Pcdhga1","GSM2545338",152
"Gm9899","GSM2545338",1102
"Eps8l1","GSM2545338",525
"Serpina3g","GSM2545338",10
"Pcdh17","GSM2545338",1234
"Riok3","GSM2545338",3220
"Dcaf12l2","GSM2545338",12
"Ankrd6","GSM2545338",421
"Dhrs11","GSM2545338",396
"Zdhhc22","GSM2545338",170
"Hmgb3","GSM2545338",406
"Mid1","GSM2545338",329
"Celf3","GSM2545338",1439
"Akap5","GSM2545338",238
"Phlda3","GSM2545338",414
"Arfgap2","GSM2545338",2812
"Gabpb1","GSM2545338",920
"Mybpc1","GSM2545338",2934
"Nfkbia","GSM2545338",897
"Gabra3","GSM2545338",691
"Gtpbp2","GSM2545338",2276
"Ptgdr","GSM2545338",23
"Myh15","GSM2545338",33
"Ciz1","GSM2545338",1227
"Tmem62","GSM2545338",2548
"Pan3","GSM2545338",3786
"Pld3","GSM2545338",1948
"Trim3","GSM2545338",5620
"Spata2l","GSM2545338",589
"Gm2223","GSM2545338",19
"Dnah1","GSM2545338",75
"Pnoc","GSM2545338",72
"Dzank1","GSM2545338",6221
"Safb2","GSM2545338",2737
"Rnf128","GSM2545338",957
"Jpx","GSM2545338",261
"Il16","GSM2545338",6179
"Slc26a7","GSM2545338",248
"Rspo1","GSM2545338",14
"Hcfc2","GSM2545338",1719
"Gm35315","GSM2545338",37
"Tyrp1","GSM2545338",16
"Pank4","GSM2545338",1527
"Ngef","GSM2545338",407
"Llgl1","GSM2545338",2700
"Usp12","GSM2545338",2320
"Ppp2r2d","GSM2545338",1818
"Zfp677","GSM2545338",155
"Heyl","GSM2545338",81
"Sin3b","GSM2545338",1943
"Sidt1","GSM2545338",1660
"Spin2c","GSM2545338",113
"Wasf2","GSM2545338",992
"Tmem14a","GSM2545338",595
"Cntnap5a","GSM2545338",525
"Ccm2l","GSM2545338",117
"Sema3e","GSM2545338",771
"Il18bp","GSM2545338",421
"Slc35f1","GSM2545338",1261
"Best1","GSM2545338",22
"Pde8b","GSM2545338",632
"Htr7","GSM2545338",62
"Cfap57","GSM2545338",31
"Sgsm1","GSM2545338",3514
"Scn3b","GSM2545338",268
"Mark3","GSM2545338",3388
"Acsl5","GSM2545338",452
"Qpct","GSM2545338",145
"Iqcc","GSM2545338",611
"Noc2l","GSM2545338",1944
"Slc25a27","GSM2545338",3947
"Kdm4b","GSM2545338",2362
"Pde1b","GSM2545338",958
"Pcdha10","GSM2545338",88
"Gja5","GSM2545338",28
"Irs4","GSM2545338",21
"Mamdc4","GSM2545338",162
"Mthfd2l","GSM2545338",222
"Lrrtm1","GSM2545338",203
"Tacr1","GSM2545338",24
"Lmo3","GSM2545338",139
"Psg16","GSM2545338",772
"Abcc8","GSM2545338",2181
"Epc1","GSM2545338",2366
"Slc6a7","GSM2545338",321
"Col4a5","GSM2545338",374
"Gm8013","GSM2545338",6
"Clpx","GSM2545338",1570
"Dffb","GSM2545338",250
"Senp3","GSM2545338",2176
"Hhex","GSM2545338",39
"Per2","GSM2545338",3328
"Rnpep","GSM2545338",1118
"Ttll1","GSM2545338",562
"Ppp1r1c","GSM2545338",6
"Moxd1","GSM2545338",197
"Susd6","GSM2545338",4744
"Ighm","GSM2545338",109
"Fam131a","GSM2545338",3166
"Zfp92","GSM2545338",19
"Kirrel","GSM2545338",426
"Npsr1","GSM2545338",0
"Kcnj16","GSM2545338",1283
"Atg10","GSM2545338",251
"Vwc2l","GSM2545338",46
"Sox14","GSM2545338",14
"Zc3h3","GSM2545338",393
"Gak","GSM2545338",3669
"Tox2","GSM2545338",118
"Tenm2","GSM2545338",824
"Begain","GSM2545338",668
"Dsc3","GSM2545338",11
"Fbll1","GSM2545338",221
"Dnah7a","GSM2545338",18
"Gm3764","GSM2545338",3328
"Strip1","GSM2545338",2675
"Nmnat3","GSM2545338",33
"Lims2","GSM2545338",338
"Fam43b","GSM2545338",169
"Ccnl2","GSM2545338",8501
"Gm11627","GSM2545338",6
"Rabl2","GSM2545338",803
"Kcnj3","GSM2545338",5004
"Zfp36","GSM2545338",150
"Slc2a1","GSM2545338",4685
"Cnksr3","GSM2545338",2519
"AW551984","GSM2545338",202
"Hykk","GSM2545338",207
"Rnasel","GSM2545338",116
"Shc1","GSM2545338",363
"Ppp1r12c","GSM2545338",2802
"Syne4","GSM2545338",263
"Arrdc2","GSM2545338",556
"Usp28","GSM2545338",2504
"Slfn4","GSM2545338",1
"Pomt2","GSM2545338",1227
"Gm10432","GSM2545338",81
"Cngb1","GSM2545338",15
"Dot1l","GSM2545338",6066
"Gmnn","GSM2545338",94
"Ccdc160","GSM2545338",34
"Ptpn5","GSM2545338",608
"Mal2","GSM2545338",285
"Arap3","GSM2545338",243
"Mib2","GSM2545338",2177
"Itgb1bp2","GSM2545338",37
"Stk32b","GSM2545338",28
"Dgkb","GSM2545338",1222
"Pcgf6","GSM2545338",1005
"Serinc2","GSM2545338",694
"Arhgef37","GSM2545338",670
"Ltf","GSM2545338",13
"Timp2","GSM2545338",2432
"Snora41","GSM2545338",16
"F3","GSM2545338",1925
"Tgfbi","GSM2545338",140
"Rab44","GSM2545338",3
"Lclat1","GSM2545338",861
"Arid5b","GSM2545338",2174
"Col25a1","GSM2545338",163
"Inpp5b","GSM2545338",2275
"Dhfr","GSM2545338",331
"Phkg2","GSM2545338",1616
"Bcl11a","GSM2545338",486
"Nr2f1","GSM2545338",1330
"Trhr","GSM2545338",35
"Msc","GSM2545338",13
"Mndal","GSM2545338",174
"Pou3f2","GSM2545338",516
"Gm9962","GSM2545338",15
"Atg16l2","GSM2545338",919
"Gm16425","GSM2545338",15
"Ap1m1","GSM2545338",1609
"Trpv3","GSM2545338",5
"Inpp5k","GSM2545338",1900
"D11Wsu47e","GSM2545338",202
"Fkbp1b","GSM2545338",241
"Syvn1","GSM2545338",1863
"Aldh3a2","GSM2545338",2478
"Dtd2","GSM2545338",222
"Pcdh19","GSM2545338",327
"Gm5526","GSM2545338",16
"Nsun5","GSM2545338",459
"Hrh2","GSM2545338",238
"Lmbr1l","GSM2545338",493
"Pkn1","GSM2545338",1026
"Nptx2","GSM2545338",43
"Ctxn1","GSM2545338",192
"Rp1","GSM2545338",0
"Gm7357","GSM2545338",1
"Mrpl15","GSM2545338",990
"Lypla1","GSM2545338",1790
"Tcea1","GSM2545338",2808
"Gm6104","GSM2545338",1
"Atp6v1h","GSM2545338",4187
"Oprk1","GSM2545338",65
"Npbwr1","GSM2545338",4
"Rb1cc1","GSM2545338",6480
"Gm2147","GSM2545338",1
"Gm26901","GSM2545338",4
"Sntg1","GSM2545338",406
"Gm6187","GSM2545338",2
"Rrs1","GSM2545338",505
"Mcmdc2","GSM2545338",33
"Snhg6","GSM2545338",232
"Snord87","GSM2545338",2
"Tcf24","GSM2545338",12
"Ppp1r42","GSM2545338",12
"Arfgef1","GSM2545338",5629
"Cpa6","GSM2545338",2
"Ncoa2","GSM2545338",4374
"Tram1","GSM2545338",1465
"Gm5523","GSM2545338",1
"Eya1","GSM2545338",264
"Smt3h2-ps4","GSM2545338",4
"Trpa1","GSM2545338",1
"Gm10566","GSM2545338",1
"Terf1","GSM2545338",573
"Rdh10","GSM2545338",785
"Stau2","GSM2545338",3030
"Ly96","GSM2545338",37
"Jph1","GSM2545338",1349
"Gdap1","GSM2545338",5436
"Rbm6-ps1","GSM2545338",10
"Pi15","GSM2545338",28
"Gm28154","GSM2545338",7
"Gm16070","GSM2545338",4
"Gm15825","GSM2545338",3
"Tfap2d","GSM2545338",146
"Tfap2b","GSM2545338",1887
"Pkhd1","GSM2545338",1
"Mir133b","GSM2545338",6
"Il17f","GSM2545338",1
"Paqr8","GSM2545338",17844
"Tram2","GSM2545338",21
"Gm7658","GSM2545338",14
"Gm7761","GSM2545338",5
"Mir30c-2","GSM2545338",6
"Ogfrl1","GSM2545338",8916
"Smap1","GSM2545338",2766
"Fam135a","GSM2545338",2943
"Col19a1","GSM2545338",1093
"Lmbrd1","GSM2545338",7992
"Gm20172","GSM2545338",4
"Gm29214","GSM2545338",10
"Gm7846","GSM2545338",9
"Gm5525","GSM2545338",18
"Phf3","GSM2545338",4483
"Khdrbs2","GSM2545338",267
"Gm5415","GSM2545338",3
"Zfp451","GSM2545338",1335
"Gm15455","GSM2545338",6
"Bend6","GSM2545338",7905
"Ptpn18","GSM2545338",35
"Cfc1","GSM2545338",1
"Amer3","GSM2545338",1723
"Fam168b","GSM2545338",10768
"Gm33222","GSM2545338",8
"Kansl3","GSM2545338",3575
"Fer1l5","GSM2545338",1
"Cnnm4","GSM2545338",1016
"Sema4c","GSM2545338",916
"Cox5b","GSM2545338",5110
"Zap70","GSM2545338",15
"Tmem131","GSM2545338",3188
"Cnga3","GSM2545338",2
"Unc50","GSM2545338",1263
"Lipt1","GSM2545338",70
"Mrpl30","GSM2545338",987
"Lyg2","GSM2545338",10
"Txndc9","GSM2545338",1601
"Eif5b","GSM2545338",4168
"Gm16150","GSM2545338",9
"Gm16152","GSM2545338",1
"Pdcl3","GSM2545338",1014
"Rpl31","GSM2545338",2466
"Tbc1d8","GSM2545338",1643
"Cnot11","GSM2545338",1124
"Snord89","GSM2545338",10
"Rnf149","GSM2545338",911
"Rfx8","GSM2545338",12
"Gm16894","GSM2545338",22
"Il1rl2","GSM2545338",12
"Il1rl1","GSM2545338",6
"Il18r1","GSM2545338",1
"Slc9a4","GSM2545338",10
"Mfsd9","GSM2545338",146
"Tmem182","GSM2545338",6
"Gm28175","GSM2545338",19
"Pantr1","GSM2545338",229
"Pou3f3","GSM2545338",1296
"Pantr2","GSM2545338",41
"Mrps9","GSM2545338",1020
"Gpr45","GSM2545338",60
"Tgfbrap1","GSM2545338",2300
"Fhl2","GSM2545338",98
"Nck2","GSM2545338",706
"Uxs1","GSM2545338",1185
"Gm16103","GSM2545338",0
"Tpp2","GSM2545338",2826
"Tex30","GSM2545338",206
"Bivm","GSM2545338",917
"Gulp1","GSM2545338",196
"Wdr75","GSM2545338",1030
"Dnah7b","GSM2545338",777
"Gm4852","GSM2545338",5
"Gm8337","GSM2545338",12
"Nabp1","GSM2545338",378
"Gm17767","GSM2545338",2
"Myo1b","GSM2545338",834
"Stat4","GSM2545338",5
"Stat1","GSM2545338",1183
"Gls","GSM2545338",12228
"Rps27a-ps1","GSM2545338",5
"Gm28178","GSM2545338",0
"Inpp1","GSM2545338",3174
"Mstn","GSM2545338",20
"Asnsd1","GSM2545338",687
"Gtf3c3","GSM2545338",1016
"Pgap1","GSM2545338",2047
"Gm19637","GSM2545338",2
"Ankrd44","GSM2545338",635
"Sf3b1","GSM2545338",16526
"Gm6822","GSM2545338",6
"Boll","GSM2545338",5
"Gm8292","GSM2545338",6
"Plcl1","GSM2545338",1110
"Gm6644","GSM2545338",0
"Satb2","GSM2545338",23
"BC055402","GSM2545338",1
"Tyw5","GSM2545338",437
"Spats2l","GSM2545338",323
"Aox4","GSM2545338",4
"Aox2","GSM2545338",0
"Bzw1","GSM2545338",8531
"Clk1","GSM2545338",7836
"Ppil3","GSM2545338",356
"Nif3l1","GSM2545338",583
"Cflar","GSM2545338",1137
"Casp8","GSM2545338",75
"Stradb","GSM2545338",935
"Tmem237","GSM2545338",779
"Cdk15","GSM2545338",5
"Fzd7","GSM2545338",1622
"Sumo1","GSM2545338",2742
"Fam117b","GSM2545338",3569
"Wdr12","GSM2545338",989
"Nbeal1","GSM2545338",2030
"Abi2","GSM2545338",4107
"Cd28","GSM2545338",65
"Gm11581","GSM2545338",1
"Icos","GSM2545338",1
"Nrp2","GSM2545338",391
"Gm4208","GSM2545338",0
"Ndufs1","GSM2545338",6672
"Eef1b2","GSM2545338",3278
"Gpr1","GSM2545338",1
"Gm11605","GSM2545338",5
"Adam23","GSM2545338",6824
"Dytn","GSM2545338",1
"Mdh1b","GSM2545338",17
"Gm13748","GSM2545338",1
"Ccnyl1","GSM2545338",467
"Plekhm3","GSM2545338",1697
"Rpl10a-ps1","GSM2545338",29
"Cryga","GSM2545338",1
"Pikfyve","GSM2545338",2565
"Map2","GSM2545338",24099
"Unc80","GSM2545338",18416
"Kansl1l","GSM2545338",1375
"Acadl","GSM2545338",1693
"Gm15793","GSM2545338",2
"Spag16","GSM2545338",80
"Bard1","GSM2545338",19
"Abca12","GSM2545338",1
"Atic","GSM2545338",791
"Fn1","GSM2545338",3085
"Gm5256","GSM2545338",1
"Tmem169","GSM2545338",579
"Xrcc5","GSM2545338",679
"Smarcal1","GSM2545338",2428
"Igfbp2","GSM2545338",1093
"Gm29183","GSM2545338",1
"Rufy4","GSM2545338",5
"Cxcr2","GSM2545338",4
"Arpc2","GSM2545338",3553
"Aamp","GSM2545338",3797
"Tmbim1","GSM2545338",1474
"Catip","GSM2545338",59
"Zfp142","GSM2545338",1585
"Rnf25","GSM2545338",1239
"Ttll4","GSM2545338",1963
"Prkag3","GSM2545338",14
"Gm29539","GSM2545338",0
"Wnt10a","GSM2545338",4
"Ihh","GSM2545338",4
"Slc23a3","GSM2545338",3
"Zfand2b","GSM2545338",344
"Ankzf1","GSM2545338",911
"Glb1l","GSM2545338",329
"Ptprn","GSM2545338",3640
"Des","GSM2545338",59
"Asic4","GSM2545338",58
"Chpf","GSM2545338",1791
"Obsl1","GSM2545338",730
"Stk11ip","GSM2545338",954
"Slc4a3","GSM2545338",3264
"Epha4","GSM2545338",889
"Pax3","GSM2545338",259
"Mogat1","GSM2545338",5
"Kcne4","GSM2545338",50
"Gm5830","GSM2545338",12
"Scg2","GSM2545338",6603
"Mrpl44","GSM2545338",669
"Gm5529","GSM2545338",23
"Fam124b","GSM2545338",0
"Cul3","GSM2545338",7133
"Nyap2","GSM2545338",1060
"Rhbdd1","GSM2545338",462
"Col4a4","GSM2545338",90
"Col4a3","GSM2545338",84
"Mff","GSM2545338",6741
"Daw1","GSM2545338",27
"Trip12","GSM2545338",7182
"Fbxo36","GSM2545338",95
"Slc16a14","GSM2545338",206
"Gm15433","GSM2545338",1
"Rpl19-ps1","GSM2545338",1
"Sp110","GSM2545338",27
"Sp140","GSM2545338",32
"Sp100","GSM2545338",101
"Cab39","GSM2545338",7744
"Gpr55","GSM2545338",4
"Spata3","GSM2545338",18
"Htr2b","GSM2545338",1
"Armc9","GSM2545338",608
"B3gnt7","GSM2545338",14
"Snora75","GSM2545338",11
"Nmur1","GSM2545338",17
"Dis3l2","GSM2545338",788
"Gm6136","GSM2545338",19
"Ecel1","GSM2545338",35
"Prss56","GSM2545338",1
"Kcnj13","GSM2545338",457
"Inpp5d","GSM2545338",170
"Scarna6","GSM2545338",6
"Sag","GSM2545338",8
"Dgkd","GSM2545338",9510
"Gm19582","GSM2545338",64
"Usp40","GSM2545338",1152
"Ugt1a7c","GSM2545338",7
"Dnajb3","GSM2545338",29
"Mroh2a","GSM2545338",17
"Spp2","GSM2545338",6
"Gm29538","GSM2545338",8
"Glrp1","GSM2545338",0
"Sh3bp4","GSM2545338",409
"Gbx2","GSM2545338",3
"Iqca","GSM2545338",33
"Ackr3","GSM2545338",272
"Col6a3","GSM2545338",76
"Rab17","GSM2545338",0
"Ube2f","GSM2545338",1262
"Klhl30","GSM2545338",6
"Twist2","GSM2545338",1
"Hdac4","GSM2545338",1605
"Ndufa10","GSM2545338",3921
"Mir149","GSM2545338",2
"Ankmy1","GSM2545338",16
"Rnpepl1","GSM2545338",1008
"Capn10","GSM2545338",1060
"Gpr35","GSM2545338",37
"Pask","GSM2545338",223
"Hdlbp","GSM2545338",7305
"Farp2","GSM2545338",311
"Stk25","GSM2545338",4709
"Thap4","GSM2545338",433
"D2hgdh","GSM2545338",359
"Pdcd1","GSM2545338",1
"Gm7895","GSM2545338",8
"Fam174a","GSM2545338",1331
"Slco4c1","GSM2545338",14
"Panct2","GSM2545338",19
"Gm6430","GSM2545338",1
"Gin1","GSM2545338",321
"Pam","GSM2545338",1640
"Cntnap5b","GSM2545338",1223
"Cdh20","GSM2545338",858
"Pign","GSM2545338",900
"Gm10193","GSM2545338",2
"Tnfrsf11a","GSM2545338",62
"Gm7160","GSM2545338",18
"Gm20753","GSM2545338",2
"Bcl2","GSM2545338",593
"Vps4b","GSM2545338",2001
"Serpinb5","GSM2545338",6
"Serpinb10","GSM2545338",1
"Gm8141","GSM2545338",13
"Cdh7","GSM2545338",1981
"Cdh19","GSM2545338",665
"Gm8173","GSM2545338",1
"Dsel","GSM2545338",354
"Gm6028","GSM2545338",0
"Nifk","GSM2545338",867
"Clasp1","GSM2545338",2865
"Inhbb","GSM2545338",228
"Gm3551","GSM2545338",0
"Gm28209","GSM2545338",2
"Cfap221","GSM2545338",12
"Sctr","GSM2545338",6
"Tmem37","GSM2545338",23
"En1","GSM2545338",201
"Insig2","GSM2545338",2103
"Ccdc93","GSM2545338",1322
"Htr5b","GSM2545338",21
"Ddx18","GSM2545338",733
"Actr3","GSM2545338",5377
"Slc35f5","GSM2545338",643
"Gpr39","GSM2545338",1
"Mgat5","GSM2545338",3342
"Gm8451","GSM2545338",28
"Tmem163","GSM2545338",1814
"Acmsd","GSM2545338",1
"Zranb3","GSM2545338",199
"Gm28800","GSM2545338",2
"Rpl28-ps1","GSM2545338",25
"Mir128-1","GSM2545338",1
"Lct","GSM2545338",19
"Gm6170","GSM2545338",30
"Thsd7b","GSM2545338",29
"Gm29428","GSM2545338",2
"Cd55","GSM2545338",226
"Gm16083","GSM2545338",30
"C4bp-ps1","GSM2545338",13
"Yod1","GSM2545338",536
"Fcamr","GSM2545338",0
"Dyrk3","GSM2545338",141
"Ikbke","GSM2545338",52
"Srgap2","GSM2545338",7703
"Slc26a9","GSM2545338",0
"Pm20d1","GSM2545338",140
"Rab29","GSM2545338",149
"Cdk18","GSM2545338",519
"Gm29695","GSM2545338",156
"Lemd1","GSM2545338",14
"Gm7241","GSM2545338",2
"Klhdc8a","GSM2545338",586
"Lrrn2","GSM2545338",2602
"Gm29257","GSM2545338",3
"Gm28609","GSM2545338",5
"Plekha6","GSM2545338",4040
"Ren1","GSM2545338",3
"Sox13","GSM2545338",271
"Zbed6","GSM2545338",2780
"Lax1","GSM2545338",3
"Optc","GSM2545338",20
"Prelp","GSM2545338",763
"Gm8618","GSM2545338",1
"Mybph","GSM2545338",9
"Myog","GSM2545338",1
"Ppfia4","GSM2545338",8704
"Tmem183a","GSM2545338",2597
"Kdm5b","GSM2545338",2005
"Ppp1r12b","GSM2545338",2997
"Ube2t","GSM2545338",69
"Ptprv","GSM2545338",5
"Timm17a","GSM2545338",1356
"Csrp1","GSM2545338",7256
"Tnni1","GSM2545338",86
"Lad1","GSM2545338",26
"Pkp1","GSM2545338",3
"Ascl5","GSM2545338",1
"Cacna1s","GSM2545338",37
"Gm15850","GSM2545338",0
"Kif21b","GSM2545338",1239
"Camsap2","GSM2545338",7925
"Kif14","GSM2545338",7
"Gm29485","GSM2545338",1
"Gm19705","GSM2545338",22
"Mif-ps1","GSM2545338",0
"Nr5a2","GSM2545338",0
"Ptprc","GSM2545338",91
"Lhx9","GSM2545338",197
"Dennd1b","GSM2545338",905
"Crb1","GSM2545338",16
"Zbtb41","GSM2545338",1751
"Cfhr2","GSM2545338",3
"Gm5837","GSM2545338",6
"Kcnt2","GSM2545338",83
"Gm5835","GSM2545338",29
"Cdc73","GSM2545338",971
"B3galt2","GSM2545338",1117
"Glrx2","GSM2545338",1712
"Rgs1","GSM2545338",1
"Gm7266","GSM2545338",2
"Rgs18","GSM2545338",6
"Brinp3","GSM2545338",705
"Ptgs2os","GSM2545338",1
"Ptgs2","GSM2545338",41
"Tpr","GSM2545338",5983
"Swt1","GSM2545338",807
"Mir7682","GSM2545338",0
"Rnf2","GSM2545338",1407
"Gm36527","GSM2545338",3
"Edem3","GSM2545338",3702
"Tsen15","GSM2545338",521
"Colgalt2","GSM2545338",98
"Rgl1","GSM2545338",1073
"Arpc5","GSM2545338",2024
"Ncf2","GSM2545338",60
"Nmnat2","GSM2545338",7094
"Lamc2","GSM2545338",59
"Dhx9","GSM2545338",5871
"Rgs16","GSM2545338",469
"Rgsl1","GSM2545338",14
"Zfp648","GSM2545338",2
"Gm9530","GSM2545338",14
"Stx6","GSM2545338",1506
"Xpr1","GSM2545338",3705
"Gm5532","GSM2545338",4
"Acbd6","GSM2545338",706
"Lhx4","GSM2545338",0
"Cep350","GSM2545338",3676
"Fam163a","GSM2545338",47
"Tdrd5","GSM2545338",48
"Nphs2","GSM2545338",15
"Gm2000","GSM2545338",11
"Soat1","GSM2545338",665
"Abl2","GSM2545338",1891
"Fam20b","GSM2545338",2978
"Ralgps2","GSM2545338",2046
"Angptl1","GSM2545338",16
"Rasal2","GSM2545338",2397
"Brinp2","GSM2545338",1043
"Gm4953","GSM2545338",1
"Gm31256","GSM2545338",1
"Rabgap1l","GSM2545338",5694
"Gm6177","GSM2545338",0
"Rc3h1","GSM2545338",3427
"Serpinc1","GSM2545338",2
"Snord47","GSM2545338",18
"Dars2","GSM2545338",607
"Cenpl","GSM2545338",88
"Fasl","GSM2545338",19
"Dnm3","GSM2545338",9579
"Dnm3os","GSM2545338",1
"Prrc2c","GSM2545338",7239
"Fmo2","GSM2545338",354
"Mettl11b","GSM2545338",9
"BC055324","GSM2545338",99
"Sele","GSM2545338",1
"Selp","GSM2545338",0
"F5","GSM2545338",449
"Nme7","GSM2545338",393
"Atp1b1","GSM2545338",50614
"Gm26685","GSM2545338",2
"Dpt","GSM2545338",5
"Gm20743","GSM2545338",216
"Sft2d2","GSM2545338",1147
"Tiprl","GSM2545338",1687
"Rcsd1","GSM2545338",183
"Gm32999","GSM2545338",0
"Dusp27","GSM2545338",15
"Mael","GSM2545338",5
"Gm16418","GSM2545338",5
"Gm16701","GSM2545338",140
"Aldh9a1","GSM2545338",1312
"Mgst3","GSM2545338",1602
"Lrrc52","GSM2545338",4
"Rxrg","GSM2545338",25
"Lmx1a","GSM2545338",50
"Pbx1","GSM2545338",3442
"Asl","GSM2545339",586
"Apod","GSM2545339",10620
"Cyp2d22","GSM2545339",1901
"Klk6","GSM2545339",578
"Fcrls","GSM2545339",237
"Slc2a4","GSM2545339",265
"Exd2","GSM2545339",2513
"Gjc2","GSM2545339",551
"Plp1","GSM2545339",58354
"Gnb4","GSM2545339",1430
"Tnc","GSM2545339",478
"Trf","GSM2545339",14681
"Tubb2b","GSM2545339",2788
"Fads1","GSM2545339",7168
"Lxn","GSM2545339",2089
"Prr18","GSM2545339",1701
"Cmtm5","GSM2545339",1733
"Enpp1","GSM2545339",463
"Clic4","GSM2545339",6429
"Tm6sf2","GSM2545339",157
"Slc20a2","GSM2545339",4712
"Itih3","GSM2545339",3669
"Ptn","GSM2545339",6312
"Prodh","GSM2545339",1202
"Msantd1","GSM2545339",167
"Ugt8a","GSM2545339",3123
"Fbln5","GSM2545339",476
"Trp53inp2","GSM2545339",9319
"Slc7a3","GSM2545339",431
"Dnase1l2","GSM2545339",405
"Icosl","GSM2545339",429
"Rmnd1","GSM2545339",1000
"Tssk5","GSM2545339",75
"Pycr1","GSM2545339",52
"Pla2g3","GSM2545339",125
"Vmn2r1","GSM2545339",34
"Gm29797","GSM2545339",106
"Phyhd1","GSM2545339",1010
"Gpr146","GSM2545339",798
"Mag","GSM2545339",6077
"Tufm","GSM2545339",1804
"Igdcc4","GSM2545339",2394
"Gm10654","GSM2545339",137
"Ncmap","GSM2545339",46
"Etv4","GSM2545339",299
"Fabp7","GSM2545339",645
"Cpsf4l","GSM2545339",72
"Hexa","GSM2545339",1405
"Mfge8","GSM2545339",1742
"Ccdc136","GSM2545339",2971
"Glul","GSM2545339",45228
"Hopx","GSM2545339",4680
"Pigq","GSM2545339",3541
"Vps11","GSM2545339",2635
"Proca1","GSM2545339",200
"Fbxl22","GSM2545339",264
"Sfxn5","GSM2545339",8311
"Hexim2","GSM2545339",416
"Agt","GSM2545339",3760
"Rlbp1","GSM2545339",275
"Jam2","GSM2545339",3592
"Lcat","GSM2545339",1643
"Oxct1","GSM2545339",13330
"Cacna1e","GSM2545339",8888
"Fa2h","GSM2545339",1411
"Plxnb3","GSM2545339",1000
"Lman2l","GSM2545339",1034
"Dpy19l1","GSM2545339",2321
"Kctd21","GSM2545339",722
"Thra","GSM2545339",9138
"Dok3","GSM2545339",188
"Sult1a1","GSM2545339",431
"Rpe","GSM2545339",1242
"Acrbp","GSM2545339",423
"Slc2a9","GSM2545339",65
"Emp2","GSM2545339",1018
"Aipl1","GSM2545339",4
"Uri1","GSM2545339",1888
"Bcs1l","GSM2545339",401
"Rbm3","GSM2545339",5442
"Tra2a","GSM2545339",4133
"Prex1","GSM2545339",4001
"Josd2","GSM2545339",1489
"Tmco3","GSM2545339",1401
"Srebf1","GSM2545339",2014
"Acer2","GSM2545339",450
"Tsga10","GSM2545339",321
"Cyp3a13","GSM2545339",67
"Relt","GSM2545339",636
"Nrep","GSM2545339",28031
"Slc14a1","GSM2545339",1328
"Pnpla2","GSM2545339",934
"Map6d1","GSM2545339",1925
"Ier5","GSM2545339",719
"Bfsp2","GSM2545339",112
"Idi1","GSM2545339",490
"Kat2b","GSM2545339",4854
"Rmdn3","GSM2545339",4465
"Eif4b","GSM2545339",8354
"Grm4","GSM2545339",10111
"Pink1","GSM2545339",15144
"Mettl16","GSM2545339",1078
"Fam193b","GSM2545339",2681
"Rtca","GSM2545339",1300
"Fgfbp1","GSM2545339",47
"Pigs","GSM2545339",2034
"Cfp","GSM2545339",698
"Desi1","GSM2545339",5078
"Gbp4","GSM2545339",150
"Nid1","GSM2545339",862
"Armcx5","GSM2545339",543
"Cryab","GSM2545339",3336
"Prss53","GSM2545339",158
"Car4","GSM2545339",4863
"Gm6277","GSM2545339",138
"Amt","GSM2545339",968
"Zc3h6","GSM2545339",1037
"Aqp4","GSM2545339",18861
"Tmem198b","GSM2545339",603
"Abi3bp","GSM2545339",935
"Xpa","GSM2545339",338
"Aldh6a1","GSM2545339",3494
"Adam1a","GSM2545339",597
"Dynlt1a","GSM2545339",453
"Gatm","GSM2545339",4682
"H2-Q4","GSM2545339",120
"Nras","GSM2545339",1279
"Pla2g4e","GSM2545339",263
"Lpar1","GSM2545339",1856
"Il12rb1","GSM2545339",33
"Enpp6","GSM2545339",503
"Ermn","GSM2545339",4798
"Marcksl1","GSM2545339",905
"Ubqln4","GSM2545339",2967
"Glt8d1","GSM2545339",1099
"Ddx25","GSM2545339",1328
"Gpr17","GSM2545339",807
"Cat","GSM2545339",1980
"Wwox","GSM2545339",743
"Phkg1","GSM2545339",548
"Ppp1r3f","GSM2545339",845
"Mrpl35","GSM2545339",1222
"Nudt9","GSM2545339",1417
"Lypd6","GSM2545339",1051
"Spice1","GSM2545339",693
"Tuba8","GSM2545339",1189
"Spon1","GSM2545339",4131
"Nfya","GSM2545339",944
"Sc5d","GSM2545339",3678
"Aldh18a1","GSM2545339",819
"Ebp","GSM2545339",988
"Srr","GSM2545339",2744
"Gm14827","GSM2545339",304
"Gm31135","GSM2545339",54
"Adam17","GSM2545339",1024
"Slc39a2","GSM2545339",625
"Snn","GSM2545339",4864
"Hnrnpc","GSM2545339",9155
"Srbd1","GSM2545339",412
"Ptp4a1","GSM2545339",1345
"Tppp","GSM2545339",11943
"Stac3","GSM2545339",145
"Emid1","GSM2545339",285
"Cotl1","GSM2545339",2740
"Ovgp1","GSM2545339",566
"Ssx2ip","GSM2545339",2891
"Hsd3b7","GSM2545339",692
"Kazald1","GSM2545339",219
"Omd","GSM2545339",131
"Bcas1","GSM2545339",6143
"Gm9925","GSM2545339",313
"Dleu2","GSM2545339",381
"Chil3","GSM2545339",41
"Deaf1","GSM2545339",1614
"Dusp19","GSM2545339",270
"Gkn3","GSM2545339",69
"Pllp","GSM2545339",1094
"Sox2ot","GSM2545339",727
"Ntf3","GSM2545339",184
"Lum","GSM2545339",231
"Gm20751","GSM2545339",62
"Thnsl2","GSM2545339",152
"Slc2a4rg-ps","GSM2545339",450
"Agpat5","GSM2545339",3454
"Mdk","GSM2545339",711
"Penk","GSM2545339",2992
"Cirbp","GSM2545339",1802
"Aloxe3","GSM2545339",283
"Nudt5","GSM2545339",542
"Serpinb1a","GSM2545339",595
"Mt1","GSM2545339",7318
"Fgfr3","GSM2545339",4039
"Myo1d","GSM2545339",575
"Cd99l2","GSM2545339",3528
"C2cd2","GSM2545339",739
"Brsk2","GSM2545339",5298
"Mrrf","GSM2545339",554
"Snhg4","GSM2545339",248
"Hmgcs1","GSM2545339",6340
"Stk17b","GSM2545339",4338
"Cyp51","GSM2545339",2624
"Gria4","GSM2545339",21512
"Ttyh1","GSM2545339",17860
"Slc13a1","GSM2545339",117
"Phf7","GSM2545339",124
"Get4","GSM2545339",1142
"Gstm1","GSM2545339",6837
"Fbxo31","GSM2545339",2098
"Padi2","GSM2545339",827
"Gnmt","GSM2545339",125
"Paip2b","GSM2545339",3667
"Slc17a9","GSM2545339",11
"Vopp1","GSM2545339",1746
"Ogdhl","GSM2545339",4103
"Dcaf12","GSM2545339",2498
"Rorc","GSM2545339",1007
"Cp","GSM2545339",1345
"Jade2","GSM2545339",1996
"Nbl1","GSM2545339",1772
"Hsph1","GSM2545339",6279
"Serf2","GSM2545339",3611
"Rasgef1a","GSM2545339",3507
"Prrg1","GSM2545339",572
"Etnppl","GSM2545339",5804
"Cyp4f15","GSM2545339",186
"Ankrd29","GSM2545339",1091
"Gm27252","GSM2545339",40
"Kctd2","GSM2545339",2826
"Iigp1","GSM2545339",123
"Ak4","GSM2545339",5210
"Idh2","GSM2545339",1171
"Camkk1","GSM2545339",2589
"Rftn2","GSM2545339",1238
"Igtp","GSM2545339",193
"Bche","GSM2545339",383
"Marcks","GSM2545339",5869
"Pabpc4","GSM2545339",658
"Pmp22","GSM2545339",1385
"Car14","GSM2545339",784
"Serpinh1","GSM2545339",911
"Ppp1r13b","GSM2545339",2269
"Tfrc","GSM2545339",5794
"Smox","GSM2545339",1931
"Tjap1","GSM2545339",874
"Msmo1","GSM2545339",2422
"Slc26a8","GSM2545339",92
"Eml3","GSM2545339",949
"Csf2ra","GSM2545339",368
"Rnf141","GSM2545339",3099
"Slc25a16","GSM2545339",1061
"Echdc1","GSM2545339",1566
"Eid2b","GSM2545339",617
"Piga","GSM2545339",367
"Ccdc149","GSM2545339",1047
"Car15","GSM2545339",536
"Eny2","GSM2545339",2333
"Mroh1","GSM2545339",3320
"Pcyox1l","GSM2545339",570
"Ankrd39","GSM2545339",337
"Timeless","GSM2545339",268
"Sparc","GSM2545339",28108
"Slc7a10","GSM2545339",1308
"Ppp1r2","GSM2545339",4516
"Psmf1","GSM2545339",1159
"Adat1","GSM2545339",255
"Slc6a12","GSM2545339",193
"Snhg3","GSM2545339",210
"Prg4","GSM2545339",293
"Plod1","GSM2545339",876
"Whamm","GSM2545339",761
"Ttpa","GSM2545339",463
"Thbs3","GSM2545339",163
"Gltp","GSM2545339",1100
"Pex6","GSM2545339",1594
"Aim2","GSM2545339",122
"Ednrb","GSM2545339",5524
"Nuf2","GSM2545339",91
"Mog","GSM2545339",1818
"Ccl27a","GSM2545339",2003
"Tac4","GSM2545339",11
"Snhg8","GSM2545339",318
"Ak6","GSM2545339",347
"Kctd20","GSM2545339",2478
"Itgb4","GSM2545339",490
"Zfp810","GSM2545339",464
"Gm33489","GSM2545339",136
"Gna12","GSM2545339",1558
"Cyp4v3","GSM2545339",594
"Pkp4","GSM2545339",9595
"Agpat1","GSM2545339",2283
"Gipr","GSM2545339",42
"Edn3","GSM2545339",182
"Prr15","GSM2545339",33
"Traf1","GSM2545339",162
"Pim2","GSM2545339",1133
"Lrrc8a","GSM2545339",2615
"Erp44","GSM2545339",1564
"Tmem33","GSM2545339",6234
"Fen1","GSM2545339",581
"Tfap4","GSM2545339",243
"Lman2","GSM2545339",3142
"Senp8","GSM2545339",314
"Alg14","GSM2545339",715
"Ddah1","GSM2545339",3832
"Pomt1","GSM2545339",569
"Rab3b","GSM2545339",385
"Lrrc29","GSM2545339",55
"Nqo1","GSM2545339",366
"Gpr137b","GSM2545339",501
"Pcif1","GSM2545339",1740
"Qdpr","GSM2545339",5776
"Dcdc2b","GSM2545339",292
"Rap2a","GSM2545339",1883
"Cnpy4","GSM2545339",544
"Wdr41","GSM2545339",1311
"Gm20627","GSM2545339",34
"Mmaa","GSM2545339",1443
"Gm13562","GSM2545339",34
"Cd70","GSM2545339",27
"Itm2a","GSM2545339",2347
"Avil","GSM2545339",68
"Zscan22","GSM2545339",462
"Itgb3","GSM2545339",74
"Col11a2","GSM2545339",582
"Apoc1","GSM2545339",45
"Tmeff2","GSM2545339",1974
"Tyro3","GSM2545339",6248
"Ift22","GSM2545339",1127
"Mtmr7","GSM2545339",2523
"Gabrr2","GSM2545339",60
"Ube2v2","GSM2545339",1702
"C77080","GSM2545339",1027
"Elovl5","GSM2545339",4502
"Serinc5","GSM2545339",2584
"Pyroxd2","GSM2545339",153
"Ypel2","GSM2545339",1940
"Parp3","GSM2545339",376
"Xpo1","GSM2545339",5832
"Polr2a","GSM2545339",3714
"Tspyl4","GSM2545339",29818
"Irgm1","GSM2545339",343
"Cep131","GSM2545339",774
"Sema4d","GSM2545339",3294
"Gbp6","GSM2545339",260
"Zfp119b","GSM2545339",184
"Eps15","GSM2545339",13768
"Pxmp2","GSM2545339",222
"Tomm40l","GSM2545339",1975
"Atat1","GSM2545339",948
"Chrac1","GSM2545339",366
"Mrpl24","GSM2545339",1531
"Ipo9","GSM2545339",5795
"Actg1","GSM2545339",6879
"Noxred1","GSM2545339",105
"Gm20501","GSM2545339",125
"H2-K1","GSM2545339",953
"Lig1","GSM2545339",552
"Morn2","GSM2545339",227
"Dcakd","GSM2545339",849
"Nop14","GSM2545339",915
"Bbs1","GSM2545339",1289
"Tada2b","GSM2545339",1167
"Gal3st1","GSM2545339",266
"Xpc","GSM2545339",640
"Irf2bp2","GSM2545339",2616
"Spns2","GSM2545339",1806
"Pole","GSM2545339",107
"Fam78b","GSM2545339",1383
"Ggcx","GSM2545339",737
"Anks1","GSM2545339",2010
"Pgm2","GSM2545339",3548
"Zgrf1","GSM2545339",405
"Alkbh3","GSM2545339",412
"Dnd1","GSM2545339",85
"Lime1","GSM2545339",2517
"Trim23","GSM2545339",4062
"Abhd14a","GSM2545339",468
"Zkscan3","GSM2545339",1751
"Fam131b","GSM2545339",6580
"Elovl1","GSM2545339",595
"Trim72","GSM2545339",31
"Klhdc9","GSM2545339",83
"Iqck","GSM2545339",89
"Smim14","GSM2545339",5323
"Kcnab3","GSM2545339",1683
"Ing5","GSM2545339",484
"Cnnm3","GSM2545339",1858
"Fn3k","GSM2545339",1046
"Cnp","GSM2545339",13190
"Uros","GSM2545339",662
"Eml1","GSM2545339",2565
"Lgals3","GSM2545339",53
"Gjb1","GSM2545339",686
"Dynll1","GSM2545339",2790
"Cyp2j12","GSM2545339",110
"Crip3","GSM2545339",39
"Sbk1","GSM2545339",18641
"Camkk2","GSM2545339",9139
"Setd7","GSM2545339",13413
"Btf3l4","GSM2545339",1736
"Acbd4","GSM2545339",1238
"Gm16835","GSM2545339",151
"Gpr37","GSM2545339",1986
"Prr5l","GSM2545339",508
"Slain1","GSM2545339",1853
"Calr","GSM2545339",10476
"Bst1","GSM2545339",14
"Fmnl3","GSM2545339",351
"Gpr89","GSM2545339",670
"Zranb1","GSM2545339",5306
"Col27a1","GSM2545339",1061
"Emc8","GSM2545339",2564
"Ormdl3","GSM2545339",2574
"Capg","GSM2545339",78
"Zbtb21","GSM2545339",924
"Sord","GSM2545339",733
"Tsc22d1","GSM2545339",10100
"Gpld1","GSM2545339",2871
"Cdh4","GSM2545339",702
"Hkdc1","GSM2545339",48
"Ggact","GSM2545339",1102
"Zfp493","GSM2545339",182
"Mkks","GSM2545339",1516
"Gm15423","GSM2545339",65
"Npas2","GSM2545339",220
"Plin4","GSM2545339",318
"Rragc","GSM2545339",2480
"Nsun3","GSM2545339",385
"Hgsnat","GSM2545339",2386
"Acr","GSM2545339",31
"Ccdc167","GSM2545339",987
"Thap1","GSM2545339",387
"Egfl8","GSM2545339",147
"Vps33a","GSM2545339",3796
"Igbp1","GSM2545339",1307
"Tbx6","GSM2545339",87
"Dcst2","GSM2545339",19
"Rbm28","GSM2545339",1877
"Pms1","GSM2545339",408
"Rtcb","GSM2545339",3747
"Smad9","GSM2545339",1470
"Ubxn2b","GSM2545339",771
"Rnf170","GSM2545339",1507
"Pithd1","GSM2545339",2021
"Steap3","GSM2545339",82
"Tomm20","GSM2545339",7723
"Klf15","GSM2545339",1152
"Amz2","GSM2545339",1475
"Folh1","GSM2545339",718
"Ubfd1","GSM2545339",3213
"Gpx3","GSM2545339",476
"C4b","GSM2545339",773
"Mdfi","GSM2545339",342
"Nucb2","GSM2545339",294
"Clip4","GSM2545339",1373
"Tipin","GSM2545339",478
"Amy1","GSM2545339",898
"Efhd1","GSM2545339",1377
"Smim15","GSM2545339",2175
"Zfp658","GSM2545339",616
"E2f6","GSM2545339",1914
"Lix1","GSM2545339",447
"Coq4","GSM2545339",301
"Otoa","GSM2545339",47
"Mex3a","GSM2545339",191
"Tmem132c","GSM2545339",998
"Dclk1","GSM2545339",15189
"Eml2","GSM2545339",3375
"Glyr1","GSM2545339",6953
"Gm1976","GSM2545339",312
"Smyd3","GSM2545339",998
"Dcaf8","GSM2545339",7038
"Lias","GSM2545339",982
"Msn","GSM2545339",2487
"Timmdc1","GSM2545339",554
"H2-Q6","GSM2545339",57
"Asic3","GSM2545339",43
"Col5a3","GSM2545339",282
"Stx3","GSM2545339",2353
"AW046200","GSM2545339",121
"Hsf1","GSM2545339",1374
"Colq","GSM2545339",120
"Rcor3","GSM2545339",1171
"Slc6a20a","GSM2545339",646
"Prps1","GSM2545339",2034
"Keap1","GSM2545339",1755
"Tap2","GSM2545339",319
"Slc16a7","GSM2545339",1297
"Eif2b3","GSM2545339",485
"Flywch1","GSM2545339",11077
"Amigo2","GSM2545339",784
"Hspd1","GSM2545339",7070
"Sost","GSM2545339",29
"Gm8615","GSM2545339",27
"Kcnk13","GSM2545339",175
"Tspyl2","GSM2545339",4626
"Spsb3","GSM2545339",2029
"Gm8493","GSM2545339",35
"Fgf22","GSM2545339",64
"Slc6a6","GSM2545339",3913
"Xist","GSM2545339",32182
"Ddx3y","GSM2545339",0
"Eif2s3y","GSM2545339",0
"Kdm5d","GSM2545339",0
"Uty","GSM2545339",0
"Eif2s3x","GSM2545339",2519
"Kdm6a","GSM2545339",3246
"Casp12","GSM2545339",301
"Ddx3x","GSM2545339",25909
"Prl2c3","GSM2545339",91
"Casp1","GSM2545339",105
"Pbdc1","GSM2545339",577
"Kdm5c","GSM2545339",4685
"Ctxn2","GSM2545339",194
"Ldoc1","GSM2545339",347
"Gpr179","GSM2545339",46
"Pou4f1","GSM2545339",66
"Tmprss3","GSM2545339",36
"Prl2c2","GSM2545339",19
"Slc35b1","GSM2545339",1294
"Myoc","GSM2545339",347
"Cartpt","GSM2545339",102
"Tchh","GSM2545339",86
"H2-Q2","GSM2545339",53
"Ascl1","GSM2545339",71
"Crhr1","GSM2545339",2768
"Gm4017","GSM2545339",3
"Impg1","GSM2545339",39
"Rxfp3","GSM2545339",35
"AI504432","GSM2545339",1284
"Mpo","GSM2545339",14
"Oxtr","GSM2545339",27
"Usp2","GSM2545339",3345
"Lor","GSM2545339",20
"Srrm4","GSM2545339",3019
"Slc35g1","GSM2545339",140
"Tceal6","GSM2545339",1142
"Dach2","GSM2545339",113
"Lgr6","GSM2545339",323
"Kcna4","GSM2545339",221
"Zfyve28","GSM2545339",2623
"Hps4","GSM2545339",693
"Ucp3","GSM2545339",82
"Mettl17","GSM2545339",721
"Atg9b","GSM2545339",121
"Usp3","GSM2545339",4347
"Acta2","GSM2545339",204
"Wdr24","GSM2545339",545
"Zw10","GSM2545339",1376
"Ubtd2","GSM2545339",1705
"Slc6a4","GSM2545339",373
"Cog1","GSM2545339",1796
"S100a9","GSM2545339",210
"Nadk","GSM2545339",2286
"Col6a1","GSM2545339",412
"Susd2","GSM2545339",338
"Fam53b","GSM2545339",2164
"Npas1","GSM2545339",62
"Rhbdf1","GSM2545339",399
"Cacnb1","GSM2545339",740
"Zfp579","GSM2545339",761
"Dtx4","GSM2545339",1021
"Chrm3","GSM2545339",197
"Plcl2","GSM2545339",1662
"Ptprj","GSM2545339",2664
"Cyhr1","GSM2545339",5583
"Stx5a","GSM2545339",2187
"Smim8","GSM2545339",410
"Pappa2","GSM2545339",10
"Stbd1","GSM2545339",29
"Rln3","GSM2545339",20
"Ldlr","GSM2545339",1151
"Bmp2","GSM2545339",69
"Itga10","GSM2545339",236
"Unc45a","GSM2545339",1306
"Hap1","GSM2545339",3849
"Gm35339","GSM2545339",307
"Serpinb8","GSM2545339",77
"Tmem200c","GSM2545339",234
"Ngb","GSM2545339",135
"Myh11","GSM2545339",231
"Ass1","GSM2545339",531
"Ccdc28b","GSM2545339",1293
"Vsx2","GSM2545339",19
"Klhl1","GSM2545339",458
"Slit1","GSM2545339",400
"Rbm10","GSM2545339",2456
"Sgk1","GSM2545339",5212
"Zbtb24","GSM2545339",612
"Kif5a","GSM2545339",40585
"Alox8","GSM2545339",127
"Rgcc","GSM2545339",293
"Olfr1033","GSM2545339",43
"Lrrn4","GSM2545339",10
"Trim59","GSM2545339",918
"Pnma2","GSM2545339",578
"Arc","GSM2545339",789
"Lypd6b","GSM2545339",231
"Prkar2b","GSM2545339",1054
"Gabrd","GSM2545339",4960
"Sh3gl1","GSM2545339",1385
"Rab9b","GSM2545339",1137
"Slc9a2","GSM2545339",131
"Gata3","GSM2545339",67
"Rnd3","GSM2545339",605
"Tdgf1","GSM2545339",174
"Tph2","GSM2545339",632
"Gprc5c","GSM2545339",1961
"Syt16","GSM2545339",299
"Cdyl","GSM2545339",427
"St8sia2","GSM2545339",104
"Usp19","GSM2545339",5563
"Foxj2","GSM2545339",2169
"Wdfy2","GSM2545339",1603
"Fibcd1","GSM2545339",125
"Hs3st4","GSM2545339",169
"Rab27b","GSM2545339",679
"Gm4988","GSM2545339",126
"Hebp1","GSM2545339",230
"Mrgpre","GSM2545339",105
"Slc22a4","GSM2545339",2272
"Txndc11","GSM2545339",1164
"Pgr15l","GSM2545339",54
"Evpl","GSM2545339",91
"Pax7","GSM2545339",70
"Trim65","GSM2545339",107
"Gm33533","GSM2545339",34
"Otof","GSM2545339",194
"Alk","GSM2545339",87
"Acap3","GSM2545339",2712
"Erdr1","GSM2545339",664
"Kcnq5","GSM2545339",212
"Msln","GSM2545339",27
"Tbc1d20","GSM2545339",1146
"Slc16a10","GSM2545339",264
"Errfi1","GSM2545339",1955
"Nr2e1","GSM2545339",11
"Gpr149","GSM2545339",38
"Plcxd1","GSM2545339",198
"Lrch3","GSM2545339",4483
"Morc2b","GSM2545339",129
"Elfn1","GSM2545339",132
"Rnf180","GSM2545339",329
"Pcdhb8","GSM2545339",161
"Creg2","GSM2545339",534
"Erich3","GSM2545339",972
"Rpp25","GSM2545339",234
"Fgfr1","GSM2545339",5743
"Sfrp2","GSM2545339",51
"Rprm","GSM2545339",91
"Tmem120b","GSM2545339",422
"Tpra1","GSM2545339",1773
"Igsf9","GSM2545339",23
"Jakmip1","GSM2545339",828
"Hsf4","GSM2545339",249
"Pcbd1","GSM2545339",144
"Rasgrf2","GSM2545339",1160
"Dgkk","GSM2545339",185
"Paxip1","GSM2545339",1513
"Smtn","GSM2545339",210
"Cmpk2","GSM2545339",758
"Drd4","GSM2545339",9
"Samd11","GSM2545339",24
"Magel2","GSM2545339",61
"Csrnp3","GSM2545339",1795
"Zfp941","GSM2545339",782
"Lrrc1","GSM2545339",667
"Tmie","GSM2545339",263
"Pcdh8","GSM2545339",193
"Glra2","GSM2545339",241
"Gpatch8","GSM2545339",4339
"Slc6a16","GSM2545339",24
"Grm7","GSM2545339",1102
"Ybx3","GSM2545339",1458
"Tenm3","GSM2545339",1016
"Npffr1","GSM2545339",15
"Slc39a11","GSM2545339",394
"Otp","GSM2545339",18
"Hoga1","GSM2545339",52
"Egfl6","GSM2545339",25
"Plch2","GSM2545339",6721
"Pde11a","GSM2545339",73
"Zfp335","GSM2545339",1335
"Gpr61","GSM2545339",222
"Tox","GSM2545339",138
"Gabrr1","GSM2545339",14
"Jun","GSM2545339",2066
"Cox7b2","GSM2545339",15
"Mn1","GSM2545339",172
"Tmem130","GSM2545339",3573
"Dusp11","GSM2545339",7345
"Tmem91","GSM2545339",158
"Rbms2","GSM2545339",755
"Inpp5j","GSM2545339",4583
"Vstm2a","GSM2545339",1694
"C1qtnf2","GSM2545339",29
"Ctns","GSM2545339",1020
"Smarcd2","GSM2545339",2475
"Dbpht2","GSM2545339",93
"Ltbp2","GSM2545339",1361
"Drd1","GSM2545339",36
"Dact2","GSM2545339",200
"E4f1","GSM2545339",871
"Zfp598","GSM2545339",2092
"Zcchc12","GSM2545339",1722
"Zfp263","GSM2545339",1296
"Tspyl3","GSM2545339",562
"Arhgap10","GSM2545339",507
"Plxnb2","GSM2545339",5094
"Doc2a","GSM2545339",211
"Tmem29","GSM2545339",543
"Dpf2","GSM2545339",2670
"Foxl2os","GSM2545339",35
"Slc47a1","GSM2545339",204
"Nap1l5","GSM2545339",21950
"Mapk7","GSM2545339",952
"Grem2","GSM2545339",293
"Pcdh10","GSM2545339",2053
"Nol3","GSM2545339",274
"Gpr83","GSM2545339",112
"Nrsn2","GSM2545339",2218
"Prss16","GSM2545339",21
"Pcdh18","GSM2545339",221
"Emx2","GSM2545339",21
"Ccdc81","GSM2545339",60
"Rwdd2a","GSM2545339",414
"Mpped1","GSM2545339",357
"Galnt7","GSM2545339",2090
"S100a8","GSM2545339",154
"Mau2","GSM2545339",4065
"Ptpn23","GSM2545339",2413
"Sstr1","GSM2545339",254
"Wdfy4","GSM2545339",57
"Anxa3","GSM2545339",368
"C3","GSM2545339",51
"Tead4","GSM2545339",174
"Clvs2","GSM2545339",445
"Gaa","GSM2545339",6893
"Zfp219","GSM2545339",4748
"Bves","GSM2545339",40
"Tmem161a","GSM2545339",805
"Unc5d","GSM2545339",643
"Cd180","GSM2545339",45
"Scml4","GSM2545339",34
"Stk38","GSM2545339",2008
"Sox17","GSM2545339",220
"Srsf9","GSM2545339",1332
"Herpud1","GSM2545339",2633
"Hmbs","GSM2545339",433
"Gm2824","GSM2545339",85
"Mir1901","GSM2545339",32
"Adamts19","GSM2545339",21
"Zfp36l1","GSM2545339",1300
"Impact","GSM2545339",9742
"Trmt6","GSM2545339",1421
"Plekhm1","GSM2545339",1393
"Basp1","GSM2545339",1911
"Grid1","GSM2545339",767
"Zdbf2","GSM2545339",823
"Tal1","GSM2545339",144
"Raf1","GSM2545339",3744
"Pgpep1l","GSM2545339",12
"Fzd4","GSM2545339",742
"Tfdp1","GSM2545339",1852
"Pdzrn4","GSM2545339",106
"Ier3","GSM2545339",402
"Mir378a","GSM2545339",6
"Magee2","GSM2545339",110
"Plekhg2","GSM2545339",194
"Boc","GSM2545339",3332
"Ddx39b","GSM2545339",4345
"H2-T24","GSM2545339",123
"Insm1","GSM2545339",27
"Vstm5","GSM2545339",153
"Kctd4","GSM2545339",252
"Oprm1","GSM2545339",199
"Zfand6","GSM2545339",2526
"Cx3cl1","GSM2545339",2987
"Tacr3","GSM2545339",137
"Gpr4","GSM2545339",133
"Ptgis","GSM2545339",53
"Ccdc28a","GSM2545339",503
"Ido2","GSM2545339",10
"Elfn2","GSM2545339",1149
"Ngp","GSM2545339",131
"Ptpro","GSM2545339",375
"Neto1","GSM2545339",383
"Col6a2","GSM2545339",258
"Fev","GSM2545339",18
"Mmab","GSM2545339",588
"Resp18","GSM2545339",1558
"Amn","GSM2545339",26
"Tmem132b","GSM2545339",619
"St6gal2","GSM2545339",234
"Tbc1d25","GSM2545339",675
"Pdcd2l","GSM2545339",545
"Acot3","GSM2545339",17
"Gm5468","GSM2545339",10
"Atg16l1","GSM2545339",2002
"Rpl14-ps1","GSM2545339",30
"Glra3","GSM2545339",489
"Plekhh3","GSM2545339",1480
"Pcdhga1","GSM2545339",118
"Gm9899","GSM2545339",1062
"Eps8l1","GSM2545339",579
"Serpina3g","GSM2545339",20
"Pcdh17","GSM2545339",1469
"Riok3","GSM2545339",3342
"Dcaf12l2","GSM2545339",20
"Ankrd6","GSM2545339",715
"Dhrs11","GSM2545339",353
"Zdhhc22","GSM2545339",282
"Hmgb3","GSM2545339",356
"Mid1","GSM2545339",211
"Celf3","GSM2545339",1371
"Akap5","GSM2545339",244
"Phlda3","GSM2545339",584
"Arfgap2","GSM2545339",2983
"Gabpb1","GSM2545339",952
"Mybpc1","GSM2545339",2609
"Nfkbia","GSM2545339",724
"Gabra3","GSM2545339",1128
"Gtpbp2","GSM2545339",2279
"Ptgdr","GSM2545339",19
"Myh15","GSM2545339",41
"Ciz1","GSM2545339",1304
"Tmem62","GSM2545339",2486
"Pan3","GSM2545339",3797
"Pld3","GSM2545339",2769
"Trim3","GSM2545339",5500
"Spata2l","GSM2545339",558
"Gm2223","GSM2545339",38
"Dnah1","GSM2545339",117
"Pnoc","GSM2545339",136
"Dzank1","GSM2545339",7886
"Safb2","GSM2545339",2867
"Rnf128","GSM2545339",1141
"Jpx","GSM2545339",216
"Il16","GSM2545339",5932
"Slc26a7","GSM2545339",262
"Rspo1","GSM2545339",26
"Hcfc2","GSM2545339",1548
"Gm35315","GSM2545339",53
"Tyrp1","GSM2545339",15
"Pank4","GSM2545339",1730
"Ngef","GSM2545339",587
"Llgl1","GSM2545339",2650
"Usp12","GSM2545339",2339
"Ppp2r2d","GSM2545339",1858
"Zfp677","GSM2545339",148
"Heyl","GSM2545339",145
"Sin3b","GSM2545339",2042
"Sidt1","GSM2545339",1385
"Spin2c","GSM2545339",135
"Wasf2","GSM2545339",1009
"Tmem14a","GSM2545339",686
"Cntnap5a","GSM2545339",772
"Ccm2l","GSM2545339",126
"Sema3e","GSM2545339",669
"Il18bp","GSM2545339",400
"Slc35f1","GSM2545339",1478
"Best1","GSM2545339",24
"Pde8b","GSM2545339",890
"Htr7","GSM2545339",159
"Cfap57","GSM2545339",28
"Sgsm1","GSM2545339",3853
"Scn3b","GSM2545339",591
"Mark3","GSM2545339",3190
"Acsl5","GSM2545339",606
"Qpct","GSM2545339",236
"Iqcc","GSM2545339",670
"Noc2l","GSM2545339",2119
"Slc25a27","GSM2545339",3312
"Kdm4b","GSM2545339",2195
"Pde1b","GSM2545339",1492
"Pcdha10","GSM2545339",57
"Gja5","GSM2545339",14
"Irs4","GSM2545339",105
"Mamdc4","GSM2545339",145
"Mthfd2l","GSM2545339",348
"Lrrtm1","GSM2545339",306
"Tacr1","GSM2545339",80
"Lmo3","GSM2545339",357
"Psg16","GSM2545339",733
"Abcc8","GSM2545339",2362
"Epc1","GSM2545339",2223
"Slc6a7","GSM2545339",497
"Col4a5","GSM2545339",353
"Gm8013","GSM2545339",8
"Clpx","GSM2545339",1743
"Dffb","GSM2545339",268
"Senp3","GSM2545339",1947
"Hhex","GSM2545339",41
"Per2","GSM2545339",3151
"Rnpep","GSM2545339",1226
"Ttll1","GSM2545339",712
"Ppp1r1c","GSM2545339",14
"Moxd1","GSM2545339",200
"Susd6","GSM2545339",4427
"Ighm","GSM2545339",211
"Fam131a","GSM2545339",3071
"Zfp92","GSM2545339",50
"Kirrel","GSM2545339",371
"Npsr1","GSM2545339",24
"Kcnj16","GSM2545339",1054
"Atg10","GSM2545339",224
"Vwc2l","GSM2545339",170
"Sox14","GSM2545339",27
"Zc3h3","GSM2545339",361
"Gak","GSM2545339",3874
"Tox2","GSM2545339",254
"Tenm2","GSM2545339",1100
"Begain","GSM2545339",1079
"Dsc3","GSM2545339",8
"Fbll1","GSM2545339",342
"Dnah7a","GSM2545339",29
"Gm3764","GSM2545339",2764
"Strip1","GSM2545339",2628
"Nmnat3","GSM2545339",41
"Lims2","GSM2545339",224
"Fam43b","GSM2545339",268
"Ccnl2","GSM2545339",8444
"Gm11627","GSM2545339",21
"Rabl2","GSM2545339",848
"Kcnj3","GSM2545339",5121
"Zfp36","GSM2545339",160
"Slc2a1","GSM2545339",4136
"Cnksr3","GSM2545339",2386
"AW551984","GSM2545339",682
"Hykk","GSM2545339",199
"Rnasel","GSM2545339",106
"Shc1","GSM2545339",324
"Ppp1r12c","GSM2545339",3024
"Syne4","GSM2545339",306
"Arrdc2","GSM2545339",456
"Usp28","GSM2545339",2180
"Slfn4","GSM2545339",48
"Pomt2","GSM2545339",1255
"Gm10432","GSM2545339",122
"Cngb1","GSM2545339",28
"Dot1l","GSM2545339",5848
"Gmnn","GSM2545339",140
"Ccdc160","GSM2545339",59
"Ptpn5","GSM2545339",1072
"Mal2","GSM2545339",483
"Arap3","GSM2545339",264
"Mib2","GSM2545339",2503
"Itgb1bp2","GSM2545339",40
"Stk32b","GSM2545339",77
"Dgkb","GSM2545339",1676
"Pcgf6","GSM2545339",994
"Serinc2","GSM2545339",585
"Arhgef37","GSM2545339",606
"Ltf","GSM2545339",86
"Timp2","GSM2545339",4037
"Snora41","GSM2545339",24
"F3","GSM2545339",1845
"Tgfbi","GSM2545339",171
"Rab44","GSM2545339",6
"Lclat1","GSM2545339",909
"Arid5b","GSM2545339",1861
"Col25a1","GSM2545339",624
"Inpp5b","GSM2545339",2533
"Dhfr","GSM2545339",288
"Phkg2","GSM2545339",1615
"Bcl11a","GSM2545339",543
"Nr2f1","GSM2545339",1398
"Trhr","GSM2545339",89
"Msc","GSM2545339",12
"Mndal","GSM2545339",160
"Pou3f2","GSM2545339",585
"Gm9962","GSM2545339",27
"Atg16l2","GSM2545339",1138
"Gm16425","GSM2545339",7
"Ap1m1","GSM2545339",1840
"Trpv3","GSM2545339",15
"Inpp5k","GSM2545339",2074
"D11Wsu47e","GSM2545339",180
"Fkbp1b","GSM2545339",288
"Syvn1","GSM2545339",1944
"Aldh3a2","GSM2545339",2710
"Dtd2","GSM2545339",228
"Pcdh19","GSM2545339",508
"Gm5526","GSM2545339",19
"Nsun5","GSM2545339",542
"Hrh2","GSM2545339",277
"Lmbr1l","GSM2545339",565
"Pkn1","GSM2545339",1116
"Nptx2","GSM2545339",96
"Ctxn1","GSM2545339",242
"Rp1","GSM2545339",3
"Gm7357","GSM2545339",2
"Mrpl15","GSM2545339",1158
"Lypla1","GSM2545339",1624
"Tcea1","GSM2545339",2490
"Gm6104","GSM2545339",0
"Atp6v1h","GSM2545339",5140
"Oprk1","GSM2545339",154
"Npbwr1","GSM2545339",12
"Rb1cc1","GSM2545339",6410
"Gm2147","GSM2545339",0
"Gm26901","GSM2545339",1
"Sntg1","GSM2545339",595
"Gm6187","GSM2545339",0
"Rrs1","GSM2545339",573
"Mcmdc2","GSM2545339",20
"Snhg6","GSM2545339",288
"Snord87","GSM2545339",3
"Tcf24","GSM2545339",4
"Ppp1r42","GSM2545339",13
"Arfgef1","GSM2545339",5446
"Cpa6","GSM2545339",4
"Ncoa2","GSM2545339",4406
"Tram1","GSM2545339",1439
"Gm5523","GSM2545339",2
"Eya1","GSM2545339",218
"Smt3h2-ps4","GSM2545339",1
"Trpa1","GSM2545339",2
"Gm10566","GSM2545339",1
"Terf1","GSM2545339",622
"Rdh10","GSM2545339",880
"Stau2","GSM2545339",3534
"Ly96","GSM2545339",29
"Jph1","GSM2545339",1419
"Gdap1","GSM2545339",6084
"Rbm6-ps1","GSM2545339",8
"Pi15","GSM2545339",24
"Gm28154","GSM2545339",15
"Gm16070","GSM2545339",0
"Gm15825","GSM2545339",4
"Tfap2d","GSM2545339",257
"Tfap2b","GSM2545339",1497
"Pkhd1","GSM2545339",2
"Mir133b","GSM2545339",3
"Il17f","GSM2545339",0
"Paqr8","GSM2545339",15182
"Tram2","GSM2545339",15
"Gm7658","GSM2545339",13
"Gm7761","GSM2545339",4
"Mir30c-2","GSM2545339",11
"Ogfrl1","GSM2545339",9525
"Smap1","GSM2545339",2664
"Fam135a","GSM2545339",2906
"Col19a1","GSM2545339",1088
"Lmbrd1","GSM2545339",7896
"Gm20172","GSM2545339",8
"Gm29214","GSM2545339",6
"Gm7846","GSM2545339",7
"Gm5525","GSM2545339",9
"Phf3","GSM2545339",4651
"Khdrbs2","GSM2545339",269
"Gm5415","GSM2545339",0
"Zfp451","GSM2545339",1379
"Gm15455","GSM2545339",6
"Bend6","GSM2545339",9013
"Ptpn18","GSM2545339",44
"Cfc1","GSM2545339",3
"Amer3","GSM2545339",1914
"Fam168b","GSM2545339",10515
"Gm33222","GSM2545339",6
"Kansl3","GSM2545339",3797
"Fer1l5","GSM2545339",3
"Cnnm4","GSM2545339",915
"Sema4c","GSM2545339",855
"Cox5b","GSM2545339",5464
"Zap70","GSM2545339",24
"Tmem131","GSM2545339",3302
"Cnga3","GSM2545339",4
"Unc50","GSM2545339",1445
"Lipt1","GSM2545339",112
"Mrpl30","GSM2545339",1128
"Lyg2","GSM2545339",10
"Txndc9","GSM2545339",1831
"Eif5b","GSM2545339",4084
"Gm16150","GSM2545339",22
"Gm16152","GSM2545339",6
"Pdcl3","GSM2545339",1024
"Rpl31","GSM2545339",3160
"Tbc1d8","GSM2545339",1709
"Cnot11","GSM2545339",1006
"Snord89","GSM2545339",19
"Rnf149","GSM2545339",797
"Rfx8","GSM2545339",9
"Gm16894","GSM2545339",13
"Il1rl2","GSM2545339",12
"Il1rl1","GSM2545339",5
"Il18r1","GSM2545339",1
"Slc9a4","GSM2545339",6
"Mfsd9","GSM2545339",160
"Tmem182","GSM2545339",12
"Gm28175","GSM2545339",25
"Pantr1","GSM2545339",269
"Pou3f3","GSM2545339",1532
"Pantr2","GSM2545339",36
"Mrps9","GSM2545339",1170
"Gpr45","GSM2545339",107
"Tgfbrap1","GSM2545339",2111
"Fhl2","GSM2545339",99
"Nck2","GSM2545339",690
"Uxs1","GSM2545339",1101
"Gm16103","GSM2545339",1
"Tpp2","GSM2545339",2981
"Tex30","GSM2545339",261
"Bivm","GSM2545339",995
"Gulp1","GSM2545339",243
"Wdr75","GSM2545339",1175
"Dnah7b","GSM2545339",722
"Gm4852","GSM2545339",6
"Gm8337","GSM2545339",19
"Nabp1","GSM2545339",515
"Gm17767","GSM2545339",2
"Myo1b","GSM2545339",846
"Stat4","GSM2545339",9
"Stat1","GSM2545339",1746
"Gls","GSM2545339",10622
"Rps27a-ps1","GSM2545339",0
"Gm28178","GSM2545339",6
"Inpp1","GSM2545339",2738
"Mstn","GSM2545339",25
"Asnsd1","GSM2545339",718
"Gtf3c3","GSM2545339",1112
"Pgap1","GSM2545339",2353
"Gm19637","GSM2545339",1
"Ankrd44","GSM2545339",729
"Sf3b1","GSM2545339",18026
"Gm6822","GSM2545339",10
"Boll","GSM2545339",0
"Gm8292","GSM2545339",18
"Plcl1","GSM2545339",1107
"Gm6644","GSM2545339",3
"Satb2","GSM2545339",21
"BC055402","GSM2545339",4
"Tyw5","GSM2545339",460
"Spats2l","GSM2545339",496
"Aox4","GSM2545339",8
"Aox2","GSM2545339",2
"Bzw1","GSM2545339",9030
"Clk1","GSM2545339",9395
"Ppil3","GSM2545339",369
"Nif3l1","GSM2545339",595
"Cflar","GSM2545339",883
"Casp8","GSM2545339",79
"Stradb","GSM2545339",970
"Tmem237","GSM2545339",908
"Cdk15","GSM2545339",6
"Fzd7","GSM2545339",1839
"Sumo1","GSM2545339",3347
"Fam117b","GSM2545339",3518
"Wdr12","GSM2545339",1184
"Nbeal1","GSM2545339",2053
"Abi2","GSM2545339",4062
"Cd28","GSM2545339",48
"Gm11581","GSM2545339",1
"Icos","GSM2545339",3
"Nrp2","GSM2545339",475
"Gm4208","GSM2545339",1
"Ndufs1","GSM2545339",7413
"Eef1b2","GSM2545339",4078
"Gpr1","GSM2545339",12
"Gm11605","GSM2545339",3
"Adam23","GSM2545339",6875
"Dytn","GSM2545339",2
"Mdh1b","GSM2545339",24
"Gm13748","GSM2545339",5
"Ccnyl1","GSM2545339",464
"Plekhm3","GSM2545339",1882
"Rpl10a-ps1","GSM2545339",22
"Cryga","GSM2545339",3
"Pikfyve","GSM2545339",2892
"Map2","GSM2545339",28170
"Unc80","GSM2545339",19022
"Kansl1l","GSM2545339",1314
"Acadl","GSM2545339",1801
"Gm15793","GSM2545339",1
"Spag16","GSM2545339",108
"Bard1","GSM2545339",12
"Abca12","GSM2545339",5
"Atic","GSM2545339",988
"Fn1","GSM2545339",2617
"Gm5256","GSM2545339",0
"Tmem169","GSM2545339",541
"Xrcc5","GSM2545339",733
"Smarcal1","GSM2545339",3045
"Igfbp2","GSM2545339",1688
"Gm29183","GSM2545339",3
"Rufy4","GSM2545339",6
"Cxcr2","GSM2545339",6
"Arpc2","GSM2545339",3632
"Aamp","GSM2545339",4375
"Tmbim1","GSM2545339",1546
"Catip","GSM2545339",70
"Zfp142","GSM2545339",1653
"Rnf25","GSM2545339",1359
"Ttll4","GSM2545339",1821
"Prkag3","GSM2545339",9
"Gm29539","GSM2545339",2
"Wnt10a","GSM2545339",11
"Ihh","GSM2545339",14
"Slc23a3","GSM2545339",7
"Zfand2b","GSM2545339",422
"Ankzf1","GSM2545339",1161
"Glb1l","GSM2545339",353
"Ptprn","GSM2545339",4717
"Des","GSM2545339",59
"Asic4","GSM2545339",128
"Chpf","GSM2545339",1985
"Obsl1","GSM2545339",667
"Stk11ip","GSM2545339",985
"Slc4a3","GSM2545339",3403
"Epha4","GSM2545339",1345
"Pax3","GSM2545339",209
"Mogat1","GSM2545339",11
"Kcne4","GSM2545339",59
"Gm5830","GSM2545339",7
"Scg2","GSM2545339",9938
"Mrpl44","GSM2545339",774
"Gm5529","GSM2545339",13
"Fam124b","GSM2545339",4
"Cul3","GSM2545339",7216
"Nyap2","GSM2545339",1115
"Rhbdd1","GSM2545339",512
"Col4a4","GSM2545339",85
"Col4a3","GSM2545339",86
"Mff","GSM2545339",7600
"Daw1","GSM2545339",31
"Trip12","GSM2545339",7184
"Fbxo36","GSM2545339",116
"Slc16a14","GSM2545339",182
"Gm15433","GSM2545339",0
"Rpl19-ps1","GSM2545339",1
"Sp110","GSM2545339",34
"Sp140","GSM2545339",24
"Sp100","GSM2545339",214
"Cab39","GSM2545339",8964
"Gpr55","GSM2545339",3
"Spata3","GSM2545339",19
"Htr2b","GSM2545339",0
"Armc9","GSM2545339",701
"B3gnt7","GSM2545339",16
"Snora75","GSM2545339",5
"Nmur1","GSM2545339",25
"Dis3l2","GSM2545339",786
"Gm6136","GSM2545339",24
"Ecel1","GSM2545339",99
"Prss56","GSM2545339",2
"Kcnj13","GSM2545339",540
"Inpp5d","GSM2545339",178
"Scarna6","GSM2545339",1
"Sag","GSM2545339",12
"Dgkd","GSM2545339",8257
"Gm19582","GSM2545339",56
"Usp40","GSM2545339",1159
"Ugt1a7c","GSM2545339",7
"Dnajb3","GSM2545339",28
"Mroh2a","GSM2545339",16
"Spp2","GSM2545339",5
"Gm29538","GSM2545339",12
"Glrp1","GSM2545339",0
"Sh3bp4","GSM2545339",399
"Gbx2","GSM2545339",11
"Iqca","GSM2545339",34
"Ackr3","GSM2545339",269
"Col6a3","GSM2545339",123
"Rab17","GSM2545339",1
"Ube2f","GSM2545339",1307
"Klhl30","GSM2545339",10
"Twist2","GSM2545339",3
"Hdac4","GSM2545339",1575
"Ndufa10","GSM2545339",4268
"Mir149","GSM2545339",5
"Ankmy1","GSM2545339",20
"Rnpepl1","GSM2545339",946
"Capn10","GSM2545339",1051
"Gpr35","GSM2545339",38
"Pask","GSM2545339",197
"Hdlbp","GSM2545339",7826
"Farp2","GSM2545339",311
"Stk25","GSM2545339",5521
"Thap4","GSM2545339",473
"D2hgdh","GSM2545339",388
"Pdcd1","GSM2545339",2
"Gm7895","GSM2545339",10
"Fam174a","GSM2545339",1605
"Slco4c1","GSM2545339",23
"Panct2","GSM2545339",24
"Gm6430","GSM2545339",2
"Gin1","GSM2545339",368
"Pam","GSM2545339",2558
"Cntnap5b","GSM2545339",932
"Cdh20","GSM2545339",729
"Pign","GSM2545339",845
"Gm10193","GSM2545339",3
"Tnfrsf11a","GSM2545339",45
"Gm7160","GSM2545339",18
"Gm20753","GSM2545339",5
"Bcl2","GSM2545339",774
"Vps4b","GSM2545339",2062
"Serpinb5","GSM2545339",3
"Serpinb10","GSM2545339",0
"Gm8141","GSM2545339",8
"Cdh7","GSM2545339",1999
"Cdh19","GSM2545339",633
"Gm8173","GSM2545339",0
"Dsel","GSM2545339",431
"Gm6028","GSM2545339",1
"Nifk","GSM2545339",966
"Clasp1","GSM2545339",2650
"Inhbb","GSM2545339",268
"Gm3551","GSM2545339",3
"Gm28209","GSM2545339",1
"Cfap221","GSM2545339",11
"Sctr","GSM2545339",6
"Tmem37","GSM2545339",30
"En1","GSM2545339",203
"Insig2","GSM2545339",2345
"Ccdc93","GSM2545339",1443
"Htr5b","GSM2545339",16
"Ddx18","GSM2545339",862
"Actr3","GSM2545339",5529
"Slc35f5","GSM2545339",710
"Gpr39","GSM2545339",1
"Mgat5","GSM2545339",3088
"Gm8451","GSM2545339",20
"Tmem163","GSM2545339",1744
"Acmsd","GSM2545339",1
"Zranb3","GSM2545339",208
"Gm28800","GSM2545339",1
"Rpl28-ps1","GSM2545339",18
"Mir128-1","GSM2545339",3
"Lct","GSM2545339",9
"Gm6170","GSM2545339",20
"Thsd7b","GSM2545339",97
"Gm29428","GSM2545339",1
"Cd55","GSM2545339",273
"Gm16083","GSM2545339",27
"C4bp-ps1","GSM2545339",7
"Yod1","GSM2545339",466
"Fcamr","GSM2545339",1
"Dyrk3","GSM2545339",129
"Ikbke","GSM2545339",53
"Srgap2","GSM2545339",6768
"Slc26a9","GSM2545339",3
"Pm20d1","GSM2545339",224
"Rab29","GSM2545339",163
"Cdk18","GSM2545339",702
"Gm29695","GSM2545339",129
"Lemd1","GSM2545339",21
"Gm7241","GSM2545339",1
"Klhdc8a","GSM2545339",788
"Lrrn2","GSM2545339",2516
"Gm29257","GSM2545339",3
"Gm28609","GSM2545339",3
"Plekha6","GSM2545339",4993
"Ren1","GSM2545339",2
"Sox13","GSM2545339",279
"Zbed6","GSM2545339",2588
"Lax1","GSM2545339",5
"Optc","GSM2545339",14
"Prelp","GSM2545339",946
"Gm8618","GSM2545339",5
"Mybph","GSM2545339",6
"Myog","GSM2545339",0
"Ppfia4","GSM2545339",8519
"Tmem183a","GSM2545339",2889
"Kdm5b","GSM2545339",2108
"Ppp1r12b","GSM2545339",2761
"Ube2t","GSM2545339",71
"Ptprv","GSM2545339",13
"Timm17a","GSM2545339",1634
"Csrp1","GSM2545339",7951
"Tnni1","GSM2545339",113
"Lad1","GSM2545339",20
"Pkp1","GSM2545339",2
"Ascl5","GSM2545339",0
"Cacna1s","GSM2545339",36
"Gm15850","GSM2545339",0
"Kif21b","GSM2545339",1405
"Camsap2","GSM2545339",7997
"Kif14","GSM2545339",13
"Gm29485","GSM2545339",0
"Gm19705","GSM2545339",31
"Mif-ps1","GSM2545339",2
"Nr5a2","GSM2545339",6
"Ptprc","GSM2545339",133
"Lhx9","GSM2545339",352
"Dennd1b","GSM2545339",987
"Crb1","GSM2545339",28
"Zbtb41","GSM2545339",1891
"Cfhr2","GSM2545339",0
"Gm5837","GSM2545339",6
"Kcnt2","GSM2545339",102
"Gm5835","GSM2545339",25
"Cdc73","GSM2545339",933
"B3galt2","GSM2545339",1051
"Glrx2","GSM2545339",1585
"Rgs1","GSM2545339",2
"Gm7266","GSM2545339",3
"Rgs18","GSM2545339",10
"Brinp3","GSM2545339",906
"Ptgs2os","GSM2545339",0
"Ptgs2","GSM2545339",126
"Tpr","GSM2545339",6383
"Swt1","GSM2545339",791
"Mir7682","GSM2545339",0
"Rnf2","GSM2545339",1428
"Gm36527","GSM2545339",2
"Edem3","GSM2545339",3866
"Tsen15","GSM2545339",551
"Colgalt2","GSM2545339",155
"Rgl1","GSM2545339",1110
"Arpc5","GSM2545339",2186
"Ncf2","GSM2545339",83
"Nmnat2","GSM2545339",6458
"Lamc2","GSM2545339",82
"Dhx9","GSM2545339",5243
"Rgs16","GSM2545339",531
"Rgsl1","GSM2545339",9
"Zfp648","GSM2545339",6
"Gm9530","GSM2545339",9
"Stx6","GSM2545339",1579
"Xpr1","GSM2545339",3446
"Gm5532","GSM2545339",6
"Acbd6","GSM2545339",759
"Lhx4","GSM2545339",21
"Cep350","GSM2545339",3684
"Fam163a","GSM2545339",83
"Tdrd5","GSM2545339",83
"Nphs2","GSM2545339",3
"Gm2000","GSM2545339",11
"Soat1","GSM2545339",767
"Abl2","GSM2545339",1645
"Fam20b","GSM2545339",3356
"Ralgps2","GSM2545339",2007
"Angptl1","GSM2545339",10
"Rasal2","GSM2545339",2320
"Brinp2","GSM2545339",1107
"Gm4953","GSM2545339",2
"Gm31256","GSM2545339",1
"Rabgap1l","GSM2545339",6128
"Gm6177","GSM2545339",0
"Rc3h1","GSM2545339",3423
"Serpinc1","GSM2545339",4
"Snord47","GSM2545339",15
"Dars2","GSM2545339",654
"Cenpl","GSM2545339",118
"Fasl","GSM2545339",12
"Dnm3","GSM2545339",11277
"Dnm3os","GSM2545339",3
"Prrc2c","GSM2545339",7303
"Fmo2","GSM2545339",179
"Mettl11b","GSM2545339",7
"BC055324","GSM2545339",139
"Sele","GSM2545339",4
"Selp","GSM2545339",4
"F5","GSM2545339",882
"Nme7","GSM2545339",364
"Atp1b1","GSM2545339",52975
"Gm26685","GSM2545339",0
"Dpt","GSM2545339",2
"Gm20743","GSM2545339",124
"Sft2d2","GSM2545339",1129
"Tiprl","GSM2545339",1740
"Rcsd1","GSM2545339",186
"Gm32999","GSM2545339",2
"Dusp27","GSM2545339",11
"Mael","GSM2545339",0
"Gm16418","GSM2545339",3
"Gm16701","GSM2545339",142
"Aldh9a1","GSM2545339",1467
"Mgst3","GSM2545339",1874
"Lrrc52","GSM2545339",4
"Rxrg","GSM2545339",45
"Lmx1a","GSM2545339",72
"Pbx1","GSM2545339",3453
"Asl","GSM2545340",626
"Apod","GSM2545340",13021
"Cyp2d22","GSM2545340",2171
"Klk6","GSM2545340",448
"Fcrls","GSM2545340",180
"Slc2a4","GSM2545340",313
"Exd2","GSM2545340",2366
"Gjc2","GSM2545340",310
"Plp1","GSM2545340",53126
"Gnb4","GSM2545340",1355
"Tnc","GSM2545340",354
"Trf","GSM2545340",11961
"Tubb2b","GSM2545340",2731
"Fads1","GSM2545340",6119
"Lxn","GSM2545340",1937
"Prr18","GSM2545340",1380
"Cmtm5","GSM2545340",1644
"Enpp1","GSM2545340",441
"Clic4","GSM2545340",5790
"Tm6sf2","GSM2545340",128
"Slc20a2","GSM2545340",5129
"Itih3","GSM2545340",3923
"Ptn","GSM2545340",5522
"Prodh","GSM2545340",1582
"Msantd1","GSM2545340",163
"Ugt8a","GSM2545340",1919
"Fbln5","GSM2545340",418
"Trp53inp2","GSM2545340",8151
"Slc7a3","GSM2545340",274
"Dnase1l2","GSM2545340",363
"Icosl","GSM2545340",540
"Rmnd1","GSM2545340",1070
"Tssk5","GSM2545340",131
"Pycr1","GSM2545340",50
"Pla2g3","GSM2545340",191
"Vmn2r1","GSM2545340",50
"Gm29797","GSM2545340",83
"Phyhd1","GSM2545340",1283
"Gpr146","GSM2545340",915
"Mag","GSM2545340",4670
"Tufm","GSM2545340",1622
"Igdcc4","GSM2545340",2491
"Gm10654","GSM2545340",167
"Ncmap","GSM2545340",51
"Etv4","GSM2545340",320
"Fabp7","GSM2545340",324
"Cpsf4l","GSM2545340",61
"Hexa","GSM2545340",1226
"Mfge8","GSM2545340",1501
"Ccdc136","GSM2545340",3641
"Glul","GSM2545340",48604
"Hopx","GSM2545340",4680
"Pigq","GSM2545340",3451
"Vps11","GSM2545340",2711
"Proca1","GSM2545340",182
"Fbxl22","GSM2545340",108
"Sfxn5","GSM2545340",8476
"Hexim2","GSM2545340",453
"Agt","GSM2545340",3815
"Rlbp1","GSM2545340",306
"Jam2","GSM2545340",3350
"Lcat","GSM2545340",1716
"Oxct1","GSM2545340",12984
"Cacna1e","GSM2545340",8379
"Fa2h","GSM2545340",1226
"Plxnb3","GSM2545340",894
"Lman2l","GSM2545340",1086
"Dpy19l1","GSM2545340",2008
"Kctd21","GSM2545340",708
"Thra","GSM2545340",10272
"Dok3","GSM2545340",123
"Sult1a1","GSM2545340",690
"Rpe","GSM2545340",1087
"Acrbp","GSM2545340",373
"Slc2a9","GSM2545340",90
"Emp2","GSM2545340",989
"Aipl1","GSM2545340",14
"Uri1","GSM2545340",1986
"Bcs1l","GSM2545340",390
"Rbm3","GSM2545340",6099
"Tra2a","GSM2545340",4345
"Prex1","GSM2545340",3866
"Josd2","GSM2545340",1407
"Tmco3","GSM2545340",1380
"Srebf1","GSM2545340",1982
"Acer2","GSM2545340",363
"Tsga10","GSM2545340",319
"Cyp3a13","GSM2545340",110
"Relt","GSM2545340",660
"Nrep","GSM2545340",29375
"Slc14a1","GSM2545340",1262
"Pnpla2","GSM2545340",1260
"Map6d1","GSM2545340",1895
"Ier5","GSM2545340",771
"Bfsp2","GSM2545340",78
"Idi1","GSM2545340",392
"Kat2b","GSM2545340",5752
"Rmdn3","GSM2545340",4316
"Eif4b","GSM2545340",8627
"Grm4","GSM2545340",11733
"Pink1","GSM2545340",16186
"Mettl16","GSM2545340",946
"Fam193b","GSM2545340",2858
"Rtca","GSM2545340",1395
"Fgfbp1","GSM2545340",41
"Pigs","GSM2545340",2233
"Cfp","GSM2545340",804
"Desi1","GSM2545340",5042
"Gbp4","GSM2545340",174
"Nid1","GSM2545340",795
"Armcx5","GSM2545340",666
"Cryab","GSM2545340",2255
"Prss53","GSM2545340",159
"Car4","GSM2545340",4533
"Gm6277","GSM2545340",139
"Amt","GSM2545340",976
"Zc3h6","GSM2545340",1405
"Aqp4","GSM2545340",16974
"Tmem198b","GSM2545340",770
"Abi3bp","GSM2545340",879
"Xpa","GSM2545340",433
"Aldh6a1","GSM2545340",3849
"Adam1a","GSM2545340",648
"Dynlt1a","GSM2545340",509
"Gatm","GSM2545340",3780
"H2-Q4","GSM2545340",151
"Nras","GSM2545340",1434
"Pla2g4e","GSM2545340",457
"Lpar1","GSM2545340",1576
"Il12rb1","GSM2545340",52
"Enpp6","GSM2545340",394
"Ermn","GSM2545340",3240
"Marcksl1","GSM2545340",733
"Ubqln4","GSM2545340",2979
"Glt8d1","GSM2545340",1335
"Ddx25","GSM2545340",1379
"Gpr17","GSM2545340",551
"Cat","GSM2545340",1869
"Wwox","GSM2545340",859
"Phkg1","GSM2545340",575
"Ppp1r3f","GSM2545340",909
"Mrpl35","GSM2545340",1106
"Nudt9","GSM2545340",1498
"Lypd6","GSM2545340",1124
"Spice1","GSM2545340",656
"Tuba8","GSM2545340",1201
"Spon1","GSM2545340",3964
"Nfya","GSM2545340",919
"Sc5d","GSM2545340",3357
"Aldh18a1","GSM2545340",829
"Ebp","GSM2545340",884
"Srr","GSM2545340",2592
"Gm14827","GSM2545340",368
"Gm31135","GSM2545340",46
"Adam17","GSM2545340",963
"Slc39a2","GSM2545340",790
"Snn","GSM2545340",4638
"Hnrnpc","GSM2545340",8290
"Srbd1","GSM2545340",470
"Ptp4a1","GSM2545340",1244
"Tppp","GSM2545340",9942
"Stac3","GSM2545340",146
"Emid1","GSM2545340",306
"Cotl1","GSM2545340",2956
"Ovgp1","GSM2545340",875
"Ssx2ip","GSM2545340",2965
"Hsd3b7","GSM2545340",731
"Kazald1","GSM2545340",242
"Omd","GSM2545340",144
"Bcas1","GSM2545340",4257
"Gm9925","GSM2545340",412
"Dleu2","GSM2545340",395
"Chil3","GSM2545340",25
"Deaf1","GSM2545340",2153
"Dusp19","GSM2545340",242
"Gkn3","GSM2545340",41
"Pllp","GSM2545340",981
"Sox2ot","GSM2545340",529
"Ntf3","GSM2545340",140
"Lum","GSM2545340",233
"Gm20751","GSM2545340",125
"Thnsl2","GSM2545340",154
"Slc2a4rg-ps","GSM2545340",515
"Agpat5","GSM2545340",3333
"Mdk","GSM2545340",757
"Penk","GSM2545340",3245
"Cirbp","GSM2545340",2911
"Aloxe3","GSM2545340",474
"Nudt5","GSM2545340",514
"Serpinb1a","GSM2545340",347
"Mt1","GSM2545340",8940
"Fgfr3","GSM2545340",4061
"Myo1d","GSM2545340",540
"Cd99l2","GSM2545340",3202
"C2cd2","GSM2545340",829
"Brsk2","GSM2545340",6191
"Mrrf","GSM2545340",504
"Snhg4","GSM2545340",213
"Hmgcs1","GSM2545340",4426
"Stk17b","GSM2545340",4282
"Cyp51","GSM2545340",1583
"Gria4","GSM2545340",21634
"Ttyh1","GSM2545340",22324
"Slc13a1","GSM2545340",101
"Phf7","GSM2545340",195
"Get4","GSM2545340",1099
"Gstm1","GSM2545340",7954
"Fbxo31","GSM2545340",2508
"Padi2","GSM2545340",709
"Gnmt","GSM2545340",192
"Paip2b","GSM2545340",3813
"Slc17a9","GSM2545340",15
"Vopp1","GSM2545340",1626
"Ogdhl","GSM2545340",4067
"Dcaf12","GSM2545340",2327
"Rorc","GSM2545340",1250
"Cp","GSM2545340",1294
"Jade2","GSM2545340",2309
"Nbl1","GSM2545340",2439
"Hsph1","GSM2545340",4507
"Serf2","GSM2545340",3275
"Rasgef1a","GSM2545340",3857
"Prrg1","GSM2545340",389
"Etnppl","GSM2545340",7120
"Cyp4f15","GSM2545340",193
"Ankrd29","GSM2545340",1094
"Gm27252","GSM2545340",93
"Kctd2","GSM2545340",3125
"Iigp1","GSM2545340",92
"Ak4","GSM2545340",4258
"Idh2","GSM2545340",1354
"Camkk1","GSM2545340",2581
"Rftn2","GSM2545340",1045
"Igtp","GSM2545340",177
"Bche","GSM2545340",297
"Marcks","GSM2545340",5227
"Pabpc4","GSM2545340",733
"Pmp22","GSM2545340",1370
"Car14","GSM2545340",801
"Serpinh1","GSM2545340",865
"Ppp1r13b","GSM2545340",2660
"Tfrc","GSM2545340",5607
"Smox","GSM2545340",2235
"Tjap1","GSM2545340",778
"Msmo1","GSM2545340",1522
"Slc26a8","GSM2545340",119
"Eml3","GSM2545340",1121
"Csf2ra","GSM2545340",485
"Rnf141","GSM2545340",2760
"Slc25a16","GSM2545340",1373
"Echdc1","GSM2545340",1339
"Eid2b","GSM2545340",778
"Piga","GSM2545340",445
"Ccdc149","GSM2545340",972
"Car15","GSM2545340",549
"Eny2","GSM2545340",2599
"Mroh1","GSM2545340",3758
"Pcyox1l","GSM2545340",556
"Ankrd39","GSM2545340",426
"Timeless","GSM2545340",367
"Sparc","GSM2545340",35171
"Slc7a10","GSM2545340",1234
"Ppp1r2","GSM2545340",4225
"Psmf1","GSM2545340",1151
"Adat1","GSM2545340",255
"Slc6a12","GSM2545340",178
"Snhg3","GSM2545340",239
"Prg4","GSM2545340",333
"Plod1","GSM2545340",731
"Whamm","GSM2545340",973
"Ttpa","GSM2545340",436
"Thbs3","GSM2545340",209
"Gltp","GSM2545340",1182
"Pex6","GSM2545340",1562
"Aim2","GSM2545340",155
"Ednrb","GSM2545340",5010
"Nuf2","GSM2545340",108
"Mog","GSM2545340",1810
"Ccl27a","GSM2545340",1955
"Tac4","GSM2545340",16
"Snhg8","GSM2545340",378
"Ak6","GSM2545340",282
"Kctd20","GSM2545340",2458
"Itgb4","GSM2545340",476
"Zfp810","GSM2545340",606
"Gm33489","GSM2545340",136
"Gna12","GSM2545340",1408
"Cyp4v3","GSM2545340",637
"Pkp4","GSM2545340",9632
"Agpat1","GSM2545340",2223
"Gipr","GSM2545340",33
"Edn3","GSM2545340",270
"Prr15","GSM2545340",30
"Traf1","GSM2545340",166
"Pim2","GSM2545340",1207
"Lrrc8a","GSM2545340",3422
"Erp44","GSM2545340",1630
"Tmem33","GSM2545340",5594
"Fen1","GSM2545340",616
"Tfap4","GSM2545340",360
"Lman2","GSM2545340",2973
"Senp8","GSM2545340",293
"Alg14","GSM2545340",649
"Ddah1","GSM2545340",3910
"Pomt1","GSM2545340",593
"Rab3b","GSM2545340",418
"Lrrc29","GSM2545340",80
"Nqo1","GSM2545340",444
"Gpr137b","GSM2545340",464
"Pcif1","GSM2545340",2164
"Qdpr","GSM2545340",4180
"Dcdc2b","GSM2545340",355
"Rap2a","GSM2545340",2005
"Cnpy4","GSM2545340",507
"Wdr41","GSM2545340",1381
"Gm20627","GSM2545340",31
"Mmaa","GSM2545340",1494
"Gm13562","GSM2545340",22
"Cd70","GSM2545340",24
"Itm2a","GSM2545340",1713
"Avil","GSM2545340",56
"Zscan22","GSM2545340",439
"Itgb3","GSM2545340",75
"Col11a2","GSM2545340",510
"Apoc1","GSM2545340",74
"Tmeff2","GSM2545340",1934
"Tyro3","GSM2545340",5833
"Ift22","GSM2545340",943
"Mtmr7","GSM2545340",2714
"Gabrr2","GSM2545340",75
"Ube2v2","GSM2545340",1843
"C77080","GSM2545340",1281
"Elovl5","GSM2545340",3768
"Serinc5","GSM2545340",2212
"Pyroxd2","GSM2545340",151
"Ypel2","GSM2545340",1783
"Parp3","GSM2545340",386
"Xpo1","GSM2545340",5617
"Polr2a","GSM2545340",4860
"Tspyl4","GSM2545340",26122
"Irgm1","GSM2545340",317
"Cep131","GSM2545340",804
"Sema4d","GSM2545340",3451
"Gbp6","GSM2545340",255
"Zfp119b","GSM2545340",233
"Eps15","GSM2545340",12363
"Pxmp2","GSM2545340",211
"Tomm40l","GSM2545340",1699
"Atat1","GSM2545340",950
"Chrac1","GSM2545340",350
"Mrpl24","GSM2545340",1418
"Ipo9","GSM2545340",6665
"Actg1","GSM2545340",6128
"Noxred1","GSM2545340",82
"Gm20501","GSM2545340",150
"H2-K1","GSM2545340",1000
"Lig1","GSM2545340",585
"Morn2","GSM2545340",222
"Dcakd","GSM2545340",895
"Nop14","GSM2545340",921
"Bbs1","GSM2545340",1314
"Tada2b","GSM2545340",1148
"Gal3st1","GSM2545340",161
"Xpc","GSM2545340",783
"Irf2bp2","GSM2545340",2328
"Spns2","GSM2545340",1894
"Pole","GSM2545340",100
"Fam78b","GSM2545340",1501
"Ggcx","GSM2545340",834
"Anks1","GSM2545340",2045
"Pgm2","GSM2545340",3316
"Zgrf1","GSM2545340",549
"Alkbh3","GSM2545340",469
"Dnd1","GSM2545340",64
"Lime1","GSM2545340",2535
"Trim23","GSM2545340",4146
"Abhd14a","GSM2545340",489
"Zkscan3","GSM2545340",2056
"Fam131b","GSM2545340",7989
"Elovl1","GSM2545340",594
"Trim72","GSM2545340",36
"Klhdc9","GSM2545340",136
"Iqck","GSM2545340",80
"Smim14","GSM2545340",5685
"Kcnab3","GSM2545340",1490
"Ing5","GSM2545340",587
"Cnnm3","GSM2545340",2273
"Fn3k","GSM2545340",981
"Cnp","GSM2545340",11728
"Uros","GSM2545340",691
"Eml1","GSM2545340",2267
"Lgals3","GSM2545340",70
"Gjb1","GSM2545340",472
"Dynll1","GSM2545340",2143
"Cyp2j12","GSM2545340",85
"Crip3","GSM2545340",31
"Sbk1","GSM2545340",20676
"Camkk2","GSM2545340",9390
"Setd7","GSM2545340",15276
"Btf3l4","GSM2545340",1921
"Acbd4","GSM2545340",1320
"Gm16835","GSM2545340",179
"Gpr37","GSM2545340",1561
"Prr5l","GSM2545340",436
"Slain1","GSM2545340",1645
"Calr","GSM2545340",9336
"Bst1","GSM2545340",16
"Fmnl3","GSM2545340",329
"Gpr89","GSM2545340",630
"Zranb1","GSM2545340",5896
"Col27a1","GSM2545340",1059
"Emc8","GSM2545340",2823
"Ormdl3","GSM2545340",2496
"Capg","GSM2545340",96
"Zbtb21","GSM2545340",928
"Sord","GSM2545340",648
"Tsc22d1","GSM2545340",9032
"Gpld1","GSM2545340",2726
"Cdh4","GSM2545340",634
"Hkdc1","GSM2545340",76
"Ggact","GSM2545340",1429
"Zfp493","GSM2545340",136
"Mkks","GSM2545340",1310
"Gm15423","GSM2545340",87
"Npas2","GSM2545340",180
"Plin4","GSM2545340",1230
"Rragc","GSM2545340",2618
"Nsun3","GSM2545340",509
"Hgsnat","GSM2545340",2740
"Acr","GSM2545340",44
"Ccdc167","GSM2545340",1139
"Thap1","GSM2545340",365
"Egfl8","GSM2545340",134
"Vps33a","GSM2545340",4230
"Igbp1","GSM2545340",1206
"Tbx6","GSM2545340",72
"Dcst2","GSM2545340",21
"Rbm28","GSM2545340",1862
"Pms1","GSM2545340",406
"Rtcb","GSM2545340",3664
"Smad9","GSM2545340",1761
"Ubxn2b","GSM2545340",800
"Rnf170","GSM2545340",1627
"Pithd1","GSM2545340",2088
"Steap3","GSM2545340",56
"Tomm20","GSM2545340",8311
"Klf15","GSM2545340",1572
"Amz2","GSM2545340",1541
"Folh1","GSM2545340",678
"Ubfd1","GSM2545340",2738
"Gpx3","GSM2545340",425
"C4b","GSM2545340",635
"Mdfi","GSM2545340",376
"Nucb2","GSM2545340",279
"Clip4","GSM2545340",1335
"Tipin","GSM2545340",618
"Amy1","GSM2545340",1070
"Efhd1","GSM2545340",1325
"Smim15","GSM2545340",2054
"Zfp658","GSM2545340",766
"E2f6","GSM2545340",1697
"Lix1","GSM2545340",395
"Coq4","GSM2545340",251
"Otoa","GSM2545340",36
"Mex3a","GSM2545340",154
"Tmem132c","GSM2545340",1156
"Dclk1","GSM2545340",15375
"Eml2","GSM2545340",2739
"Glyr1","GSM2545340",7374
"Gm1976","GSM2545340",359
"Smyd3","GSM2545340",1196
"Dcaf8","GSM2545340",7444
"Lias","GSM2545340",1065
"Msn","GSM2545340",2401
"Timmdc1","GSM2545340",497
"H2-Q6","GSM2545340",48
"Asic3","GSM2545340",43
"Col5a3","GSM2545340",403
"Stx3","GSM2545340",2862
"AW046200","GSM2545340",141
"Hsf1","GSM2545340",1449
"Colq","GSM2545340",127
"Rcor3","GSM2545340",1339
"Slc6a20a","GSM2545340",734
"Prps1","GSM2545340",2169
"Keap1","GSM2545340",1921
"Tap2","GSM2545340",313
"Slc16a7","GSM2545340",1348
"Eif2b3","GSM2545340",536
"Flywch1","GSM2545340",11399
"Amigo2","GSM2545340",932
"Hspd1","GSM2545340",6445
"Sost","GSM2545340",17
"Gm8615","GSM2545340",28
"Kcnk13","GSM2545340",124
"Tspyl2","GSM2545340",4895
"Spsb3","GSM2545340",2079
"Gm8493","GSM2545340",25
"Fgf22","GSM2545340",76
"Slc6a6","GSM2545340",4353
"Xist","GSM2545340",9
"Ddx3y","GSM2545340",4129
"Eif2s3y","GSM2545340",3066
"Kdm5d","GSM2545340",1500
"Uty","GSM2545340",1518
"Eif2s3x","GSM2545340",1611
"Kdm6a","GSM2545340",2359
"Casp12","GSM2545340",238
"Ddx3x","GSM2545340",17927
"Prl2c3","GSM2545340",51
"Casp1","GSM2545340",71
"Pbdc1","GSM2545340",384
"Kdm5c","GSM2545340",3588
"Ctxn2","GSM2545340",115
"Ldoc1","GSM2545340",512
"Gpr179","GSM2545340",25
"Pou4f1","GSM2545340",8
"Tmprss3","GSM2545340",34
"Prl2c2","GSM2545340",11
"Slc35b1","GSM2545340",1417
"Myoc","GSM2545340",232
"Cartpt","GSM2545340",5
"Tchh","GSM2545340",74
"H2-Q2","GSM2545340",5
"Ascl1","GSM2545340",73
"Crhr1","GSM2545340",2791
"Gm4017","GSM2545340",21
"Impg1","GSM2545340",48
"Rxfp3","GSM2545340",16
"AI504432","GSM2545340",966
"Mpo","GSM2545340",6
"Oxtr","GSM2545340",20
"Usp2","GSM2545340",3831
"Lor","GSM2545340",8
"Srrm4","GSM2545340",3474
"Slc35g1","GSM2545340",157
"Tceal6","GSM2545340",1085
"Dach2","GSM2545340",69
"Lgr6","GSM2545340",229
"Kcna4","GSM2545340",223
"Zfyve28","GSM2545340",3140
"Hps4","GSM2545340",746
"Ucp3","GSM2545340",95
"Mettl17","GSM2545340",791
"Atg9b","GSM2545340",44
"Usp3","GSM2545340",4363
"Acta2","GSM2545340",205
"Wdr24","GSM2545340",635
"Zw10","GSM2545340",1568
"Ubtd2","GSM2545340",2126
"Slc6a4","GSM2545340",5
"Cog1","GSM2545340",1978
"S100a9","GSM2545340",91
"Nadk","GSM2545340",2398
"Col6a1","GSM2545340",476
"Susd2","GSM2545340",167
"Fam53b","GSM2545340",2114
"Npas1","GSM2545340",6
"Rhbdf1","GSM2545340",490
"Cacnb1","GSM2545340",736
"Zfp579","GSM2545340",937
"Dtx4","GSM2545340",899
"Chrm3","GSM2545340",72
"Plcl2","GSM2545340",1719
"Ptprj","GSM2545340",3526
"Cyhr1","GSM2545340",5788
"Stx5a","GSM2545340",2380
"Smim8","GSM2545340",347
"Pappa2","GSM2545340",2
"Stbd1","GSM2545340",19
"Rln3","GSM2545340",2
"Ldlr","GSM2545340",791
"Bmp2","GSM2545340",41
"Itga10","GSM2545340",256
"Unc45a","GSM2545340",1323
"Hap1","GSM2545340",2704
"Gm35339","GSM2545340",384
"Serpinb8","GSM2545340",97
"Tmem200c","GSM2545340",188
"Ngb","GSM2545340",63
"Myh11","GSM2545340",250
"Ass1","GSM2545340",372
"Ccdc28b","GSM2545340",1641
"Vsx2","GSM2545340",1
"Klhl1","GSM2545340",217
"Slit1","GSM2545340",135
"Rbm10","GSM2545340",2895
"Sgk1","GSM2545340",5105
"Zbtb24","GSM2545340",689
"Kif5a","GSM2545340",34295
"Alox8","GSM2545340",97
"Rgcc","GSM2545340",268
"Olfr1033","GSM2545340",44
"Lrrn4","GSM2545340",3
"Trim59","GSM2545340",698
"Pnma2","GSM2545340",263
"Arc","GSM2545340",643
"Lypd6b","GSM2545340",114
"Prkar2b","GSM2545340",712
"Gabrd","GSM2545340",5616
"Sh3gl1","GSM2545340",1497
"Rab9b","GSM2545340",1031
"Slc9a2","GSM2545340",136
"Gata3","GSM2545340",13
"Rnd3","GSM2545340",466
"Tdgf1","GSM2545340",175
"Tph2","GSM2545340",38
"Gprc5c","GSM2545340",2067
"Syt16","GSM2545340",189
"Cdyl","GSM2545340",470
"St8sia2","GSM2545340",62
"Usp19","GSM2545340",5920
"Foxj2","GSM2545340",2257
"Wdfy2","GSM2545340",1756
"Fibcd1","GSM2545340",33
"Hs3st4","GSM2545340",80
"Rab27b","GSM2545340",382
"Gm4988","GSM2545340",103
"Hebp1","GSM2545340",174
"Mrgpre","GSM2545340",116
"Slc22a4","GSM2545340",2468
"Txndc11","GSM2545340",1232
"Pgr15l","GSM2545340",4
"Evpl","GSM2545340",41
"Pax7","GSM2545340",4
"Trim65","GSM2545340",164
"Gm33533","GSM2545340",17
"Otof","GSM2545340",120
"Alk","GSM2545340",48
"Acap3","GSM2545340",3039
"Erdr1","GSM2545340",217
"Kcnq5","GSM2545340",101
"Msln","GSM2545340",49
"Tbc1d20","GSM2545340",1213
"Slc16a10","GSM2545340",269
"Errfi1","GSM2545340",1850
"Nr2e1","GSM2545340",5
"Gpr149","GSM2545340",17
"Plcxd1","GSM2545340",130
"Lrch3","GSM2545340",5474
"Morc2b","GSM2545340",152
"Elfn1","GSM2545340",95
"Rnf180","GSM2545340",291
"Pcdhb8","GSM2545340",141
"Creg2","GSM2545340",345
"Erich3","GSM2545340",821
"Rpp25","GSM2545340",131
"Fgfr1","GSM2545340",6247
"Sfrp2","GSM2545340",27
"Rprm","GSM2545340",52
"Tmem120b","GSM2545340",459
"Tpra1","GSM2545340",1792
"Igsf9","GSM2545340",15
"Jakmip1","GSM2545340",701
"Hsf4","GSM2545340",134
"Pcbd1","GSM2545340",112
"Rasgrf2","GSM2545340",551
"Dgkk","GSM2545340",63
"Paxip1","GSM2545340",1635
"Smtn","GSM2545340",212
"Cmpk2","GSM2545340",603
"Drd4","GSM2545340",14
"Samd11","GSM2545340",24
"Magel2","GSM2545340",40
"Csrnp3","GSM2545340",1502
"Zfp941","GSM2545340",696
"Lrrc1","GSM2545340",723
"Tmie","GSM2545340",215
"Pcdh8","GSM2545340",94
"Glra2","GSM2545340",196
"Gpatch8","GSM2545340",5633
"Slc6a16","GSM2545340",10
"Grm7","GSM2545340",949
"Ybx3","GSM2545340",1571
"Tenm3","GSM2545340",640
"Npffr1","GSM2545340",9
"Slc39a11","GSM2545340",301
"Otp","GSM2545340",2
"Hoga1","GSM2545340",56
"Egfl6","GSM2545340",10
"Plch2","GSM2545340",8345
"Pde11a","GSM2545340",52
"Zfp335","GSM2545340",1427
"Gpr61","GSM2545340",203
"Tox","GSM2545340",85
"Gabrr1","GSM2545340",5
"Jun","GSM2545340",2452
"Cox7b2","GSM2545340",41
"Mn1","GSM2545340",148
"Tmem130","GSM2545340",2840
"Dusp11","GSM2545340",8810
"Tmem91","GSM2545340",105
"Rbms2","GSM2545340",908
"Inpp5j","GSM2545340",5542
"Vstm2a","GSM2545340",934
"C1qtnf2","GSM2545340",33
"Ctns","GSM2545340",1074
"Smarcd2","GSM2545340",2996
"Dbpht2","GSM2545340",77
"Ltbp2","GSM2545340",2385
"Drd1","GSM2545340",16
"Dact2","GSM2545340",151
"E4f1","GSM2545340",1124
"Zfp598","GSM2545340",2467
"Zcchc12","GSM2545340",743
"Zfp263","GSM2545340",1312
"Tspyl3","GSM2545340",523
"Arhgap10","GSM2545340",676
"Plxnb2","GSM2545340",5457
"Doc2a","GSM2545340",88
"Tmem29","GSM2545340",475
"Dpf2","GSM2545340",2807
"Foxl2os","GSM2545340",34
"Slc47a1","GSM2545340",200
"Nap1l5","GSM2545340",18655
"Mapk7","GSM2545340",1194
"Grem2","GSM2545340",107
"Pcdh10","GSM2545340",1415
"Nol3","GSM2545340",190
"Gpr83","GSM2545340",59
"Nrsn2","GSM2545340",1812
"Prss16","GSM2545340",12
"Pcdh18","GSM2545340",122
"Emx2","GSM2545340",2
"Ccdc81","GSM2545340",59
"Rwdd2a","GSM2545340",315
"Mpped1","GSM2545340",258
"Galnt7","GSM2545340",2153
"S100a8","GSM2545340",61
"Mau2","GSM2545340",4757
"Ptpn23","GSM2545340",2498
"Sstr1","GSM2545340",136
"Wdfy4","GSM2545340",34
"Anxa3","GSM2545340",395
"C3","GSM2545340",58
"Tead4","GSM2545340",230
"Clvs2","GSM2545340",260
"Gaa","GSM2545340",6090
"Zfp219","GSM2545340",5429
"Bves","GSM2545340",8
"Tmem161a","GSM2545340",876
"Unc5d","GSM2545340",615
"Cd180","GSM2545340",26
"Scml4","GSM2545340",17
"Stk38","GSM2545340",2277
"Sox17","GSM2545340",261
"Srsf9","GSM2545340",1544
"Herpud1","GSM2545340",2630
"Hmbs","GSM2545340",459
"Gm2824","GSM2545340",39
"Mir1901","GSM2545340",34
"Adamts19","GSM2545340",15
"Zfp36l1","GSM2545340",1307
"Impact","GSM2545340",7516
"Trmt6","GSM2545340",1653
"Plekhm1","GSM2545340",1393
"Basp1","GSM2545340",973
"Grid1","GSM2545340",789
"Zdbf2","GSM2545340",443
"Tal1","GSM2545340",87
"Raf1","GSM2545340",3956
"Pgpep1l","GSM2545340",12
"Fzd4","GSM2545340",984
"Tfdp1","GSM2545340",1903
"Pdzrn4","GSM2545340",66
"Ier3","GSM2545340",443
"Mir378a","GSM2545340",5
"Magee2","GSM2545340",64
"Plekhg2","GSM2545340",208
"Boc","GSM2545340",3684
"Ddx39b","GSM2545340",5020
"H2-T24","GSM2545340",99
"Insm1","GSM2545340",21
"Vstm5","GSM2545340",83
"Kctd4","GSM2545340",122
"Oprm1","GSM2545340",83
"Zfand6","GSM2545340",2517
"Cx3cl1","GSM2545340",2192
"Tacr3","GSM2545340",36
"Gpr4","GSM2545340",125
"Ptgis","GSM2545340",72
"Ccdc28a","GSM2545340",429
"Ido2","GSM2545340",2
"Elfn2","GSM2545340",840
"Ngp","GSM2545340",47
"Ptpro","GSM2545340",201
"Neto1","GSM2545340",217
"Col6a2","GSM2545340",284
"Fev","GSM2545340",1
"Mmab","GSM2545340",569
"Resp18","GSM2545340",811
"Amn","GSM2545340",10
"Tmem132b","GSM2545340",474
"St6gal2","GSM2545340",223
"Tbc1d25","GSM2545340",649
"Pdcd2l","GSM2545340",542
"Acot3","GSM2545340",10
"Gm5468","GSM2545340",5
"Atg16l1","GSM2545340",2067
"Rpl14-ps1","GSM2545340",25
"Glra3","GSM2545340",176
"Plekhh3","GSM2545340",1773
"Pcdhga1","GSM2545340",156
"Gm9899","GSM2545340",1203
"Eps8l1","GSM2545340",311
"Serpina3g","GSM2545340",12
"Pcdh17","GSM2545340",1113
"Riok3","GSM2545340",3617
"Dcaf12l2","GSM2545340",9
"Ankrd6","GSM2545340",477
"Dhrs11","GSM2545340",424
"Zdhhc22","GSM2545340",174
"Hmgb3","GSM2545340",362
"Mid1","GSM2545340",184
"Celf3","GSM2545340",1727
"Akap5","GSM2545340",207
"Phlda3","GSM2545340",364
"Arfgap2","GSM2545340",3231
"Gabpb1","GSM2545340",1113
"Mybpc1","GSM2545340",2837
"Nfkbia","GSM2545340",873
"Gabra3","GSM2545340",748
"Gtpbp2","GSM2545340",2593
"Ptgdr","GSM2545340",27
"Myh15","GSM2545340",21
"Ciz1","GSM2545340",1601
"Tmem62","GSM2545340",2749
"Pan3","GSM2545340",4653
"Pld3","GSM2545340",2309
"Trim3","GSM2545340",6138
"Spata2l","GSM2545340",526
"Gm2223","GSM2545340",23
"Dnah1","GSM2545340",80
"Pnoc","GSM2545340",81
"Dzank1","GSM2545340",7498
"Safb2","GSM2545340",3089
"Rnf128","GSM2545340",1024
"Jpx","GSM2545340",263
"Il16","GSM2545340",6476
"Slc26a7","GSM2545340",247
"Rspo1","GSM2545340",9
"Hcfc2","GSM2545340",1751
"Gm35315","GSM2545340",58
"Tyrp1","GSM2545340",18
"Pank4","GSM2545340",1899
"Ngef","GSM2545340",410
"Llgl1","GSM2545340",2823
"Usp12","GSM2545340",2248
"Ppp2r2d","GSM2545340",2001
"Zfp677","GSM2545340",194
"Heyl","GSM2545340",78
"Sin3b","GSM2545340",2147
"Sidt1","GSM2545340",2079
"Spin2c","GSM2545340",129
"Wasf2","GSM2545340",1124
"Tmem14a","GSM2545340",622
"Cntnap5a","GSM2545340",525
"Ccm2l","GSM2545340",147
"Sema3e","GSM2545340",603
"Il18bp","GSM2545340",440
"Slc35f1","GSM2545340",1195
"Best1","GSM2545340",20
"Pde8b","GSM2545340",767
"Htr7","GSM2545340",65
"Cfap57","GSM2545340",29
"Sgsm1","GSM2545340",4253
"Scn3b","GSM2545340",274
"Mark3","GSM2545340",3311
"Acsl5","GSM2545340",468
"Qpct","GSM2545340",140
"Iqcc","GSM2545340",720
"Noc2l","GSM2545340",2344
"Slc25a27","GSM2545340",4576
"Kdm4b","GSM2545340",2523
"Pde1b","GSM2545340",1089
"Pcdha10","GSM2545340",46
"Gja5","GSM2545340",22
"Irs4","GSM2545340",18
"Mamdc4","GSM2545340",148
"Mthfd2l","GSM2545340",226
"Lrrtm1","GSM2545340",216
"Tacr1","GSM2545340",44
"Lmo3","GSM2545340",132
"Psg16","GSM2545340",1035
"Abcc8","GSM2545340",2475
"Epc1","GSM2545340",2678
"Slc6a7","GSM2545340",375
"Col4a5","GSM2545340",334
"Gm8013","GSM2545340",6
"Clpx","GSM2545340",1770
"Dffb","GSM2545340",425
"Senp3","GSM2545340",2430
"Hhex","GSM2545340",46
"Per2","GSM2545340",3271
"Rnpep","GSM2545340",1299
"Ttll1","GSM2545340",609
"Ppp1r1c","GSM2545340",8
"Moxd1","GSM2545340",146
"Susd6","GSM2545340",4894
"Ighm","GSM2545340",97
"Fam131a","GSM2545340",2871
"Zfp92","GSM2545340",48
"Kirrel","GSM2545340",435
"Npsr1","GSM2545340",9
"Kcnj16","GSM2545340",1267
"Atg10","GSM2545340",266
"Vwc2l","GSM2545340",41
"Sox14","GSM2545340",21
"Zc3h3","GSM2545340",417
"Gak","GSM2545340",3950
"Tox2","GSM2545340",157
"Tenm2","GSM2545340",920
"Begain","GSM2545340",744
"Dsc3","GSM2545340",11
"Fbll1","GSM2545340",282
"Dnah7a","GSM2545340",23
"Gm3764","GSM2545340",4212
"Strip1","GSM2545340",2836
"Nmnat3","GSM2545340",38
"Lims2","GSM2545340",246
"Fam43b","GSM2545340",197
"Ccnl2","GSM2545340",9519
"Gm11627","GSM2545340",5
"Rabl2","GSM2545340",985
"Kcnj3","GSM2545340",5632
"Zfp36","GSM2545340",152
"Slc2a1","GSM2545340",5055
"Cnksr3","GSM2545340",2619
"AW551984","GSM2545340",246
"Hykk","GSM2545340",184
"Rnasel","GSM2545340",80
"Shc1","GSM2545340",386
"Ppp1r12c","GSM2545340",3340
"Syne4","GSM2545340",340
"Arrdc2","GSM2545340",703
"Usp28","GSM2545340",2404
"Slfn4","GSM2545340",18
"Pomt2","GSM2545340",1360
"Gm10432","GSM2545340",111
"Cngb1","GSM2545340",12
"Dot1l","GSM2545340",7039
"Gmnn","GSM2545340",98
"Ccdc160","GSM2545340",40
"Ptpn5","GSM2545340",695
"Mal2","GSM2545340",269
"Arap3","GSM2545340",236
"Mib2","GSM2545340",2599
"Itgb1bp2","GSM2545340",64
"Stk32b","GSM2545340",31
"Dgkb","GSM2545340",1256
"Pcgf6","GSM2545340",1193
"Serinc2","GSM2545340",701
"Arhgef37","GSM2545340",683
"Ltf","GSM2545340",25
"Timp2","GSM2545340",2764
"Snora41","GSM2545340",29
"F3","GSM2545340",1994
"Tgfbi","GSM2545340",192
"Rab44","GSM2545340",2
"Lclat1","GSM2545340",965
"Arid5b","GSM2545340",2015
"Col25a1","GSM2545340",236
"Inpp5b","GSM2545340",2677
"Dhfr","GSM2545340",328
"Phkg2","GSM2545340",1670
"Bcl11a","GSM2545340",455
"Nr2f1","GSM2545340",1289
"Trhr","GSM2545340",50
"Msc","GSM2545340",8
"Mndal","GSM2545340",198
"Pou3f2","GSM2545340",642
"Gm9962","GSM2545340",10
"Atg16l2","GSM2545340",1107
"Gm16425","GSM2545340",6
"Ap1m1","GSM2545340",1874
"Trpv3","GSM2545340",12
"Inpp5k","GSM2545340",2417
"D11Wsu47e","GSM2545340",193
"Fkbp1b","GSM2545340",258
"Syvn1","GSM2545340",1906
"Aldh3a2","GSM2545340",2884
"Dtd2","GSM2545340",245
"Pcdh19","GSM2545340",275
"Gm5526","GSM2545340",19
"Nsun5","GSM2545340",557
"Hrh2","GSM2545340",236
"Lmbr1l","GSM2545340",571
"Pkn1","GSM2545340",1172
"Nptx2","GSM2545340",57
"Ctxn1","GSM2545340",168
"Rp1","GSM2545340",2
"Gm7357","GSM2545340",1
"Mrpl15","GSM2545340",1029
"Lypla1","GSM2545340",1820
"Tcea1","GSM2545340",2857
"Gm6104","GSM2545340",0
"Atp6v1h","GSM2545340",4416
"Oprk1","GSM2545340",53
"Npbwr1","GSM2545340",4
"Rb1cc1","GSM2545340",6333
"Gm2147","GSM2545340",1
"Gm26901","GSM2545340",1
"Sntg1","GSM2545340",383
"Gm6187","GSM2545340",1
"Rrs1","GSM2545340",588
"Mcmdc2","GSM2545340",42
"Snhg6","GSM2545340",255
"Snord87","GSM2545340",1
"Tcf24","GSM2545340",7
"Ppp1r42","GSM2545340",17
"Arfgef1","GSM2545340",5743
"Cpa6","GSM2545340",4
"Ncoa2","GSM2545340",4814
"Tram1","GSM2545340",1597
"Gm5523","GSM2545340",1
"Eya1","GSM2545340",309
"Smt3h2-ps4","GSM2545340",5
"Trpa1","GSM2545340",1
"Gm10566","GSM2545340",2
"Terf1","GSM2545340",675
"Rdh10","GSM2545340",779
"Stau2","GSM2545340",3308
"Ly96","GSM2545340",29
"Jph1","GSM2545340",1352
"Gdap1","GSM2545340",5842
"Rbm6-ps1","GSM2545340",19
"Pi15","GSM2545340",24
"Gm28154","GSM2545340",17
"Gm16070","GSM2545340",6
"Gm15825","GSM2545340",5
"Tfap2d","GSM2545340",180
"Tfap2b","GSM2545340",2069
"Pkhd1","GSM2545340",2
"Mir133b","GSM2545340",8
"Il17f","GSM2545340",1
"Paqr8","GSM2545340",17241
"Tram2","GSM2545340",16
"Gm7658","GSM2545340",6
"Gm7761","GSM2545340",7
"Mir30c-2","GSM2545340",6
"Ogfrl1","GSM2545340",9614
"Smap1","GSM2545340",2976
"Fam135a","GSM2545340",3130
"Col19a1","GSM2545340",1198
"Lmbrd1","GSM2545340",8618
"Gm20172","GSM2545340",1
"Gm29214","GSM2545340",6
"Gm7846","GSM2545340",11
"Gm5525","GSM2545340",31
"Phf3","GSM2545340",4725
"Khdrbs2","GSM2545340",225
"Gm5415","GSM2545340",0
"Zfp451","GSM2545340",1338
"Gm15455","GSM2545340",6
"Bend6","GSM2545340",8651
"Ptpn18","GSM2545340",35
"Cfc1","GSM2545340",5
"Amer3","GSM2545340",2012
"Fam168b","GSM2545340",11226
"Gm33222","GSM2545340",10
"Kansl3","GSM2545340",3730
"Fer1l5","GSM2545340",2
"Cnnm4","GSM2545340",969
"Sema4c","GSM2545340",953
"Cox5b","GSM2545340",4909
"Zap70","GSM2545340",11
"Tmem131","GSM2545340",3621
"Cnga3","GSM2545340",0
"Unc50","GSM2545340",1312
"Lipt1","GSM2545340",101
"Mrpl30","GSM2545340",1066
"Lyg2","GSM2545340",10
"Txndc9","GSM2545340",1725
"Eif5b","GSM2545340",4655
"Gm16150","GSM2545340",22
"Gm16152","GSM2545340",3
"Pdcl3","GSM2545340",1023
"Rpl31","GSM2545340",2723
"Tbc1d8","GSM2545340",1959
"Cnot11","GSM2545340",1189
"Snord89","GSM2545340",23
"Rnf149","GSM2545340",919
"Rfx8","GSM2545340",7
"Gm16894","GSM2545340",20
"Il1rl2","GSM2545340",24
"Il1rl1","GSM2545340",2
"Il18r1","GSM2545340",2
"Slc9a4","GSM2545340",10
"Mfsd9","GSM2545340",131
"Tmem182","GSM2545340",9
"Gm28175","GSM2545340",23
"Pantr1","GSM2545340",227
"Pou3f3","GSM2545340",1408
"Pantr2","GSM2545340",45
"Mrps9","GSM2545340",1255
"Gpr45","GSM2545340",79
"Tgfbrap1","GSM2545340",2421
"Fhl2","GSM2545340",52
"Nck2","GSM2545340",644
"Uxs1","GSM2545340",1315
"Gm16103","GSM2545340",0
"Tpp2","GSM2545340",2986
"Tex30","GSM2545340",214
"Bivm","GSM2545340",1022
"Gulp1","GSM2545340",219
"Wdr75","GSM2545340",1209
"Dnah7b","GSM2545340",830
"Gm4852","GSM2545340",10
"Gm8337","GSM2545340",9
"Nabp1","GSM2545340",448
"Gm17767","GSM2545340",4
"Myo1b","GSM2545340",844
"Stat4","GSM2545340",3
"Stat1","GSM2545340",1597
"Gls","GSM2545340",13893
"Rps27a-ps1","GSM2545340",3
"Gm28178","GSM2545340",0
"Inpp1","GSM2545340",3281
"Mstn","GSM2545340",15
"Asnsd1","GSM2545340",691
"Gtf3c3","GSM2545340",1164
"Pgap1","GSM2545340",2170
"Gm19637","GSM2545340",0
"Ankrd44","GSM2545340",709
"Sf3b1","GSM2545340",18635
"Gm6822","GSM2545340",5
"Boll","GSM2545340",4
"Gm8292","GSM2545340",12
"Plcl1","GSM2545340",1108
"Gm6644","GSM2545340",3
"Satb2","GSM2545340",21
"BC055402","GSM2545340",4
"Tyw5","GSM2545340",512
"Spats2l","GSM2545340",364
"Aox4","GSM2545340",6
"Aox2","GSM2545340",1
"Bzw1","GSM2545340",8006
"Clk1","GSM2545340",9243
"Ppil3","GSM2545340",386
"Nif3l1","GSM2545340",708
"Cflar","GSM2545340",1118
"Casp8","GSM2545340",73
"Stradb","GSM2545340",1059
"Tmem237","GSM2545340",915
"Cdk15","GSM2545340",4
"Fzd7","GSM2545340",2172
"Sumo1","GSM2545340",2940
"Fam117b","GSM2545340",3799
"Wdr12","GSM2545340",1030
"Nbeal1","GSM2545340",1970
"Abi2","GSM2545340",4289
"Cd28","GSM2545340",66
"Gm11581","GSM2545340",0
"Icos","GSM2545340",4
"Nrp2","GSM2545340",374
"Gm4208","GSM2545340",0
"Ndufs1","GSM2545340",7090
"Eef1b2","GSM2545340",3278
"Gpr1","GSM2545340",5
"Gm11605","GSM2545340",7
"Adam23","GSM2545340",6938
"Dytn","GSM2545340",2
"Mdh1b","GSM2545340",20
"Gm13748","GSM2545340",2
"Ccnyl1","GSM2545340",454
"Plekhm3","GSM2545340",1815
"Rpl10a-ps1","GSM2545340",31
"Cryga","GSM2545340",3
"Pikfyve","GSM2545340",2792
"Map2","GSM2545340",25364
"Unc80","GSM2545340",21280
"Kansl1l","GSM2545340",1355
"Acadl","GSM2545340",1914
"Gm15793","GSM2545340",1
"Spag16","GSM2545340",103
"Bard1","GSM2545340",11
"Abca12","GSM2545340",3
"Atic","GSM2545340",929
"Fn1","GSM2545340",2801
"Gm5256","GSM2545340",3
"Tmem169","GSM2545340",597
"Xrcc5","GSM2545340",750
"Smarcal1","GSM2545340",2836
"Igfbp2","GSM2545340",1383
"Gm29183","GSM2545340",6
"Rufy4","GSM2545340",5
"Cxcr2","GSM2545340",2
"Arpc2","GSM2545340",3751
"Aamp","GSM2545340",4095
"Tmbim1","GSM2545340",1624
"Catip","GSM2545340",66
"Zfp142","GSM2545340",1770
"Rnf25","GSM2545340",1483
"Ttll4","GSM2545340",2121
"Prkag3","GSM2545340",20
"Gm29539","GSM2545340",2
"Wnt10a","GSM2545340",1
"Ihh","GSM2545340",11
"Slc23a3","GSM2545340",3
"Zfand2b","GSM2545340",415
"Ankzf1","GSM2545340",1148
"Glb1l","GSM2545340",388
"Ptprn","GSM2545340",4477
"Des","GSM2545340",55
"Asic4","GSM2545340",73
"Chpf","GSM2545340",1917
"Obsl1","GSM2545340",772
"Stk11ip","GSM2545340",1030
"Slc4a3","GSM2545340",3530
"Epha4","GSM2545340",954
"Pax3","GSM2545340",250
"Mogat1","GSM2545340",5
"Kcne4","GSM2545340",38
"Gm5830","GSM2545340",13
"Scg2","GSM2545340",7034
"Mrpl44","GSM2545340",750
"Gm5529","GSM2545340",16
"Fam124b","GSM2545340",1
"Cul3","GSM2545340",7468
"Nyap2","GSM2545340",1309
"Rhbdd1","GSM2545340",535
"Col4a4","GSM2545340",91
"Col4a3","GSM2545340",74
"Mff","GSM2545340",7146
"Daw1","GSM2545340",30
"Trip12","GSM2545340",7921
"Fbxo36","GSM2545340",110
"Slc16a14","GSM2545340",167
"Gm15433","GSM2545340",2
"Rpl19-ps1","GSM2545340",1
"Sp110","GSM2545340",32
"Sp140","GSM2545340",26
"Sp100","GSM2545340",154
"Cab39","GSM2545340",8413
"Gpr55","GSM2545340",3
"Spata3","GSM2545340",15
"Htr2b","GSM2545340",0
"Armc9","GSM2545340",710
"B3gnt7","GSM2545340",5
"Snora75","GSM2545340",15
"Nmur1","GSM2545340",26
"Dis3l2","GSM2545340",818
"Gm6136","GSM2545340",19
"Ecel1","GSM2545340",32
"Prss56","GSM2545340",3
"Kcnj13","GSM2545340",556
"Inpp5d","GSM2545340",203
"Scarna6","GSM2545340",10
"Sag","GSM2545340",10
"Dgkd","GSM2545340",9115
"Gm19582","GSM2545340",45
"Usp40","GSM2545340",1470
"Ugt1a7c","GSM2545340",5
"Dnajb3","GSM2545340",29
"Mroh2a","GSM2545340",19
"Spp2","GSM2545340",11
"Gm29538","GSM2545340",3
"Glrp1","GSM2545340",1
"Sh3bp4","GSM2545340",318
"Gbx2","GSM2545340",1
"Iqca","GSM2545340",38
"Ackr3","GSM2545340",220
"Col6a3","GSM2545340",73
"Rab17","GSM2545340",0
"Ube2f","GSM2545340",1406
"Klhl30","GSM2545340",7
"Twist2","GSM2545340",4
"Hdac4","GSM2545340",2284
"Ndufa10","GSM2545340",3980
"Mir149","GSM2545340",0
"Ankmy1","GSM2545340",24
"Rnpepl1","GSM2545340",1121
"Capn10","GSM2545340",1042
"Gpr35","GSM2545340",39
"Pask","GSM2545340",198
"Hdlbp","GSM2545340",7704
"Farp2","GSM2545340",313
"Stk25","GSM2545340",5481
"Thap4","GSM2545340",418
"D2hgdh","GSM2545340",449
"Pdcd1","GSM2545340",1
"Gm7895","GSM2545340",17
"Fam174a","GSM2545340",1439
"Slco4c1","GSM2545340",10
"Panct2","GSM2545340",14
"Gm6430","GSM2545340",4
"Gin1","GSM2545340",435
"Pam","GSM2545340",1767
"Cntnap5b","GSM2545340",963
"Cdh20","GSM2545340",835
"Pign","GSM2545340",956
"Gm10193","GSM2545340",3
"Tnfrsf11a","GSM2545340",64
"Gm7160","GSM2545340",19
"Gm20753","GSM2545340",6
"Bcl2","GSM2545340",751
"Vps4b","GSM2545340",2195
"Serpinb5","GSM2545340",5
"Serpinb10","GSM2545340",0
"Gm8141","GSM2545340",10
"Cdh7","GSM2545340",2197
"Cdh19","GSM2545340",710
"Gm8173","GSM2545340",1
"Dsel","GSM2545340",323
"Gm6028","GSM2545340",0
"Nifk","GSM2545340",915
"Clasp1","GSM2545340",3128
"Inhbb","GSM2545340",306
"Gm3551","GSM2545340",1
"Gm28209","GSM2545340",1
"Cfap221","GSM2545340",11
"Sctr","GSM2545340",4
"Tmem37","GSM2545340",29
"En1","GSM2545340",234
"Insig2","GSM2545340",2191
"Ccdc93","GSM2545340",1321
"Htr5b","GSM2545340",14
"Ddx18","GSM2545340",792
"Actr3","GSM2545340",5759
"Slc35f5","GSM2545340",642
"Gpr39","GSM2545340",0
"Mgat5","GSM2545340",3314
"Gm8451","GSM2545340",36
"Tmem163","GSM2545340",1914
"Acmsd","GSM2545340",2
"Zranb3","GSM2545340",184
"Gm28800","GSM2545340",3
"Rpl28-ps1","GSM2545340",23
"Mir128-1","GSM2545340",6
"Lct","GSM2545340",13
"Gm6170","GSM2545340",34
"Thsd7b","GSM2545340",45
"Gm29428","GSM2545340",1
"Cd55","GSM2545340",219
"Gm16083","GSM2545340",23
"C4bp-ps1","GSM2545340",7
"Yod1","GSM2545340",556
"Fcamr","GSM2545340",4
"Dyrk3","GSM2545340",148
"Ikbke","GSM2545340",69
"Srgap2","GSM2545340",8975
"Slc26a9","GSM2545340",2
"Pm20d1","GSM2545340",236
"Rab29","GSM2545340",165
"Cdk18","GSM2545340",473
"Gm29695","GSM2545340",139
"Lemd1","GSM2545340",18
"Gm7241","GSM2545340",0
"Klhdc8a","GSM2545340",589
"Lrrn2","GSM2545340",3021
"Gm29257","GSM2545340",0
"Gm28609","GSM2545340",7
"Plekha6","GSM2545340",4577
"Ren1","GSM2545340",1
"Sox13","GSM2545340",281
"Zbed6","GSM2545340",2385
"Lax1","GSM2545340",5
"Optc","GSM2545340",12
"Prelp","GSM2545340",1019
"Gm8618","GSM2545340",0
"Mybph","GSM2545340",10
"Myog","GSM2545340",4
"Ppfia4","GSM2545340",10579
"Tmem183a","GSM2545340",2621
"Kdm5b","GSM2545340",2089
"Ppp1r12b","GSM2545340",3272
"Ube2t","GSM2545340",73
"Ptprv","GSM2545340",5
"Timm17a","GSM2545340",1432
"Csrp1","GSM2545340",7988
"Tnni1","GSM2545340",84
"Lad1","GSM2545340",14
"Pkp1","GSM2545340",0
"Ascl5","GSM2545340",0
"Cacna1s","GSM2545340",37
"Gm15850","GSM2545340",6
"Kif21b","GSM2545340",1144
"Camsap2","GSM2545340",7843
"Kif14","GSM2545340",16
"Gm29485","GSM2545340",3
"Gm19705","GSM2545340",29
"Mif-ps1","GSM2545340",3
"Nr5a2","GSM2545340",0
"Ptprc","GSM2545340",104
"Lhx9","GSM2545340",275
"Dennd1b","GSM2545340",969
"Crb1","GSM2545340",18
"Zbtb41","GSM2545340",1785
"Cfhr2","GSM2545340",0
"Gm5837","GSM2545340",10
"Kcnt2","GSM2545340",67
"Gm5835","GSM2545340",24
"Cdc73","GSM2545340",948
"B3galt2","GSM2545340",882
"Glrx2","GSM2545340",1850
"Rgs1","GSM2545340",2
"Gm7266","GSM2545340",4
"Rgs18","GSM2545340",7
"Brinp3","GSM2545340",844
"Ptgs2os","GSM2545340",1
"Ptgs2","GSM2545340",141
"Tpr","GSM2545340",6539
"Swt1","GSM2545340",785
"Mir7682","GSM2545340",3
"Rnf2","GSM2545340",1532
"Gm36527","GSM2545340",4
"Edem3","GSM2545340",3714
"Tsen15","GSM2545340",589
"Colgalt2","GSM2545340",135
"Rgl1","GSM2545340",1111
"Arpc5","GSM2545340",1885
"Ncf2","GSM2545340",73
"Nmnat2","GSM2545340",8474
"Lamc2","GSM2545340",51
"Dhx9","GSM2545340",6146
"Rgs16","GSM2545340",599
"Rgsl1","GSM2545340",28
"Zfp648","GSM2545340",5
"Gm9530","GSM2545340",17
"Stx6","GSM2545340",1558
"Xpr1","GSM2545340",3639
"Gm5532","GSM2545340",11
"Acbd6","GSM2545340",795
"Lhx4","GSM2545340",0
"Cep350","GSM2545340",3801
"Fam163a","GSM2545340",48
"Tdrd5","GSM2545340",50
"Nphs2","GSM2545340",4
"Gm2000","GSM2545340",16
"Soat1","GSM2545340",699
"Abl2","GSM2545340",1926
"Fam20b","GSM2545340",3009
"Ralgps2","GSM2545340",2044
"Angptl1","GSM2545340",9
"Rasal2","GSM2545340",2600
"Brinp2","GSM2545340",995
"Gm4953","GSM2545340",4
"Gm31256","GSM2545340",2
"Rabgap1l","GSM2545340",6562
"Gm6177","GSM2545340",1
"Rc3h1","GSM2545340",3434
"Serpinc1","GSM2545340",1
"Snord47","GSM2545340",22
"Dars2","GSM2545340",654
"Cenpl","GSM2545340",121
"Fasl","GSM2545340",9
"Dnm3","GSM2545340",10749
"Dnm3os","GSM2545340",5
"Prrc2c","GSM2545340",7830
"Fmo2","GSM2545340",453
"Mettl11b","GSM2545340",4
"BC055324","GSM2545340",123
"Sele","GSM2545340",2
"Selp","GSM2545340",2
"F5","GSM2545340",879
"Nme7","GSM2545340",418
"Atp1b1","GSM2545340",52634
"Gm26685","GSM2545340",1
"Dpt","GSM2545340",2
"Gm20743","GSM2545340",175
"Sft2d2","GSM2545340",1193
"Tiprl","GSM2545340",1846
"Rcsd1","GSM2545340",184
"Gm32999","GSM2545340",4
"Dusp27","GSM2545340",20
"Mael","GSM2545340",4
"Gm16418","GSM2545340",15
"Gm16701","GSM2545340",149
"Aldh9a1","GSM2545340",1462
"Mgst3","GSM2545340",1563
"Lrrc52","GSM2545340",2
"Rxrg","GSM2545340",26
"Lmx1a","GSM2545340",81
"Pbx1","GSM2545340",3805
"Asl","GSM2545341",988
"Apod","GSM2545341",29594
"Cyp2d22","GSM2545341",3349
"Klk6","GSM2545341",195
"Fcrls","GSM2545341",38
"Slc2a4","GSM2545341",786
"Exd2","GSM2545341",1359
"Gjc2","GSM2545341",146
"Plp1","GSM2545341",27173
"Gnb4","GSM2545341",798
"Tnc","GSM2545341",132
"Trf","GSM2545341",6429
"Tubb2b","GSM2545341",1189
"Fads1","GSM2545341",4727
"Lxn","GSM2545341",979
"Prr18","GSM2545341",717
"Cmtm5","GSM2545341",771
"Enpp1","GSM2545341",332
"Clic4","GSM2545341",3811
"Tm6sf2","GSM2545341",32
"Slc20a2","GSM2545341",6946
"Itih3","GSM2545341",4740
"Ptn","GSM2545341",3107
"Prodh","GSM2545341",2251
"Msantd1","GSM2545341",82
"Ugt8a","GSM2545341",784
"Fbln5","GSM2545341",1424
"Trp53inp2","GSM2545341",6239
"Slc7a3","GSM2545341",149
"Dnase1l2","GSM2545341",155
"Icosl","GSM2545341",997
"Rmnd1","GSM2545341",702
"Tssk5","GSM2545341",402
"Pycr1","GSM2545341",14
"Pla2g3","GSM2545341",466
"Vmn2r1","GSM2545341",114
"Gm29797","GSM2545341",14
"Phyhd1","GSM2545341",1773
"Gpr146","GSM2545341",1335
"Mag","GSM2545341",3383
"Tufm","GSM2545341",1065
"Igdcc4","GSM2545341",1563
"Gm10654","GSM2545341",531
"Ncmap","GSM2545341",138
"Etv4","GSM2545341",202
"Fabp7","GSM2545341",139
"Cpsf4l","GSM2545341",19
"Hexa","GSM2545341",846
"Mfge8","GSM2545341",755
"Ccdc136","GSM2545341",5329
"Glul","GSM2545341",61758
"Hopx","GSM2545341",2414
"Pigq","GSM2545341",2633
"Vps11","GSM2545341",3783
"Proca1","GSM2545341",99
"Fbxl22","GSM2545341",28
"Sfxn5","GSM2545341",5608
"Hexim2","GSM2545341",570
"Agt","GSM2545341",4940
"Rlbp1","GSM2545341",102
"Jam2","GSM2545341",2384
"Lcat","GSM2545341",795
"Oxct1","GSM2545341",9144
"Cacna1e","GSM2545341",5730
"Fa2h","GSM2545341",816
"Plxnb3","GSM2545341",547
"Lman2l","GSM2545341",663
"Dpy19l1","GSM2545341",1454
"Kctd21","GSM2545341",300
"Thra","GSM2545341",12638
"Dok3","GSM2545341",57
"Sult1a1","GSM2545341",1831
"Rpe","GSM2545341",618
"Acrbp","GSM2545341",237
"Slc2a9","GSM2545341",163
"Emp2","GSM2545341",597
"Aipl1","GSM2545341",120
"Uri1","GSM2545341",2399
"Bcs1l","GSM2545341",247
"Rbm3","GSM2545341",9170
"Tra2a","GSM2545341",2267
"Prex1","GSM2545341",2670
"Josd2","GSM2545341",949
"Tmco3","GSM2545341",875
"Srebf1","GSM2545341",2841
"Acer2","GSM2545341",530
"Tsga10","GSM2545341",186
"Cyp3a13","GSM2545341",189
"Relt","GSM2545341",764
"Nrep","GSM2545341",19299
"Slc14a1","GSM2545341",889
"Pnpla2","GSM2545341",2232
"Map6d1","GSM2545341",1348
"Ier5","GSM2545341",868
"Bfsp2","GSM2545341",41
"Idi1","GSM2545341",280
"Kat2b","GSM2545341",7849
"Rmdn3","GSM2545341",3200
"Eif4b","GSM2545341",10441
"Grm4","GSM2545341",8188
"Pink1","GSM2545341",18707
"Mettl16","GSM2545341",603
"Fam193b","GSM2545341",2038
"Rtca","GSM2545341",1549
"Fgfbp1","GSM2545341",168
"Pigs","GSM2545341",1647
"Cfp","GSM2545341",568
"Desi1","GSM2545341",3452
"Gbp4","GSM2545341",795
"Nid1","GSM2545341",673
"Armcx5","GSM2545341",1172
"Cryab","GSM2545341",1475
"Prss53","GSM2545341",68
"Car4","GSM2545341",2419
"Gm6277","GSM2545341",80
"Amt","GSM2545341",638
"Zc3h6","GSM2545341",2055
"Aqp4","GSM2545341",12067
"Tmem198b","GSM2545341",546
"Abi3bp","GSM2545341",726
"Xpa","GSM2545341",605
"Aldh6a1","GSM2545341",5392
"Adam1a","GSM2545341",387
"Dynlt1a","GSM2545341",281
"Gatm","GSM2545341",2337
"H2-Q4","GSM2545341",211
"Nras","GSM2545341",993
"Pla2g4e","GSM2545341",1415
"Lpar1","GSM2545341",977
"Il12rb1","GSM2545341",140
"Enpp6","GSM2545341",302
"Ermn","GSM2545341",1731
"Marcksl1","GSM2545341",448
"Ubqln4","GSM2545341",2423
"Glt8d1","GSM2545341",885
"Ddx25","GSM2545341",1582
"Gpr17","GSM2545341",287
"Cat","GSM2545341",1389
"Wwox","GSM2545341",892
"Phkg1","GSM2545341",344
"Ppp1r3f","GSM2545341",1173
"Mrpl35","GSM2545341",706
"Nudt9","GSM2545341",1446
"Lypd6","GSM2545341",1490
"Spice1","GSM2545341",448
"Tuba8","GSM2545341",698
"Spon1","GSM2545341",5208
"Nfya","GSM2545341",587
"Sc5d","GSM2545341",2665
"Aldh18a1","GSM2545341",602
"Ebp","GSM2545341",614
"Srr","GSM2545341",1628
"Gm14827","GSM2545341",170
"Gm31135","GSM2545341",19
"Adam17","GSM2545341",772
"Slc39a2","GSM2545341",490
"Snn","GSM2545341",5037
"Hnrnpc","GSM2545341",6329
"Srbd1","GSM2545341",205
"Ptp4a1","GSM2545341",933
"Tppp","GSM2545341",6097
"Stac3","GSM2545341",68
"Emid1","GSM2545341",179
"Cotl1","GSM2545341",3690
"Ovgp1","GSM2545341",1827
"Ssx2ip","GSM2545341",3910
"Hsd3b7","GSM2545341",490
"Kazald1","GSM2545341",261
"Omd","GSM2545341",355
"Bcas1","GSM2545341",2961
"Gm9925","GSM2545341",762
"Dleu2","GSM2545341",156
"Chil3","GSM2545341",84
"Deaf1","GSM2545341",3008
"Dusp19","GSM2545341",148
"Gkn3","GSM2545341",11
"Pllp","GSM2545341",542
"Sox2ot","GSM2545341",259
"Ntf3","GSM2545341",97
"Lum","GSM2545341",99
"Gm20751","GSM2545341",302
"Thnsl2","GSM2545341",207
"Slc2a4rg-ps","GSM2545341",293
"Agpat5","GSM2545341",2566
"Mdk","GSM2545341",441
"Penk","GSM2545341",3333
"Cirbp","GSM2545341",5849
"Aloxe3","GSM2545341",747
"Nudt5","GSM2545341",328
"Serpinb1a","GSM2545341",166
"Mt1","GSM2545341",13895
"Fgfr3","GSM2545341",4850
"Myo1d","GSM2545341",390
"Cd99l2","GSM2545341",2309
"C2cd2","GSM2545341",612
"Brsk2","GSM2545341",7674
"Mrrf","GSM2545341",321
"Snhg4","GSM2545341",286
"Hmgcs1","GSM2545341",3753
"Stk17b","GSM2545341",2913
"Cyp51","GSM2545341",1218
"Gria4","GSM2545341",17510
"Ttyh1","GSM2545341",24234
"Slc13a1","GSM2545341",38
"Phf7","GSM2545341",301
"Get4","GSM2545341",1465
"Gstm1","GSM2545341",8546
"Fbxo31","GSM2545341",3355
"Padi2","GSM2545341",406
"Gnmt","GSM2545341",394
"Paip2b","GSM2545341",3788
"Slc17a9","GSM2545341",105
"Vopp1","GSM2545341",1041
"Ogdhl","GSM2545341",4375
"Dcaf12","GSM2545341",1795
"Rorc","GSM2545341",1667
"Cp","GSM2545341",2112
"Jade2","GSM2545341",2795
"Nbl1","GSM2545341",3720
"Hsph1","GSM2545341",2443
"Serf2","GSM2545341",2602
"Rasgef1a","GSM2545341",4632
"Prrg1","GSM2545341",245
"Etnppl","GSM2545341",6528
"Cyp4f15","GSM2545341",224
"Ankrd29","GSM2545341",763
"Gm27252","GSM2545341",160
"Kctd2","GSM2545341",3863
"Iigp1","GSM2545341",215
"Ak4","GSM2545341",3047
"Idh2","GSM2545341",1921
"Camkk1","GSM2545341",3192
"Rftn2","GSM2545341",916
"Igtp","GSM2545341",248
"Bche","GSM2545341",229
"Marcks","GSM2545341",4244
"Pabpc4","GSM2545341",613
"Pmp22","GSM2545341",939
"Car14","GSM2545341",1294
"Serpinh1","GSM2545341",491
"Ppp1r13b","GSM2545341",3409
"Tfrc","GSM2545341",11499
"Smox","GSM2545341",2327
"Tjap1","GSM2545341",646
"Msmo1","GSM2545341",1069
"Slc26a8","GSM2545341",219
"Eml3","GSM2545341",1826
"Csf2ra","GSM2545341",244
"Rnf141","GSM2545341",2297
"Slc25a16","GSM2545341",1838
"Echdc1","GSM2545341",846
"Eid2b","GSM2545341",894
"Piga","GSM2545341",326
"Ccdc149","GSM2545341",1178
"Car15","GSM2545341",376
"Eny2","GSM2545341",3109
"Mroh1","GSM2545341",5620
"Pcyox1l","GSM2545341",429
"Ankrd39","GSM2545341",638
"Timeless","GSM2545341",559
"Sparc","GSM2545341",42055
"Slc7a10","GSM2545341",876
"Ppp1r2","GSM2545341",5006
"Psmf1","GSM2545341",1243
"Adat1","GSM2545341",174
"Slc6a12","GSM2545341",309
"Snhg3","GSM2545341",320
"Prg4","GSM2545341",1132
"Plod1","GSM2545341",544
"Whamm","GSM2545341",1478
"Ttpa","GSM2545341",321
"Thbs3","GSM2545341",413
"Gltp","GSM2545341",808
"Pex6","GSM2545341",1125
"Aim2","GSM2545341",242
"Ednrb","GSM2545341",3485
"Nuf2","GSM2545341",63
"Mog","GSM2545341",1097
"Ccl27a","GSM2545341",1391
"Tac4","GSM2545341",34
"Snhg8","GSM2545341",484
"Ak6","GSM2545341",152
"Kctd20","GSM2545341",2170
"Itgb4","GSM2545341",328
"Zfp810","GSM2545341",1041
"Gm33489","GSM2545341",40
"Gna12","GSM2545341",1123
"Cyp4v3","GSM2545341",849
"Pkp4","GSM2545341",7788
"Agpat1","GSM2545341",1466
"Gipr","GSM2545341",94
"Edn3","GSM2545341",148
"Prr15","GSM2545341",120
"Traf1","GSM2545341",124
"Pim2","GSM2545341",928
"Lrrc8a","GSM2545341",4472
"Erp44","GSM2545341",1281
"Tmem33","GSM2545341",4237
"Fen1","GSM2545341",706
"Tfap4","GSM2545341",479
"Lman2","GSM2545341",2042
"Senp8","GSM2545341",140
"Alg14","GSM2545341",480
"Ddah1","GSM2545341",3076
"Pomt1","GSM2545341",452
"Rab3b","GSM2545341",627
"Lrrc29","GSM2545341",132
"Nqo1","GSM2545341",595
"Gpr137b","GSM2545341",349
"Pcif1","GSM2545341",2771
"Qdpr","GSM2545341",2549
"Dcdc2b","GSM2545341",229
"Rap2a","GSM2545341",1486
"Cnpy4","GSM2545341",360
"Wdr41","GSM2545341",1120
"Gm20627","GSM2545341",12
"Mmaa","GSM2545341",1181
"Gm13562","GSM2545341",10
"Cd70","GSM2545341",10
"Itm2a","GSM2545341",1263
"Avil","GSM2545341",18
"Zscan22","GSM2545341",342
"Itgb3","GSM2545341",46
"Col11a2","GSM2545341",373
"Apoc1","GSM2545341",98
"Tmeff2","GSM2545341",1617
"Tyro3","GSM2545341",4599
"Ift22","GSM2545341",568
"Mtmr7","GSM2545341",2914
"Gabrr2","GSM2545341",167
"Ube2v2","GSM2545341",1288
"C77080","GSM2545341",1970
"Elovl5","GSM2545341",2938
"Serinc5","GSM2545341",2317
"Pyroxd2","GSM2545341",113
"Ypel2","GSM2545341",1474
"Parp3","GSM2545341",548
"Xpo1","GSM2545341",4526
"Polr2a","GSM2545341",7472
"Tspyl4","GSM2545341",18060
"Irgm1","GSM2545341",372
"Cep131","GSM2545341",1510
"Sema4d","GSM2545341",2802
"Gbp6","GSM2545341",344
"Zfp119b","GSM2545341",306
"Eps15","GSM2545341",9582
"Pxmp2","GSM2545341",321
"Tomm40l","GSM2545341",1353
"Atat1","GSM2545341",879
"Chrac1","GSM2545341",449
"Mrpl24","GSM2545341",1010
"Ipo9","GSM2545341",12687
"Actg1","GSM2545341",5024
"Noxred1","GSM2545341",24
"Gm20501","GSM2545341",234
"H2-K1","GSM2545341",963
"Lig1","GSM2545341",758
"Morn2","GSM2545341",134
"Dcakd","GSM2545341",603
"Nop14","GSM2545341",1161
"Bbs1","GSM2545341",995
"Tada2b","GSM2545341",1396
"Gal3st1","GSM2545341",121
"Xpc","GSM2545341",1183
"Irf2bp2","GSM2545341",1817
"Spns2","GSM2545341",2276
"Pole","GSM2545341",245
"Fam78b","GSM2545341",1203
"Ggcx","GSM2545341",784
"Anks1","GSM2545341",1771
"Pgm2","GSM2545341",3588
"Zgrf1","GSM2545341",714
"Alkbh3","GSM2545341",666
"Dnd1","GSM2545341",33
"Lime1","GSM2545341",1957
"Trim23","GSM2545341",5280
"Abhd14a","GSM2545341",362
"Zkscan3","GSM2545341",1525
"Fam131b","GSM2545341",10495
"Elovl1","GSM2545341",461
"Trim72","GSM2545341",75
"Klhdc9","GSM2545341",191
"Iqck","GSM2545341",114
"Smim14","GSM2545341",6281
"Kcnab3","GSM2545341",1774
"Ing5","GSM2545341",687
"Cnnm3","GSM2545341",3237
"Fn3k","GSM2545341",625
"Cnp","GSM2545341",9245
"Uros","GSM2545341",467
"Eml1","GSM2545341",1980
"Lgals3","GSM2545341",116
"Gjb1","GSM2545341",303
"Dynll1","GSM2545341",1125
"Cyp2j12","GSM2545341",86
"Crip3","GSM2545341",2
"Sbk1","GSM2545341",15231
"Camkk2","GSM2545341",8040
"Setd7","GSM2545341",9204
"Btf3l4","GSM2545341",2473
"Acbd4","GSM2545341",1596
"Gm16835","GSM2545341",330
"Gpr37","GSM2545341",1077
"Prr5l","GSM2545341",282
"Slain1","GSM2545341",1408
"Calr","GSM2545341",5141
"Bst1","GSM2545341",26
"Fmnl3","GSM2545341",515
"Gpr89","GSM2545341",386
"Zranb1","GSM2545341",8046
"Col27a1","GSM2545341",482
"Emc8","GSM2545341",3240
"Ormdl3","GSM2545341",3977
"Capg","GSM2545341",109
"Zbtb21","GSM2545341",631
"Sord","GSM2545341",785
"Tsc22d1","GSM2545341",6905
"Gpld1","GSM2545341",3189
"Cdh4","GSM2545341",425
"Hkdc1","GSM2545341",198
"Ggact","GSM2545341",1584
"Zfp493","GSM2545341",64
"Mkks","GSM2545341",863
"Gm15423","GSM2545341",121
"Npas2","GSM2545341",224
"Plin4","GSM2545341",2471
"Rragc","GSM2545341",2830
"Nsun3","GSM2545341",668
"Hgsnat","GSM2545341",2714
"Acr","GSM2545341",220
"Ccdc167","GSM2545341",791
"Thap1","GSM2545341",207
"Egfl8","GSM2545341",72
"Vps33a","GSM2545341",4739
"Igbp1","GSM2545341",1459
"Tbx6","GSM2545341",41
"Dcst2","GSM2545341",50
"Rbm28","GSM2545341",1579
"Pms1","GSM2545341",555
"Rtcb","GSM2545341",3758
"Smad9","GSM2545341",2207
"Ubxn2b","GSM2545341",445
"Rnf170","GSM2545341",1892
"Pithd1","GSM2545341",2303
"Steap3","GSM2545341",34
"Tomm20","GSM2545341",8339
"Klf15","GSM2545341",2096
"Amz2","GSM2545341",1294
"Folh1","GSM2545341",941
"Ubfd1","GSM2545341",2094
"Gpx3","GSM2545341",698
"C4b","GSM2545341",876
"Mdfi","GSM2545341",222
"Nucb2","GSM2545341",366
"Clip4","GSM2545341",1607
"Tipin","GSM2545341",737
"Amy1","GSM2545341",1533
"Efhd1","GSM2545341",961
"Smim15","GSM2545341",1492
"Zfp658","GSM2545341",460
"E2f6","GSM2545341",1334
"Lix1","GSM2545341",145
"Coq4","GSM2545341",194
"Otoa","GSM2545341",89
"Mex3a","GSM2545341",106
"Tmem132c","GSM2545341",1344
"Dclk1","GSM2545341",10962
"Eml2","GSM2545341",3579
"Glyr1","GSM2545341",8452
"Gm1976","GSM2545341",395
"Smyd3","GSM2545341",1407
"Dcaf8","GSM2545341",7863
"Lias","GSM2545341",1114
"Msn","GSM2545341",1986
"Timmdc1","GSM2545341",300
"H2-Q6","GSM2545341",44
"Asic3","GSM2545341",105
"Col5a3","GSM2545341",961
"Stx3","GSM2545341",4796
"AW046200","GSM2545341",76
"Hsf1","GSM2545341",1094
"Colq","GSM2545341",72
"Rcor3","GSM2545341",1518
"Slc6a20a","GSM2545341",1240
"Prps1","GSM2545341",2123
"Keap1","GSM2545341",2034
"Tap2","GSM2545341",400
"Slc16a7","GSM2545341",873
"Eif2b3","GSM2545341",586
"Flywch1","GSM2545341",11395
"Amigo2","GSM2545341",962
"Hspd1","GSM2545341",5311
"Sost","GSM2545341",5
"Gm8615","GSM2545341",3
"Kcnk13","GSM2545341",76
"Tspyl2","GSM2545341",6747
"Spsb3","GSM2545341",3069
"Gm8493","GSM2545341",3
"Fgf22","GSM2545341",72
"Slc6a6","GSM2545341",6232
"Xist","GSM2545341",11
"Ddx3y","GSM2545341",4716
"Eif2s3y","GSM2545341",3983
"Kdm5d","GSM2545341",1643
"Uty","GSM2545341",1356
"Eif2s3x","GSM2545341",1589
"Kdm6a","GSM2545341",2658
"Casp12","GSM2545341",239
"Ddx3x","GSM2545341",21867
"Prl2c3","GSM2545341",40
"Casp1","GSM2545341",39
"Pbdc1","GSM2545341",296
"Kdm5c","GSM2545341",3288
"Ctxn2","GSM2545341",88
"Ldoc1","GSM2545341",426
"Gpr179","GSM2545341",24
"Pou4f1","GSM2545341",3
"Tmprss3","GSM2545341",30
"Prl2c2","GSM2545341",9
"Slc35b1","GSM2545341",1695
"Myoc","GSM2545341",83
"Cartpt","GSM2545341",3
"Tchh","GSM2545341",46
"H2-Q2","GSM2545341",16
"Ascl1","GSM2545341",92
"Crhr1","GSM2545341",2437
"Gm4017","GSM2545341",24
"Impg1","GSM2545341",22
"Rxfp3","GSM2545341",9
"AI504432","GSM2545341",918
"Mpo","GSM2545341",2
"Oxtr","GSM2545341",18
"Usp2","GSM2545341",4346
"Lor","GSM2545341",7
"Srrm4","GSM2545341",3445
"Slc35g1","GSM2545341",195
"Tceal6","GSM2545341",826
"Dach2","GSM2545341",78
"Lgr6","GSM2545341",221
"Kcna4","GSM2545341",144
"Zfyve28","GSM2545341",4059
"Hps4","GSM2545341",631
"Ucp3","GSM2545341",82
"Mettl17","GSM2545341",1006
"Atg9b","GSM2545341",34
"Usp3","GSM2545341",5168
"Acta2","GSM2545341",221
"Wdr24","GSM2545341",614
"Zw10","GSM2545341",1581
"Ubtd2","GSM2545341",2403
"Slc6a4","GSM2545341",13
"Cog1","GSM2545341",1735
"S100a9","GSM2545341",66
"Nadk","GSM2545341",2201
"Col6a1","GSM2545341",686
"Susd2","GSM2545341",128
"Fam53b","GSM2545341",2094
"Npas1","GSM2545341",10
"Rhbdf1","GSM2545341",688
"Cacnb1","GSM2545341",654
"Zfp579","GSM2545341",801
"Dtx4","GSM2545341",752
"Chrm3","GSM2545341",44
"Plcl2","GSM2545341",1596
"Ptprj","GSM2545341",4087
"Cyhr1","GSM2545341",5264
"Stx5a","GSM2545341",2370
"Smim8","GSM2545341",374
"Pappa2","GSM2545341",4
"Stbd1","GSM2545341",29
"Rln3","GSM2545341",0
"Ldlr","GSM2545341",971
"Bmp2","GSM2545341",25
"Itga10","GSM2545341",326
"Unc45a","GSM2545341",1357
"Hap1","GSM2545341",2387
"Gm35339","GSM2545341",294
"Serpinb8","GSM2545341",89
"Tmem200c","GSM2545341",127
"Ngb","GSM2545341",50
"Myh11","GSM2545341",280
"Ass1","GSM2545341",411
"Ccdc28b","GSM2545341",2253
"Vsx2","GSM2545341",12
"Klhl1","GSM2545341",128
"Slit1","GSM2545341",100
"Rbm10","GSM2545341",2482
"Sgk1","GSM2545341",8396
"Zbtb24","GSM2545341",683
"Kif5a","GSM2545341",25374
"Alox8","GSM2545341",78
"Rgcc","GSM2545341",262
"Olfr1033","GSM2545341",142
"Lrrn4","GSM2545341",1
"Trim59","GSM2545341",591
"Pnma2","GSM2545341",212
"Arc","GSM2545341",509
"Lypd6b","GSM2545341",96
"Prkar2b","GSM2545341",432
"Gabrd","GSM2545341",5758
"Sh3gl1","GSM2545341",1586
"Rab9b","GSM2545341",644
"Slc9a2","GSM2545341",219
"Gata3","GSM2545341",3
"Rnd3","GSM2545341",451
"Tdgf1","GSM2545341",243
"Tph2","GSM2545341",72
"Gprc5c","GSM2545341",2152
"Syt16","GSM2545341",154
"Cdyl","GSM2545341",496
"St8sia2","GSM2545341",52
"Usp19","GSM2545341",6603
"Foxj2","GSM2545341",2481
"Wdfy2","GSM2545341",1862
"Fibcd1","GSM2545341",26
"Hs3st4","GSM2545341",42
"Rab27b","GSM2545341",319
"Gm4988","GSM2545341",104
"Hebp1","GSM2545341",94
"Mrgpre","GSM2545341",64
"Slc22a4","GSM2545341",2442
"Txndc11","GSM2545341",1484
"Pgr15l","GSM2545341",12
"Evpl","GSM2545341",26
"Pax7","GSM2545341",5
"Trim65","GSM2545341",157
"Gm33533","GSM2545341",6
"Otof","GSM2545341",54
"Alk","GSM2545341",29
"Acap3","GSM2545341",3526
"Erdr1","GSM2545341",182
"Kcnq5","GSM2545341",82
"Msln","GSM2545341",117
"Tbc1d20","GSM2545341",1436
"Slc16a10","GSM2545341",277
"Errfi1","GSM2545341",2091
"Nr2e1","GSM2545341",1
"Gpr149","GSM2545341",9
"Plcxd1","GSM2545341",131
"Lrch3","GSM2545341",4362
"Morc2b","GSM2545341",121
"Elfn1","GSM2545341",40
"Rnf180","GSM2545341",249
"Pcdhb8","GSM2545341",93
"Creg2","GSM2545341",337
"Erich3","GSM2545341",571
"Rpp25","GSM2545341",111
"Fgfr1","GSM2545341",6858
"Sfrp2","GSM2545341",24
"Rprm","GSM2545341",40
"Tmem120b","GSM2545341",576
"Tpra1","GSM2545341",1740
"Igsf9","GSM2545341",9
"Jakmip1","GSM2545341",688
"Hsf4","GSM2545341",136
"Pcbd1","GSM2545341",94
"Rasgrf2","GSM2545341",341
"Dgkk","GSM2545341",34
"Paxip1","GSM2545341",1772
"Smtn","GSM2545341",218
"Cmpk2","GSM2545341",604
"Drd4","GSM2545341",31
"Samd11","GSM2545341",23
"Magel2","GSM2545341",41
"Csrnp3","GSM2545341",1439
"Zfp941","GSM2545341",546
"Lrrc1","GSM2545341",610
"Tmie","GSM2545341",145
"Pcdh8","GSM2545341",84
"Glra2","GSM2545341",128
"Gpatch8","GSM2545341",5537
"Slc6a16","GSM2545341",10
"Grm7","GSM2545341",610
"Ybx3","GSM2545341",1530
"Tenm3","GSM2545341",673
"Npffr1","GSM2545341",2
"Slc39a11","GSM2545341",280
"Otp","GSM2545341",7
"Hoga1","GSM2545341",34
"Egfl6","GSM2545341",4
"Plch2","GSM2545341",6863
"Pde11a","GSM2545341",24
"Zfp335","GSM2545341",1701
"Gpr61","GSM2545341",158
"Tox","GSM2545341",25
"Gabrr1","GSM2545341",12
"Jun","GSM2545341",1493
"Cox7b2","GSM2545341",27
"Mn1","GSM2545341",116
"Tmem130","GSM2545341",2199
"Dusp11","GSM2545341",6829
"Tmem91","GSM2545341",75
"Rbms2","GSM2545341",820
"Inpp5j","GSM2545341",6501
"Vstm2a","GSM2545341",684
"C1qtnf2","GSM2545341",43
"Ctns","GSM2545341",1093
"Smarcd2","GSM2545341",3738
"Dbpht2","GSM2545341",35
"Ltbp2","GSM2545341",3034
"Drd1","GSM2545341",13
"Dact2","GSM2545341",119
"E4f1","GSM2545341",1178
"Zfp598","GSM2545341",3258
"Zcchc12","GSM2545341",463
"Zfp263","GSM2545341",1467
"Tspyl3","GSM2545341",470
"Arhgap10","GSM2545341",701
"Plxnb2","GSM2545341",6181
"Doc2a","GSM2545341",41
"Tmem29","GSM2545341",451
"Dpf2","GSM2545341",2656
"Foxl2os","GSM2545341",42
"Slc47a1","GSM2545341",313
"Nap1l5","GSM2545341",19160
"Mapk7","GSM2545341",1489
"Grem2","GSM2545341",80
"Pcdh10","GSM2545341",1299
"Nol3","GSM2545341",153
"Gpr83","GSM2545341",40
"Nrsn2","GSM2545341",1584
"Prss16","GSM2545341",14
"Pcdh18","GSM2545341",101
"Emx2","GSM2545341",2
"Ccdc81","GSM2545341",47
"Rwdd2a","GSM2545341",324
"Mpped1","GSM2545341",174
"Galnt7","GSM2545341",2407
"S100a8","GSM2545341",47
"Mau2","GSM2545341",5607
"Ptpn23","GSM2545341",2907
"Sstr1","GSM2545341",70
"Wdfy4","GSM2545341",21
"Anxa3","GSM2545341",639
"C3","GSM2545341",48
"Tead4","GSM2545341",278
"Clvs2","GSM2545341",195
"Gaa","GSM2545341",5802
"Zfp219","GSM2545341",4500
"Bves","GSM2545341",5
"Tmem161a","GSM2545341",759
"Unc5d","GSM2545341",522
"Cd180","GSM2545341",24
"Scml4","GSM2545341",13
"Stk38","GSM2545341",2269
"Sox17","GSM2545341",232
"Srsf9","GSM2545341",1182
"Herpud1","GSM2545341",2887
"Hmbs","GSM2545341",500
"Gm2824","GSM2545341",25
"Mir1901","GSM2545341",26
"Adamts19","GSM2545341",6
"Zfp36l1","GSM2545341",1130
"Impact","GSM2545341",6950
"Trmt6","GSM2545341",1627
"Plekhm1","GSM2545341",1483
"Basp1","GSM2545341",639
"Grid1","GSM2545341",681
"Zdbf2","GSM2545341",433
"Tal1","GSM2545341",33
"Raf1","GSM2545341",4376
"Pgpep1l","GSM2545341",6
"Fzd4","GSM2545341",895
"Tfdp1","GSM2545341",1678
"Pdzrn4","GSM2545341",63
"Ier3","GSM2545341",392
"Mir378a","GSM2545341",13
"Magee2","GSM2545341",62
"Plekhg2","GSM2545341",288
"Boc","GSM2545341",4098
"Ddx39b","GSM2545341",5591
"H2-T24","GSM2545341",39
"Insm1","GSM2545341",15
"Vstm5","GSM2545341",67
"Kctd4","GSM2545341",66
"Oprm1","GSM2545341",76
"Zfand6","GSM2545341",2213
"Cx3cl1","GSM2545341",1508
"Tacr3","GSM2545341",22
"Gpr4","GSM2545341",142
"Ptgis","GSM2545341",121
"Ccdc28a","GSM2545341",369
"Ido2","GSM2545341",2
"Elfn2","GSM2545341",738
"Ngp","GSM2545341",27
"Ptpro","GSM2545341",192
"Neto1","GSM2545341",164
"Col6a2","GSM2545341",388
"Fev","GSM2545341",4
"Mmab","GSM2545341",563
"Resp18","GSM2545341",501
"Amn","GSM2545341",11
"Tmem132b","GSM2545341",653
"St6gal2","GSM2545341",166
"Tbc1d25","GSM2545341",679
"Pdcd2l","GSM2545341",596
"Acot3","GSM2545341",11
"Gm5468","GSM2545341",2
"Atg16l1","GSM2545341",2557
"Rpl14-ps1","GSM2545341",23
"Glra3","GSM2545341",73
"Plekhh3","GSM2545341",1979
"Pcdhga1","GSM2545341",208
"Gm9899","GSM2545341",1032
"Eps8l1","GSM2545341",124
"Serpina3g","GSM2545341",10
"Pcdh17","GSM2545341",958
"Riok3","GSM2545341",3885
"Dcaf12l2","GSM2545341",3
"Ankrd6","GSM2545341",481
"Dhrs11","GSM2545341",451
"Zdhhc22","GSM2545341",171
"Hmgb3","GSM2545341",416
"Mid1","GSM2545341",123
"Celf3","GSM2545341",1632
"Akap5","GSM2545341",203
"Phlda3","GSM2545341",234
"Arfgap2","GSM2545341",3785
"Gabpb1","GSM2545341",1224
"Mybpc1","GSM2545341",2446
"Nfkbia","GSM2545341",1000
"Gabra3","GSM2545341",540
"Gtpbp2","GSM2545341",2617
"Ptgdr","GSM2545341",25
"Myh15","GSM2545341",9
"Ciz1","GSM2545341",1721
"Tmem62","GSM2545341",2841
"Pan3","GSM2545341",5387
"Pld3","GSM2545341",1915
"Trim3","GSM2545341",8692
"Spata2l","GSM2545341",547
"Gm2223","GSM2545341",19
"Dnah1","GSM2545341",94
"Pnoc","GSM2545341",46
"Dzank1","GSM2545341",7380
"Safb2","GSM2545341",3123
"Rnf128","GSM2545341",994
"Jpx","GSM2545341",300
"Il16","GSM2545341",6884
"Slc26a7","GSM2545341",376
"Rspo1","GSM2545341",14
"Hcfc2","GSM2545341",1685
"Gm35315","GSM2545341",58
"Tyrp1","GSM2545341",13
"Pank4","GSM2545341",2174
"Ngef","GSM2545341",193
"Llgl1","GSM2545341",2757
"Usp12","GSM2545341",2741
"Ppp2r2d","GSM2545341",2254
"Zfp677","GSM2545341",121
"Heyl","GSM2545341",71
"Sin3b","GSM2545341",2182
"Sidt1","GSM2545341",2185
"Spin2c","GSM2545341",86
"Wasf2","GSM2545341",1220
"Tmem14a","GSM2545341",451
"Cntnap5a","GSM2545341",338
"Ccm2l","GSM2545341",133
"Sema3e","GSM2545341",463
"Il18bp","GSM2545341",407
"Slc35f1","GSM2545341",967
"Best1","GSM2545341",13
"Pde8b","GSM2545341",543
"Htr7","GSM2545341",47
"Cfap57","GSM2545341",20
"Sgsm1","GSM2545341",4490
"Scn3b","GSM2545341",205
"Mark3","GSM2545341",3401
"Acsl5","GSM2545341",425
"Qpct","GSM2545341",93
"Iqcc","GSM2545341",688
"Noc2l","GSM2545341",2439
"Slc25a27","GSM2545341",4870
"Kdm4b","GSM2545341",3165
"Pde1b","GSM2545341",1184
"Pcdha10","GSM2545341",53
"Gja5","GSM2545341",10
"Irs4","GSM2545341",30
"Mamdc4","GSM2545341",153
"Mthfd2l","GSM2545341",240
"Lrrtm1","GSM2545341",172
"Tacr1","GSM2545341",17
"Lmo3","GSM2545341",135
"Psg16","GSM2545341",947
"Abcc8","GSM2545341",3011
"Epc1","GSM2545341",2538
"Slc6a7","GSM2545341",432
"Col4a5","GSM2545341",369
"Gm8013","GSM2545341",2
"Clpx","GSM2545341",2025
"Dffb","GSM2545341",439
"Senp3","GSM2545341",1925
"Hhex","GSM2545341",28
"Per2","GSM2545341",2860
"Rnpep","GSM2545341",1202
"Ttll1","GSM2545341",434
"Ppp1r1c","GSM2545341",7
"Moxd1","GSM2545341",140
"Susd6","GSM2545341",4927
"Ighm","GSM2545341",85
"Fam131a","GSM2545341",2881
"Zfp92","GSM2545341",25
"Kirrel","GSM2545341",511
"Npsr1","GSM2545341",5
"Kcnj16","GSM2545341",944
"Atg10","GSM2545341",195
"Vwc2l","GSM2545341",37
"Sox14","GSM2545341",12
"Zc3h3","GSM2545341",464
"Gak","GSM2545341",4854
"Tox2","GSM2545341",135
"Tenm2","GSM2545341",818
"Begain","GSM2545341",799
"Dsc3","GSM2545341",7
"Fbll1","GSM2545341",173
"Dnah7a","GSM2545341",11
"Gm3764","GSM2545341",5480
"Strip1","GSM2545341",2944
"Nmnat3","GSM2545341",25
"Lims2","GSM2545341",242
"Fam43b","GSM2545341",143
"Ccnl2","GSM2545341",9778
"Gm11627","GSM2545341",6
"Rabl2","GSM2545341",789
"Kcnj3","GSM2545341",4769
"Zfp36","GSM2545341",256
"Slc2a1","GSM2545341",5250
"Cnksr3","GSM2545341",2863
"AW551984","GSM2545341",151
"Hykk","GSM2545341",143
"Rnasel","GSM2545341",77
"Shc1","GSM2545341",487
"Ppp1r12c","GSM2545341",3644
"Syne4","GSM2545341",437
"Arrdc2","GSM2545341",1321
"Usp28","GSM2545341",2390
"Slfn4","GSM2545341",12
"Pomt2","GSM2545341",1493
"Gm10432","GSM2545341",96
"Cngb1","GSM2545341",15
"Dot1l","GSM2545341",9329
"Gmnn","GSM2545341",101
"Ccdc160","GSM2545341",43
"Ptpn5","GSM2545341",631
"Mal2","GSM2545341",171
"Arap3","GSM2545341",341
"Mib2","GSM2545341",2624
"Itgb1bp2","GSM2545341",120
"Stk32b","GSM2545341",10
"Dgkb","GSM2545341",832
"Pcgf6","GSM2545341",931
"Serinc2","GSM2545341",536
"Arhgef37","GSM2545341",941
"Ltf","GSM2545341",17
"Timp2","GSM2545341",2843
"Snora41","GSM2545341",37
"F3","GSM2545341",2720
"Tgfbi","GSM2545341",211
"Rab44","GSM2545341",2
"Lclat1","GSM2545341",824
"Arid5b","GSM2545341",1695
"Col25a1","GSM2545341",237
"Inpp5b","GSM2545341",2765
"Dhfr","GSM2545341",289
"Phkg2","GSM2545341",1976
"Bcl11a","GSM2545341",339
"Nr2f1","GSM2545341",1418
"Trhr","GSM2545341",31
"Msc","GSM2545341",7
"Mndal","GSM2545341",182
"Pou3f2","GSM2545341",452
"Gm9962","GSM2545341",13
"Atg16l2","GSM2545341",907
"Gm16425","GSM2545341",6
"Ap1m1","GSM2545341",1759
"Trpv3","GSM2545341",23
"Inpp5k","GSM2545341",3265
"D11Wsu47e","GSM2545341",175
"Fkbp1b","GSM2545341",228
"Syvn1","GSM2545341",1957
"Aldh3a2","GSM2545341",2715
"Dtd2","GSM2545341",266
"Pcdh19","GSM2545341",288
"Gm5526","GSM2545341",14
"Nsun5","GSM2545341",658
"Hrh2","GSM2545341",148
"Lmbr1l","GSM2545341",666
"Pkn1","GSM2545341",1236
"Nptx2","GSM2545341",42
"Ctxn1","GSM2545341",126
"Rp1","GSM2545341",1
"Gm7357","GSM2545341",2
"Mrpl15","GSM2545341",868
"Lypla1","GSM2545341",1464
"Tcea1","GSM2545341",2721
"Gm6104","GSM2545341",6
"Atp6v1h","GSM2545341",3826
"Oprk1","GSM2545341",71
"Npbwr1","GSM2545341",7
"Rb1cc1","GSM2545341",6432
"Gm2147","GSM2545341",2
"Gm26901","GSM2545341",2
"Sntg1","GSM2545341",415
"Gm6187","GSM2545341",2
"Rrs1","GSM2545341",514
"Mcmdc2","GSM2545341",28
"Snhg6","GSM2545341",245
"Snord87","GSM2545341",5
"Tcf24","GSM2545341",7
"Ppp1r42","GSM2545341",15
"Arfgef1","GSM2545341",6039
"Cpa6","GSM2545341",2
"Ncoa2","GSM2545341",5311
"Tram1","GSM2545341",1383
"Gm5523","GSM2545341",1
"Eya1","GSM2545341",284
"Smt3h2-ps4","GSM2545341",1
"Trpa1","GSM2545341",2
"Gm10566","GSM2545341",1
"Terf1","GSM2545341",628
"Rdh10","GSM2545341",795
"Stau2","GSM2545341",2910
"Ly96","GSM2545341",39
"Jph1","GSM2545341",1572
"Gdap1","GSM2545341",5274
"Rbm6-ps1","GSM2545341",12
"Pi15","GSM2545341",33
"Gm28154","GSM2545341",14
"Gm16070","GSM2545341",6
"Gm15825","GSM2545341",1
"Tfap2d","GSM2545341",0
"Tfap2b","GSM2545341",2050
"Pkhd1","GSM2545341",6
"Mir133b","GSM2545341",5
"Il17f","GSM2545341",2
"Paqr8","GSM2545341",17015
"Tram2","GSM2545341",19
"Gm7658","GSM2545341",7
"Gm7761","GSM2545341",7
"Mir30c-2","GSM2545341",7
"Ogfrl1","GSM2545341",10054
"Smap1","GSM2545341",2964
"Fam135a","GSM2545341",3896
"Col19a1","GSM2545341",1279
"Lmbrd1","GSM2545341",8287
"Gm20172","GSM2545341",2
"Gm29214","GSM2545341",6
"Gm7846","GSM2545341",8
"Gm5525","GSM2545341",19
"Phf3","GSM2545341",5001
"Khdrbs2","GSM2545341",197
"Gm5415","GSM2545341",1
"Zfp451","GSM2545341",1397
"Gm15455","GSM2545341",8
"Bend6","GSM2545341",7107
"Ptpn18","GSM2545341",49
"Cfc1","GSM2545341",2
"Amer3","GSM2545341",2056
"Fam168b","GSM2545341",10603
"Gm33222","GSM2545341",7
"Kansl3","GSM2545341",3838
"Fer1l5","GSM2545341",2
"Cnnm4","GSM2545341",1172
"Sema4c","GSM2545341",1120
"Cox5b","GSM2545341",4576
"Zap70","GSM2545341",14
"Tmem131","GSM2545341",3919
"Cnga3","GSM2545341",2
"Unc50","GSM2545341",1441
"Lipt1","GSM2545341",83
"Mrpl30","GSM2545341",967
"Lyg2","GSM2545341",6
"Txndc9","GSM2545341",1703
"Eif5b","GSM2545341",4088
"Gm16150","GSM2545341",24
"Gm16152","GSM2545341",5
"Pdcl3","GSM2545341",955
"Rpl31","GSM2545341",2177
"Tbc1d8","GSM2545341",2167
"Cnot11","GSM2545341",1198
"Snord89","GSM2545341",13
"Rnf149","GSM2545341",852
"Rfx8","GSM2545341",12
"Gm16894","GSM2545341",16
"Il1rl2","GSM2545341",11
"Il1rl1","GSM2545341",6
"Il18r1","GSM2545341",0
"Slc9a4","GSM2545341",12
"Mfsd9","GSM2545341",125
"Tmem182","GSM2545341",8
"Gm28175","GSM2545341",14
"Pantr1","GSM2545341",170
"Pou3f3","GSM2545341",1117
"Pantr2","GSM2545341",34
"Mrps9","GSM2545341",1297
"Gpr45","GSM2545341",60
"Tgfbrap1","GSM2545341",2745
"Fhl2","GSM2545341",119
"Nck2","GSM2545341",648
"Uxs1","GSM2545341",1225
"Gm16103","GSM2545341",1
"Tpp2","GSM2545341",3349
"Tex30","GSM2545341",217
"Bivm","GSM2545341",939
"Gulp1","GSM2545341",236
"Wdr75","GSM2545341",1326
"Dnah7b","GSM2545341",863
"Gm4852","GSM2545341",3
"Gm8337","GSM2545341",7
"Nabp1","GSM2545341",331
"Gm17767","GSM2545341",0
"Myo1b","GSM2545341",817
"Stat4","GSM2545341",5
"Stat1","GSM2545341",1363
"Gls","GSM2545341",11862
"Rps27a-ps1","GSM2545341",3
"Gm28178","GSM2545341",0
"Inpp1","GSM2545341",3069
"Mstn","GSM2545341",13
"Asnsd1","GSM2545341",652
"Gtf3c3","GSM2545341",1196
"Pgap1","GSM2545341",2220
"Gm19637","GSM2545341",3
"Ankrd44","GSM2545341",694
"Sf3b1","GSM2545341",22928
"Gm6822","GSM2545341",7
"Boll","GSM2545341",1
"Gm8292","GSM2545341",21
"Plcl1","GSM2545341",1096
"Gm6644","GSM2545341",0
"Satb2","GSM2545341",25
"BC055402","GSM2545341",0
"Tyw5","GSM2545341",495
"Spats2l","GSM2545341",243
"Aox4","GSM2545341",6
"Aox2","GSM2545341",2
"Bzw1","GSM2545341",8561
"Clk1","GSM2545341",9808
"Ppil3","GSM2545341",310
"Nif3l1","GSM2545341",574
"Cflar","GSM2545341",1063
"Casp8","GSM2545341",82
"Stradb","GSM2545341",1045
"Tmem237","GSM2545341",792
"Cdk15","GSM2545341",2
"Fzd7","GSM2545341",2252
"Sumo1","GSM2545341",2627
"Fam117b","GSM2545341",4203
"Wdr12","GSM2545341",995
"Nbeal1","GSM2545341",1910
"Abi2","GSM2545341",4206
"Cd28","GSM2545341",59
"Gm11581","GSM2545341",2
"Icos","GSM2545341",2
"Nrp2","GSM2545341",393
"Gm4208","GSM2545341",1
"Ndufs1","GSM2545341",6943
"Eef1b2","GSM2545341",3155
"Gpr1","GSM2545341",0
"Gm11605","GSM2545341",1
"Adam23","GSM2545341",6881
"Dytn","GSM2545341",5
"Mdh1b","GSM2545341",13
"Gm13748","GSM2545341",5
"Ccnyl1","GSM2545341",440
"Plekhm3","GSM2545341",1900
"Rpl10a-ps1","GSM2545341",16
"Cryga","GSM2545341",0
"Pikfyve","GSM2545341",3076
"Map2","GSM2545341",23614
"Unc80","GSM2545341",21619
"Kansl1l","GSM2545341",1328
"Acadl","GSM2545341",1615
"Gm15793","GSM2545341",4
"Spag16","GSM2545341",80
"Bard1","GSM2545341",7
"Abca12","GSM2545341",5
"Atic","GSM2545341",754
"Fn1","GSM2545341",3091
"Gm5256","GSM2545341",3
"Tmem169","GSM2545341",627
"Xrcc5","GSM2545341",643
"Smarcal1","GSM2545341",2739
"Igfbp2","GSM2545341",1371
"Gm29183","GSM2545341",4
"Rufy4","GSM2545341",6
"Cxcr2","GSM2545341",4
"Arpc2","GSM2545341",3408
"Aamp","GSM2545341",3867
"Tmbim1","GSM2545341",1609
"Catip","GSM2545341",77
"Zfp142","GSM2545341",1896
"Rnf25","GSM2545341",1326
"Ttll4","GSM2545341",2587
"Prkag3","GSM2545341",17
"Gm29539","GSM2545341",1
"Wnt10a","GSM2545341",10
"Ihh","GSM2545341",3
"Slc23a3","GSM2545341",3
"Zfand2b","GSM2545341",370
"Ankzf1","GSM2545341",1460
"Glb1l","GSM2545341",439
"Ptprn","GSM2545341",4519
"Des","GSM2545341",40
"Asic4","GSM2545341",13
"Chpf","GSM2545341",1690
"Obsl1","GSM2545341",864
"Stk11ip","GSM2545341",1169
"Slc4a3","GSM2545341",4334
"Epha4","GSM2545341",986
"Pax3","GSM2545341",240
"Mogat1","GSM2545341",3
"Kcne4","GSM2545341",56
"Gm5830","GSM2545341",15
"Scg2","GSM2545341",5263
"Mrpl44","GSM2545341",658
"Gm5529","GSM2545341",23
"Fam124b","GSM2545341",2
"Cul3","GSM2545341",7589
"Nyap2","GSM2545341",1096
"Rhbdd1","GSM2545341",482
"Col4a4","GSM2545341",129
"Col4a3","GSM2545341",121
"Mff","GSM2545341",6561
"Daw1","GSM2545341",26
"Trip12","GSM2545341",8902
"Fbxo36","GSM2545341",101
"Slc16a14","GSM2545341",199
"Gm15433","GSM2545341",3
"Rpl19-ps1","GSM2545341",1
"Sp110","GSM2545341",23
"Sp140","GSM2545341",36
"Sp100","GSM2545341",150
"Cab39","GSM2545341",8325
"Gpr55","GSM2545341",6
"Spata3","GSM2545341",7
"Htr2b","GSM2545341",5
"Armc9","GSM2545341",728
"B3gnt7","GSM2545341",6
"Snora75","GSM2545341",11
"Nmur1","GSM2545341",23
"Dis3l2","GSM2545341",853
"Gm6136","GSM2545341",25
"Ecel1","GSM2545341",31
"Prss56","GSM2545341",3
"Kcnj13","GSM2545341",363
"Inpp5d","GSM2545341",166
"Scarna6","GSM2545341",3
"Sag","GSM2545341",10
"Dgkd","GSM2545341",11184
"Gm19582","GSM2545341",63
"Usp40","GSM2545341",1543
"Ugt1a7c","GSM2545341",2
"Dnajb3","GSM2545341",25
"Mroh2a","GSM2545341",12
"Spp2","GSM2545341",4
"Gm29538","GSM2545341",2
"Glrp1","GSM2545341",0
"Sh3bp4","GSM2545341",395
"Gbx2","GSM2545341",5
"Iqca","GSM2545341",20
"Ackr3","GSM2545341",214
"Col6a3","GSM2545341",102
"Rab17","GSM2545341",2
"Ube2f","GSM2545341",1282
"Klhl30","GSM2545341",14
"Twist2","GSM2545341",4
"Hdac4","GSM2545341",1800
"Ndufa10","GSM2545341",3631
"Mir149","GSM2545341",0
"Ankmy1","GSM2545341",23
"Rnpepl1","GSM2545341",1303
"Capn10","GSM2545341",1011
"Gpr35","GSM2545341",35
"Pask","GSM2545341",218
"Hdlbp","GSM2545341",7896
"Farp2","GSM2545341",308
"Stk25","GSM2545341",5495
"Thap4","GSM2545341",427
"D2hgdh","GSM2545341",325
"Pdcd1","GSM2545341",0
"Gm7895","GSM2545341",20
"Fam174a","GSM2545341",1302
"Slco4c1","GSM2545341",8
"Panct2","GSM2545341",10
"Gm6430","GSM2545341",5
"Gin1","GSM2545341",374
"Pam","GSM2545341",1597
"Cntnap5b","GSM2545341",1076
"Cdh20","GSM2545341",651
"Pign","GSM2545341",833
"Gm10193","GSM2545341",1
"Tnfrsf11a","GSM2545341",49
"Gm7160","GSM2545341",17
"Gm20753","GSM2545341",3
"Bcl2","GSM2545341",597
"Vps4b","GSM2545341",2245
"Serpinb5","GSM2545341",4
"Serpinb10","GSM2545341",1
"Gm8141","GSM2545341",2
"Cdh7","GSM2545341",1903
"Cdh19","GSM2545341",599
"Gm8173","GSM2545341",3
"Dsel","GSM2545341",300
"Gm6028","GSM2545341",2
"Nifk","GSM2545341",843
"Clasp1","GSM2545341",3036
"Inhbb","GSM2545341",240
"Gm3551","GSM2545341",0
"Gm28209","GSM2545341",3
"Cfap221","GSM2545341",8
"Sctr","GSM2545341",12
"Tmem37","GSM2545341",30
"En1","GSM2545341",154
"Insig2","GSM2545341",2227
"Ccdc93","GSM2545341",1426
"Htr5b","GSM2545341",10
"Ddx18","GSM2545341",786
"Actr3","GSM2545341",4797
"Slc35f5","GSM2545341",659
"Gpr39","GSM2545341",1
"Mgat5","GSM2545341",3081
"Gm8451","GSM2545341",48
"Tmem163","GSM2545341",1816
"Acmsd","GSM2545341",3
"Zranb3","GSM2545341",156
"Gm28800","GSM2545341",3
"Rpl28-ps1","GSM2545341",16
"Mir128-1","GSM2545341",6
"Lct","GSM2545341",6
"Gm6170","GSM2545341",24
"Thsd7b","GSM2545341",36
"Gm29428","GSM2545341",0
"Cd55","GSM2545341",196
"Gm16083","GSM2545341",14
"C4bp-ps1","GSM2545341",12
"Yod1","GSM2545341",557
"Fcamr","GSM2545341",2
"Dyrk3","GSM2545341",118
"Ikbke","GSM2545341",99
"Srgap2","GSM2545341",9409
"Slc26a9","GSM2545341",2
"Pm20d1","GSM2545341",165
"Rab29","GSM2545341",168
"Cdk18","GSM2545341",518
"Gm29695","GSM2545341",164
"Lemd1","GSM2545341",16
"Gm7241","GSM2545341",0
"Klhdc8a","GSM2545341",570
"Lrrn2","GSM2545341",2648
"Gm29257","GSM2545341",2
"Gm28609","GSM2545341",4
"Plekha6","GSM2545341",4921
"Ren1","GSM2545341",3
"Sox13","GSM2545341",287
"Zbed6","GSM2545341",2896
"Lax1","GSM2545341",2
"Optc","GSM2545341",27
"Prelp","GSM2545341",867
"Gm8618","GSM2545341",0
"Mybph","GSM2545341",8
"Myog","GSM2545341",1
"Ppfia4","GSM2545341",10996
"Tmem183a","GSM2545341",2877
"Kdm5b","GSM2545341",2193
"Ppp1r12b","GSM2545341",3187
"Ube2t","GSM2545341",56
"Ptprv","GSM2545341",2
"Timm17a","GSM2545341",1316
"Csrp1","GSM2545341",5734
"Tnni1","GSM2545341",73
"Lad1","GSM2545341",24
"Pkp1","GSM2545341",1
"Ascl5","GSM2545341",2
"Cacna1s","GSM2545341",26
"Gm15850","GSM2545341",0
"Kif21b","GSM2545341",1639
"Camsap2","GSM2545341",8496
"Kif14","GSM2545341",9
"Gm29485","GSM2545341",0
"Gm19705","GSM2545341",35
"Mif-ps1","GSM2545341",1
"Nr5a2","GSM2545341",0
"Ptprc","GSM2545341",72
"Lhx9","GSM2545341",47
"Dennd1b","GSM2545341",1161
"Crb1","GSM2545341",8
"Zbtb41","GSM2545341",1665
"Cfhr2","GSM2545341",2
"Gm5837","GSM2545341",7
"Kcnt2","GSM2545341",54
"Gm5835","GSM2545341",46
"Cdc73","GSM2545341",935
"B3galt2","GSM2545341",1009
"Glrx2","GSM2545341",1561
"Rgs1","GSM2545341",4
"Gm7266","GSM2545341",4
"Rgs18","GSM2545341",4
"Brinp3","GSM2545341",702
"Ptgs2os","GSM2545341",2
"Ptgs2","GSM2545341",69
"Tpr","GSM2545341",7560
"Swt1","GSM2545341",804
"Mir7682","GSM2545341",8
"Rnf2","GSM2545341",1648
"Gm36527","GSM2545341",4
"Edem3","GSM2545341",3892
"Tsen15","GSM2545341",484
"Colgalt2","GSM2545341",88
"Rgl1","GSM2545341",896
"Arpc5","GSM2545341",2017
"Ncf2","GSM2545341",61
"Nmnat2","GSM2545341",7282
"Lamc2","GSM2545341",66
"Dhx9","GSM2545341",5461
"Rgs16","GSM2545341",457
"Rgsl1","GSM2545341",21
"Zfp648","GSM2545341",8
"Gm9530","GSM2545341",15
"Stx6","GSM2545341",1746
"Xpr1","GSM2545341",3279
"Gm5532","GSM2545341",2
"Acbd6","GSM2545341",702
"Lhx4","GSM2545341",2
"Cep350","GSM2545341",3962
"Fam163a","GSM2545341",46
"Tdrd5","GSM2545341",58
"Nphs2","GSM2545341",8
"Gm2000","GSM2545341",11
"Soat1","GSM2545341",684
"Abl2","GSM2545341",1987
"Fam20b","GSM2545341",2764
"Ralgps2","GSM2545341",2205
"Angptl1","GSM2545341",10
"Rasal2","GSM2545341",2633
"Brinp2","GSM2545341",929
"Gm4953","GSM2545341",3
"Gm31256","GSM2545341",2
"Rabgap1l","GSM2545341",6144
"Gm6177","GSM2545341",1
"Rc3h1","GSM2545341",3825
"Serpinc1","GSM2545341",2
"Snord47","GSM2545341",31
"Dars2","GSM2545341",569
"Cenpl","GSM2545341",80
"Fasl","GSM2545341",14
"Dnm3","GSM2545341",9764
"Dnm3os","GSM2545341",7
"Prrc2c","GSM2545341",10170
"Fmo2","GSM2545341",409
"Mettl11b","GSM2545341",6
"BC055324","GSM2545341",107
"Sele","GSM2545341",3
"Selp","GSM2545341",1
"F5","GSM2545341",1113
"Nme7","GSM2545341",352
"Atp1b1","GSM2545341",47142
"Gm26685","GSM2545341",1
"Dpt","GSM2545341",4
"Gm20743","GSM2545341",123
"Sft2d2","GSM2545341",1171
"Tiprl","GSM2545341",1679
"Rcsd1","GSM2545341",152
"Gm32999","GSM2545341",2
"Dusp27","GSM2545341",9
"Mael","GSM2545341",3
"Gm16418","GSM2545341",5
"Gm16701","GSM2545341",132
"Aldh9a1","GSM2545341",1456
"Mgst3","GSM2545341",1416
"Lrrc52","GSM2545341",4
"Rxrg","GSM2545341",12
"Lmx1a","GSM2545341",86
"Pbx1","GSM2545341",3390
"Asl","GSM2545342",836
"Apod","GSM2545342",24959
"Cyp2d22","GSM2545342",3122
"Klk6","GSM2545342",186
"Fcrls","GSM2545342",68
"Slc2a4","GSM2545342",528
"Exd2","GSM2545342",1474
"Gjc2","GSM2545342",186
"Plp1","GSM2545342",28728
"Gnb4","GSM2545342",806
"Tnc","GSM2545342",218
"Trf","GSM2545342",8090
"Tubb2b","GSM2545342",1775
"Fads1","GSM2545342",4990
"Lxn","GSM2545342",1130
"Prr18","GSM2545342",810
"Cmtm5","GSM2545342",943
"Enpp1","GSM2545342",367
"Clic4","GSM2545342",4262
"Tm6sf2","GSM2545342",35
"Slc20a2","GSM2545342",6079
"Itih3","GSM2545342",4518
"Ptn","GSM2545342",3692
"Prodh","GSM2545342",1955
"Msantd1","GSM2545342",94
"Ugt8a","GSM2545342",890
"Fbln5","GSM2545342",1271
"Trp53inp2","GSM2545342",6366
"Slc7a3","GSM2545342",166
"Dnase1l2","GSM2545342",134
"Icosl","GSM2545342",811
"Rmnd1","GSM2545342",632
"Tssk5","GSM2545342",273
"Pycr1","GSM2545342",17
"Pla2g3","GSM2545342",322
"Vmn2r1","GSM2545342",93
"Gm29797","GSM2545342",23
"Phyhd1","GSM2545342",1780
"Gpr146","GSM2545342",1263
"Mag","GSM2545342",3434
"Tufm","GSM2545342",1177
"Igdcc4","GSM2545342",1847
"Gm10654","GSM2545342",326
"Ncmap","GSM2545342",98
"Etv4","GSM2545342",204
"Fabp7","GSM2545342",137
"Cpsf4l","GSM2545342",19
"Hexa","GSM2545342",915
"Mfge8","GSM2545342",841
"Ccdc136","GSM2545342",4439
"Glul","GSM2545342",60132
"Hopx","GSM2545342",2805
"Pigq","GSM2545342",2675
"Vps11","GSM2545342",3130
"Proca1","GSM2545342",143
"Fbxl22","GSM2545342",36
"Sfxn5","GSM2545342",6875
"Hexim2","GSM2545342",574
"Agt","GSM2545342",4665
"Rlbp1","GSM2545342",183
"Jam2","GSM2545342",2355
"Lcat","GSM2545342",1166
"Oxct1","GSM2545342",9108
"Cacna1e","GSM2545342",5232
"Fa2h","GSM2545342",909
"Plxnb3","GSM2545342",648
"Lman2l","GSM2545342",739
"Dpy19l1","GSM2545342",1445
"Kctd21","GSM2545342",467
"Thra","GSM2545342",11677
"Dok3","GSM2545342",66
"Sult1a1","GSM2545342",1146
"Rpe","GSM2545342",710
"Acrbp","GSM2545342",195
"Slc2a9","GSM2545342",175
"Emp2","GSM2545342",695
"Aipl1","GSM2545342",117
"Uri1","GSM2545342",2107
"Bcs1l","GSM2545342",299
"Rbm3","GSM2545342",7331
"Tra2a","GSM2545342",2946
"Prex1","GSM2545342",3344
"Josd2","GSM2545342",931
"Tmco3","GSM2545342",1077
"Srebf1","GSM2545342",3081
"Acer2","GSM2545342",629
"Tsga10","GSM2545342",177
"Cyp3a13","GSM2545342",152
"Relt","GSM2545342",776
"Nrep","GSM2545342",18150
"Slc14a1","GSM2545342",1029
"Pnpla2","GSM2545342",1567
"Map6d1","GSM2545342",1436
"Ier5","GSM2545342",850
"Bfsp2","GSM2545342",49
"Idi1","GSM2545342",297
"Kat2b","GSM2545342",6283
"Rmdn3","GSM2545342",3264
"Eif4b","GSM2545342",8772
"Grm4","GSM2545342",7969
"Pink1","GSM2545342",18412
"Mettl16","GSM2545342",683
"Fam193b","GSM2545342",1946
"Rtca","GSM2545342",1433
"Fgfbp1","GSM2545342",133
"Pigs","GSM2545342",1724
"Cfp","GSM2545342",513
"Desi1","GSM2545342",4082
"Gbp4","GSM2545342",346
"Nid1","GSM2545342",554
"Armcx5","GSM2545342",857
"Cryab","GSM2545342",1548
"Prss53","GSM2545342",85
"Car4","GSM2545342",3056
"Gm6277","GSM2545342",83
"Amt","GSM2545342",749
"Zc3h6","GSM2545342",1796
"Aqp4","GSM2545342",12374
"Tmem198b","GSM2545342",515
"Abi3bp","GSM2545342",779
"Xpa","GSM2545342",522
"Aldh6a1","GSM2545342",4404
"Adam1a","GSM2545342",363
"Dynlt1a","GSM2545342",292
"Gatm","GSM2545342",2951
"H2-Q4","GSM2545342",376
"Nras","GSM2545342",1247
"Pla2g4e","GSM2545342",878
"Lpar1","GSM2545342",1086
"Il12rb1","GSM2545342",105
"Enpp6","GSM2545342",255
"Ermn","GSM2545342",2061
"Marcksl1","GSM2545342",447
"Ubqln4","GSM2545342",2347
"Glt8d1","GSM2545342",916
"Ddx25","GSM2545342",1399
"Gpr17","GSM2545342",377
"Cat","GSM2545342",1554
"Wwox","GSM2545342",977
"Phkg1","GSM2545342",465
"Ppp1r3f","GSM2545342",1101
"Mrpl35","GSM2545342",836
"Nudt9","GSM2545342",1447
"Lypd6","GSM2545342",1616
"Spice1","GSM2545342",445
"Tuba8","GSM2545342",740
"Spon1","GSM2545342",4744
"Nfya","GSM2545342",741
"Sc5d","GSM2545342",2513
"Aldh18a1","GSM2545342",682
"Ebp","GSM2545342",567
"Srr","GSM2545342",1887
"Gm14827","GSM2545342",225
"Gm31135","GSM2545342",31
"Adam17","GSM2545342",721
"Slc39a2","GSM2545342",493
"Snn","GSM2545342",5137
"Hnrnpc","GSM2545342",5998
"Srbd1","GSM2545342",324
"Ptp4a1","GSM2545342",980
"Tppp","GSM2545342",6841
"Stac3","GSM2545342",84
"Emid1","GSM2545342",202
"Cotl1","GSM2545342",3616
"Ovgp1","GSM2545342",1210
"Ssx2ip","GSM2545342",3317
"Hsd3b7","GSM2545342",485
"Kazald1","GSM2545342",270
"Omd","GSM2545342",304
"Bcas1","GSM2545342",3299
"Gm9925","GSM2545342",506
"Dleu2","GSM2545342",208
"Chil3","GSM2545342",50
"Deaf1","GSM2545342",2459
"Dusp19","GSM2545342",151
"Gkn3","GSM2545342",20
"Pllp","GSM2545342",705
"Sox2ot","GSM2545342",486
"Ntf3","GSM2545342",53
"Lum","GSM2545342",113
"Gm20751","GSM2545342",184
"Thnsl2","GSM2545342",168
"Slc2a4rg-ps","GSM2545342",308
"Agpat5","GSM2545342",2526
"Mdk","GSM2545342",513
"Penk","GSM2545342",3436
"Cirbp","GSM2545342",4795
"Aloxe3","GSM2545342",601
"Nudt5","GSM2545342",308
"Serpinb1a","GSM2545342",204
"Mt1","GSM2545342",9993
"Fgfr3","GSM2545342",4488
"Myo1d","GSM2545342",488
"Cd99l2","GSM2545342",2247
"C2cd2","GSM2545342",654
"Brsk2","GSM2545342",7065
"Mrrf","GSM2545342",321
"Snhg4","GSM2545342",308
"Hmgcs1","GSM2545342",3529
"Stk17b","GSM2545342",2822
"Cyp51","GSM2545342",1172
"Gria4","GSM2545342",16997
"Ttyh1","GSM2545342",25734
"Slc13a1","GSM2545342",50
"Phf7","GSM2545342",255
"Get4","GSM2545342",1273
"Gstm1","GSM2545342",8612
"Fbxo31","GSM2545342",2861
"Padi2","GSM2545342",747
"Gnmt","GSM2545342",243
"Paip2b","GSM2545342",3785
"Slc17a9","GSM2545342",44
"Vopp1","GSM2545342",1278
"Ogdhl","GSM2545342",4224
"Dcaf12","GSM2545342",1859
"Rorc","GSM2545342",1530
"Cp","GSM2545342",1721
"Jade2","GSM2545342",2939
"Nbl1","GSM2545342",3697
"Hsph1","GSM2545342",2963
"Serf2","GSM2545342",2587
"Rasgef1a","GSM2545342",4270
"Prrg1","GSM2545342",323
"Etnppl","GSM2545342",8020
"Cyp4f15","GSM2545342",226
"Ankrd29","GSM2545342",903
"Gm27252","GSM2545342",132
"Kctd2","GSM2545342",3173
"Iigp1","GSM2545342",196
"Ak4","GSM2545342",3099
"Idh2","GSM2545342",1526
"Camkk1","GSM2545342",2829
"Rftn2","GSM2545342",924
"Igtp","GSM2545342",200
"Bche","GSM2545342",266
"Marcks","GSM2545342",3832
"Pabpc4","GSM2545342",579
"Pmp22","GSM2545342",984
"Car14","GSM2545342",943
"Serpinh1","GSM2545342",581
"Ppp1r13b","GSM2545342",2961
"Tfrc","GSM2545342",7360
"Smox","GSM2545342",2271
"Tjap1","GSM2545342",573
"Msmo1","GSM2545342",1090
"Slc26a8","GSM2545342",165
"Eml3","GSM2545342",1473
"Csf2ra","GSM2545342",321
"Rnf141","GSM2545342",2364
"Slc25a16","GSM2545342",1502
"Echdc1","GSM2545342",940
"Eid2b","GSM2545342",842
"Piga","GSM2545342",304
"Ccdc149","GSM2545342",1163
"Car15","GSM2545342",431
"Eny2","GSM2545342",3046
"Mroh1","GSM2545342",4639
"Pcyox1l","GSM2545342",456
"Ankrd39","GSM2545342",466
"Timeless","GSM2545342",481
"Sparc","GSM2545342",44356
"Slc7a10","GSM2545342",975
"Ppp1r2","GSM2545342",4459
"Psmf1","GSM2545342",1241
"Adat1","GSM2545342",162
"Slc6a12","GSM2545342",280
"Snhg3","GSM2545342",315
"Prg4","GSM2545342",949
"Plod1","GSM2545342",552
"Whamm","GSM2545342",1220
"Ttpa","GSM2545342",342
"Thbs3","GSM2545342",227
"Gltp","GSM2545342",1037
"Pex6","GSM2545342",1176
"Aim2","GSM2545342",209
"Ednrb","GSM2545342",3874
"Nuf2","GSM2545342",74
"Mog","GSM2545342",1311
"Ccl27a","GSM2545342",1209
"Tac4","GSM2545342",26
"Snhg8","GSM2545342",408
"Ak6","GSM2545342",204
"Kctd20","GSM2545342",2006
"Itgb4","GSM2545342",434
"Zfp810","GSM2545342",764
"Gm33489","GSM2545342",74
"Gna12","GSM2545342",1194
"Cyp4v3","GSM2545342",660
"Pkp4","GSM2545342",8810
"Agpat1","GSM2545342",1768
"Gipr","GSM2545342",82
"Edn3","GSM2545342",127
"Prr15","GSM2545342",63
"Traf1","GSM2545342",104
"Pim2","GSM2545342",864
"Lrrc8a","GSM2545342",3725
"Erp44","GSM2545342",1282
"Tmem33","GSM2545342",4096
"Fen1","GSM2545342",632
"Tfap4","GSM2545342",441
"Lman2","GSM2545342",2385
"Senp8","GSM2545342",178
"Alg14","GSM2545342",523
"Ddah1","GSM2545342",3042
"Pomt1","GSM2545342",490
"Rab3b","GSM2545342",533
"Lrrc29","GSM2545342",131
"Nqo1","GSM2545342",429
"Gpr137b","GSM2545342",359
"Pcif1","GSM2545342",2459
"Qdpr","GSM2545342",2723
"Dcdc2b","GSM2545342",197
"Rap2a","GSM2545342",1691
"Cnpy4","GSM2545342",363
"Wdr41","GSM2545342",1209
"Gm20627","GSM2545342",9
"Mmaa","GSM2545342",1070
"Gm13562","GSM2545342",13
"Cd70","GSM2545342",27
"Itm2a","GSM2545342",1168
"Avil","GSM2545342",35
"Zscan22","GSM2545342",370
"Itgb3","GSM2545342",56
"Col11a2","GSM2545342",408
"Apoc1","GSM2545342",168
"Tmeff2","GSM2545342",1559
"Tyro3","GSM2545342",4497
"Ift22","GSM2545342",652
"Mtmr7","GSM2545342",2612
"Gabrr2","GSM2545342",108
"Ube2v2","GSM2545342",1480
"C77080","GSM2545342",1819
"Elovl5","GSM2545342",3044
"Serinc5","GSM2545342",1936
"Pyroxd2","GSM2545342",113
"Ypel2","GSM2545342",1522
"Parp3","GSM2545342",458
"Xpo1","GSM2545342",3923
"Polr2a","GSM2545342",6942
"Tspyl4","GSM2545342",18701
"Irgm1","GSM2545342",361
"Cep131","GSM2545342",1104
"Sema4d","GSM2545342",2836
"Gbp6","GSM2545342",323
"Zfp119b","GSM2545342",295
"Eps15","GSM2545342",9706
"Pxmp2","GSM2545342",245
"Tomm40l","GSM2545342",1193
"Atat1","GSM2545342",779
"Chrac1","GSM2545342",381
"Mrpl24","GSM2545342",1035
"Ipo9","GSM2545342",8922
"Actg1","GSM2545342",5494
"Noxred1","GSM2545342",38
"Gm20501","GSM2545342",182
"H2-K1","GSM2545342",1521
"Lig1","GSM2545342",580
"Morn2","GSM2545342",170
"Dcakd","GSM2545342",664
"Nop14","GSM2545342",1041
"Bbs1","GSM2545342",1126
"Tada2b","GSM2545342",1430
"Gal3st1","GSM2545342",137
"Xpc","GSM2545342",1007
"Irf2bp2","GSM2545342",2069
"Spns2","GSM2545342",2126
"Pole","GSM2545342",174
"Fam78b","GSM2545342",1311
"Ggcx","GSM2545342",634
"Anks1","GSM2545342",1838
"Pgm2","GSM2545342",3278
"Zgrf1","GSM2545342",575
"Alkbh3","GSM2545342",531
"Dnd1","GSM2545342",38
"Lime1","GSM2545342",1513
"Trim23","GSM2545342",4177
"Abhd14a","GSM2545342",378
"Zkscan3","GSM2545342",1462
"Fam131b","GSM2545342",8769
"Elovl1","GSM2545342",471
"Trim72","GSM2545342",68
"Klhdc9","GSM2545342",164
"Iqck","GSM2545342",114
"Smim14","GSM2545342",5521
"Kcnab3","GSM2545342",1844
"Ing5","GSM2545342",654
"Cnnm3","GSM2545342",2714
"Fn3k","GSM2545342",705
"Cnp","GSM2545342",9194
"Uros","GSM2545342",427
"Eml1","GSM2545342",1930
"Lgals3","GSM2545342",91
"Gjb1","GSM2545342",337
"Dynll1","GSM2545342",1299
"Cyp2j12","GSM2545342",73
"Crip3","GSM2545342",10
"Sbk1","GSM2545342",16507
"Camkk2","GSM2545342",8050
"Setd7","GSM2545342",12366
"Btf3l4","GSM2545342",2038
"Acbd4","GSM2545342",1371
"Gm16835","GSM2545342",248
"Gpr37","GSM2545342",1333
"Prr5l","GSM2545342",375
"Slain1","GSM2545342",1478
"Calr","GSM2545342",6540
"Bst1","GSM2545342",26
"Fmnl3","GSM2545342",407
"Gpr89","GSM2545342",386
"Zranb1","GSM2545342",5947
"Col27a1","GSM2545342",713
"Emc8","GSM2545342",3350
"Ormdl3","GSM2545342",2633
"Capg","GSM2545342",108
"Zbtb21","GSM2545342",772
"Sord","GSM2545342",780
"Tsc22d1","GSM2545342",7105
"Gpld1","GSM2545342",2989
"Cdh4","GSM2545342",566
"Hkdc1","GSM2545342",117
"Ggact","GSM2545342",1421
"Zfp493","GSM2545342",102
"Mkks","GSM2545342",957
"Gm15423","GSM2545342",122
"Npas2","GSM2545342",240
"Plin4","GSM2545342",1767
"Rragc","GSM2545342",2745
"Nsun3","GSM2545342",673
"Hgsnat","GSM2545342",2715
"Acr","GSM2545342",140
"Ccdc167","GSM2545342",982
"Thap1","GSM2545342",292
"Egfl8","GSM2545342",64
"Vps33a","GSM2545342",4389
"Igbp1","GSM2545342",1123
"Tbx6","GSM2545342",29
"Dcst2","GSM2545342",39
"Rbm28","GSM2545342",1473
"Pms1","GSM2545342",469
"Rtcb","GSM2545342",3556
"Smad9","GSM2545342",2173
"Ubxn2b","GSM2545342",627
"Rnf170","GSM2545342",1772
"Pithd1","GSM2545342",2066
"Steap3","GSM2545342",56
"Tomm20","GSM2545342",8429
"Klf15","GSM2545342",1985
"Amz2","GSM2545342",1291
"Folh1","GSM2545342",874
"Ubfd1","GSM2545342",2005
"Gpx3","GSM2545342",780
"C4b","GSM2545342",1082
"Mdfi","GSM2545342",252
"Nucb2","GSM2545342",327
"Clip4","GSM2545342",1543
"Tipin","GSM2545342",735
"Amy1","GSM2545342",1010
"Efhd1","GSM2545342",1073
"Smim15","GSM2545342",1420
"Zfp658","GSM2545342",601
"E2f6","GSM2545342",1335
"Lix1","GSM2545342",257
"Coq4","GSM2545342",219
"Otoa","GSM2545342",61
"Mex3a","GSM2545342",129
"Tmem132c","GSM2545342",1254
"Dclk1","GSM2545342",11871
"Eml2","GSM2545342",3625
"Glyr1","GSM2545342",7582
"Gm1976","GSM2545342",472
"Smyd3","GSM2545342",1385
"Dcaf8","GSM2545342",6978
"Lias","GSM2545342",943
"Msn","GSM2545342",2093
"Timmdc1","GSM2545342",362
"H2-Q6","GSM2545342",132
"Asic3","GSM2545342",64
"Col5a3","GSM2545342",548
"Stx3","GSM2545342",3063
"AW046200","GSM2545342",82
"Hsf1","GSM2545342",995
"Colq","GSM2545342",95
"Rcor3","GSM2545342",1422
"Slc6a20a","GSM2545342",1198
"Prps1","GSM2545342",2170
"Keap1","GSM2545342",1881
"Tap2","GSM2545342",453
"Slc16a7","GSM2545342",1167
"Eif2b3","GSM2545342",574
"Flywch1","GSM2545342",11509
"Amigo2","GSM2545342",987
"Hspd1","GSM2545342",5526
"Sost","GSM2545342",13
"Gm8615","GSM2545342",10
"Kcnk13","GSM2545342",103
"Tspyl2","GSM2545342",5152
"Spsb3","GSM2545342",2315
"Gm8493","GSM2545342",11
"Fgf22","GSM2545342",131
"Slc6a6","GSM2545342",6115
"Xist","GSM2545342",46877
"Ddx3y","GSM2545342",1
"Eif2s3y","GSM2545342",2
"Kdm5d","GSM2545342",0
"Uty","GSM2545342",0
"Eif2s3x","GSM2545342",2098
"Kdm6a","GSM2545342",3217
"Casp12","GSM2545342",328
"Ddx3x","GSM2545342",23258
"Prl2c3","GSM2545342",143
"Casp1","GSM2545342",79
"Pbdc1","GSM2545342",379
"Kdm5c","GSM2545342",4283
"Ctxn2","GSM2545342",120
"Ldoc1","GSM2545342",357
"Gpr179","GSM2545342",60
"Pou4f1","GSM2545342",23
"Tmprss3","GSM2545342",84
"Prl2c2","GSM2545342",24
"Slc35b1","GSM2545342",1248
"Myoc","GSM2545342",339
"Cartpt","GSM2545342",9
"Tchh","GSM2545342",79
"H2-Q2","GSM2545342",20
"Ascl1","GSM2545342",120
"Crhr1","GSM2545342",1971
"Gm4017","GSM2545342",18
"Impg1","GSM2545342",55
"Rxfp3","GSM2545342",20
"AI504432","GSM2545342",985
"Mpo","GSM2545342",8
"Oxtr","GSM2545342",22
"Usp2","GSM2545342",3829
"Lor","GSM2545342",16
"Srrm4","GSM2545342",3282
"Slc35g1","GSM2545342",184
"Tceal6","GSM2545342",1000
"Dach2","GSM2545342",72
"Lgr6","GSM2545342",301
"Kcna4","GSM2545342",177
"Zfyve28","GSM2545342",3244
"Hps4","GSM2545342",521
"Ucp3","GSM2545342",119
"Mettl17","GSM2545342",753
"Atg9b","GSM2545342",60
"Usp3","GSM2545342",3845
"Acta2","GSM2545342",196
"Wdr24","GSM2545342",484
"Zw10","GSM2545342",1271
"Ubtd2","GSM2545342",2086
"Slc6a4","GSM2545342",7
"Cog1","GSM2545342",1668
"S100a9","GSM2545342",68
"Nadk","GSM2545342",1942
"Col6a1","GSM2545342",535
"Susd2","GSM2545342",163
"Fam53b","GSM2545342",2139
"Npas1","GSM2545342",5
"Rhbdf1","GSM2545342",439
"Cacnb1","GSM2545342",767
"Zfp579","GSM2545342",670
"Dtx4","GSM2545342",907
"Chrm3","GSM2545342",124
"Plcl2","GSM2545342",1410
"Ptprj","GSM2545342",3542
"Cyhr1","GSM2545342",4490
"Stx5a","GSM2545342",1924
"Smim8","GSM2545342",353
"Pappa2","GSM2545342",5
"Stbd1","GSM2545342",26
"Rln3","GSM2545342",1
"Ldlr","GSM2545342",870
"Bmp2","GSM2545342",39
"Itga10","GSM2545342",249
"Unc45a","GSM2545342",1203
"Hap1","GSM2545342",2909
"Gm35339","GSM2545342",266
"Serpinb8","GSM2545342",77
"Tmem200c","GSM2545342",212
"Ngb","GSM2545342",53
"Myh11","GSM2545342",203
"Ass1","GSM2545342",570
"Ccdc28b","GSM2545342",1558
"Vsx2","GSM2545342",8
"Klhl1","GSM2545342",179
"Slit1","GSM2545342",209
"Rbm10","GSM2545342",2287
"Sgk1","GSM2545342",6245
"Zbtb24","GSM2545342",596
"Kif5a","GSM2545342",32354
"Alox8","GSM2545342",133
"Rgcc","GSM2545342",199
"Olfr1033","GSM2545342",57
"Lrrn4","GSM2545342",6
"Trim59","GSM2545342",697
"Pnma2","GSM2545342",248
"Arc","GSM2545342",563
"Lypd6b","GSM2545342",128
"Prkar2b","GSM2545342",580
"Gabrd","GSM2545342",4558
"Sh3gl1","GSM2545342",1262
"Rab9b","GSM2545342",878
"Slc9a2","GSM2545342",191
"Gata3","GSM2545342",39
"Rnd3","GSM2545342",410
"Tdgf1","GSM2545342",292
"Tph2","GSM2545342",40
"Gprc5c","GSM2545342",1928
"Syt16","GSM2545342",167
"Cdyl","GSM2545342",483
"St8sia2","GSM2545342",84
"Usp19","GSM2545342",5198
"Foxj2","GSM2545342",2183
"Wdfy2","GSM2545342",1633
"Fibcd1","GSM2545342",64
"Hs3st4","GSM2545342",127
"Rab27b","GSM2545342",392
"Gm4988","GSM2545342",125
"Hebp1","GSM2545342",140
"Mrgpre","GSM2545342",105
"Slc22a4","GSM2545342",2031
"Txndc11","GSM2545342",1198
"Pgr15l","GSM2545342",6
"Evpl","GSM2545342",52
"Pax7","GSM2545342",13
"Trim65","GSM2545342",178
"Gm33533","GSM2545342",21
"Otof","GSM2545342",80
"Alk","GSM2545342",63
"Acap3","GSM2545342",2735
"Erdr1","GSM2545342",395
"Kcnq5","GSM2545342",134
"Msln","GSM2545342",56
"Tbc1d20","GSM2545342",1159
"Slc16a10","GSM2545342",305
"Errfi1","GSM2545342",1970
"Nr2e1","GSM2545342",14
"Gpr149","GSM2545342",13
"Plcxd1","GSM2545342",153
"Lrch3","GSM2545342",4184
"Morc2b","GSM2545342",105
"Elfn1","GSM2545342",80
"Rnf180","GSM2545342",265
"Pcdhb8","GSM2545342",136
"Creg2","GSM2545342",475
"Erich3","GSM2545342",843
"Rpp25","GSM2545342",163
"Fgfr1","GSM2545342",6189
"Sfrp2","GSM2545342",24
"Rprm","GSM2545342",54
"Tmem120b","GSM2545342",483
"Tpra1","GSM2545342",1406
"Igsf9","GSM2545342",21
"Jakmip1","GSM2545342",775
"Hsf4","GSM2545342",170
"Pcbd1","GSM2545342",106
"Rasgrf2","GSM2545342",716
"Dgkk","GSM2545342",74
"Paxip1","GSM2545342",1642
"Smtn","GSM2545342",210
"Cmpk2","GSM2545342",690
"Drd4","GSM2545342",28
"Samd11","GSM2545342",29
"Magel2","GSM2545342",57
"Csrnp3","GSM2545342",1818
"Zfp941","GSM2545342",710
"Lrrc1","GSM2545342",628
"Tmie","GSM2545342",215
"Pcdh8","GSM2545342",107
"Glra2","GSM2545342",183
"Gpatch8","GSM2545342",5382
"Slc6a16","GSM2545342",15
"Grm7","GSM2545342",723
"Ybx3","GSM2545342",1260
"Tenm3","GSM2545342",745
"Npffr1","GSM2545342",12
"Slc39a11","GSM2545342",332
"Otp","GSM2545342",3
"Hoga1","GSM2545342",81
"Egfl6","GSM2545342",7
"Plch2","GSM2545342",6290
"Pde11a","GSM2545342",73
"Zfp335","GSM2545342",1329
"Gpr61","GSM2545342",160
"Tox","GSM2545342",106
"Gabrr1","GSM2545342",13
"Jun","GSM2545342",2332
"Cox7b2","GSM2545342",19
"Mn1","GSM2545342",232
"Tmem130","GSM2545342",3020
"Dusp11","GSM2545342",6458
"Tmem91","GSM2545342",96
"Rbms2","GSM2545342",857
"Inpp5j","GSM2545342",5518
"Vstm2a","GSM2545342",781
"C1qtnf2","GSM2545342",41
"Ctns","GSM2545342",854
"Smarcd2","GSM2545342",3053
"Dbpht2","GSM2545342",57
"Ltbp2","GSM2545342",2080
"Drd1","GSM2545342",25
"Dact2","GSM2545342",172
"E4f1","GSM2545342",1045
"Zfp598","GSM2545342",2386
"Zcchc12","GSM2545342",719
"Zfp263","GSM2545342",1273
"Tspyl3","GSM2545342",478
"Arhgap10","GSM2545342",543
"Plxnb2","GSM2545342",5042
"Doc2a","GSM2545342",106
"Tmem29","GSM2545342",422
"Dpf2","GSM2545342",2352
"Foxl2os","GSM2545342",38
"Slc47a1","GSM2545342",247
"Nap1l5","GSM2545342",18309
"Mapk7","GSM2545342",1059
"Grem2","GSM2545342",183
"Pcdh10","GSM2545342",1642
"Nol3","GSM2545342",201
"Gpr83","GSM2545342",65
"Nrsn2","GSM2545342",2031
"Prss16","GSM2545342",13
"Pcdh18","GSM2545342",98
"Emx2","GSM2545342",15
"Ccdc81","GSM2545342",51
"Rwdd2a","GSM2545342",297
"Mpped1","GSM2545342",214
"Galnt7","GSM2545342",1996
"S100a8","GSM2545342",37
"Mau2","GSM2545342",4779
"Ptpn23","GSM2545342",2271
"Sstr1","GSM2545342",136
"Wdfy4","GSM2545342",32
"Anxa3","GSM2545342",465
"C3","GSM2545342",108
"Tead4","GSM2545342",256
"Clvs2","GSM2545342",293
"Gaa","GSM2545342",6167
"Zfp219","GSM2545342",4601
"Bves","GSM2545342",6
"Tmem161a","GSM2545342",678
"Unc5d","GSM2545342",781
"Cd180","GSM2545342",33
"Scml4","GSM2545342",26
"Stk38","GSM2545342",2079
"Sox17","GSM2545342",179
"Srsf9","GSM2545342",1153
"Herpud1","GSM2545342",2618
"Hmbs","GSM2545342",360
"Gm2824","GSM2545342",57
"Mir1901","GSM2545342",13
"Adamts19","GSM2545342",15
"Zfp36l1","GSM2545342",1110
"Impact","GSM2545342",11020
"Trmt6","GSM2545342",1424
"Plekhm1","GSM2545342",1389
"Basp1","GSM2545342",959
"Grid1","GSM2545342",953
"Zdbf2","GSM2545342",470
"Tal1","GSM2545342",80
"Raf1","GSM2545342",3649
"Pgpep1l","GSM2545342",11
"Fzd4","GSM2545342",923
"Tfdp1","GSM2545342",1635
"Pdzrn4","GSM2545342",63
"Ier3","GSM2545342",464
"Mir378a","GSM2545342",8
"Magee2","GSM2545342",52
"Plekhg2","GSM2545342",214
"Boc","GSM2545342",3433
"Ddx39b","GSM2545342",4837
"H2-T24","GSM2545342",66
"Insm1","GSM2545342",20
"Vstm5","GSM2545342",100
"Kctd4","GSM2545342",89
"Oprm1","GSM2545342",102
"Zfand6","GSM2545342",2061
"Cx3cl1","GSM2545342",2131
"Tacr3","GSM2545342",54
"Gpr4","GSM2545342",107
"Ptgis","GSM2545342",75
"Ccdc28a","GSM2545342",370
"Ido2","GSM2545342",7
"Elfn2","GSM2545342",990
"Ngp","GSM2545342",38
"Ptpro","GSM2545342",242
"Neto1","GSM2545342",202
"Col6a2","GSM2545342",392
"Fev","GSM2545342",6
"Mmab","GSM2545342",596
"Resp18","GSM2545342",665
"Amn","GSM2545342",10
"Tmem132b","GSM2545342",713
"St6gal2","GSM2545342",192
"Tbc1d25","GSM2545342",566
"Pdcd2l","GSM2545342",514
"Acot3","GSM2545342",19
"Gm5468","GSM2545342",6
"Atg16l1","GSM2545342",1798
"Rpl14-ps1","GSM2545342",23
"Glra3","GSM2545342",175
"Plekhh3","GSM2545342",1481
"Pcdhga1","GSM2545342",154
"Gm9899","GSM2545342",996
"Eps8l1","GSM2545342",367
"Serpina3g","GSM2545342",19
"Pcdh17","GSM2545342",1244
"Riok3","GSM2545342",3548
"Dcaf12l2","GSM2545342",17
"Ankrd6","GSM2545342",426
"Dhrs11","GSM2545342",342
"Zdhhc22","GSM2545342",201
"Hmgb3","GSM2545342",405
"Mid1","GSM2545342",147
"Celf3","GSM2545342",1479
"Akap5","GSM2545342",229
"Phlda3","GSM2545342",279
"Arfgap2","GSM2545342",3130
"Gabpb1","GSM2545342",1058
"Mybpc1","GSM2545342",1982
"Nfkbia","GSM2545342",1010
"Gabra3","GSM2545342",779
"Gtpbp2","GSM2545342",2036
"Ptgdr","GSM2545342",22
"Myh15","GSM2545342",19
"Ciz1","GSM2545342",1308
"Tmem62","GSM2545342",2300
"Pan3","GSM2545342",4356
"Pld3","GSM2545342",2303
"Trim3","GSM2545342",5913
"Spata2l","GSM2545342",412
"Gm2223","GSM2545342",22
"Dnah1","GSM2545342",92
"Pnoc","GSM2545342",71
"Dzank1","GSM2545342",8811
"Safb2","GSM2545342",2660
"Rnf128","GSM2545342",945
"Jpx","GSM2545342",336
"Il16","GSM2545342",5623
"Slc26a7","GSM2545342",291
"Rspo1","GSM2545342",28
"Hcfc2","GSM2545342",1544
"Gm35315","GSM2545342",85
"Tyrp1","GSM2545342",8
"Pank4","GSM2545342",1589
"Ngef","GSM2545342",477
"Llgl1","GSM2545342",2629
"Usp12","GSM2545342",2315
"Ppp2r2d","GSM2545342",1981
"Zfp677","GSM2545342",123
"Heyl","GSM2545342",63
"Sin3b","GSM2545342",1921
"Sidt1","GSM2545342",1816
"Spin2c","GSM2545342",92
"Wasf2","GSM2545342",1146
"Tmem14a","GSM2545342",532
"Cntnap5a","GSM2545342",550
"Ccm2l","GSM2545342",160
"Sema3e","GSM2545342",600
"Il18bp","GSM2545342",342
"Slc35f1","GSM2545342",1096
"Best1","GSM2545342",33
"Pde8b","GSM2545342",641
"Htr7","GSM2545342",67
"Cfap57","GSM2545342",25
"Sgsm1","GSM2545342",4189
"Scn3b","GSM2545342",256
"Mark3","GSM2545342",3014
"Acsl5","GSM2545342",527
"Qpct","GSM2545342",112
"Iqcc","GSM2545342",653
"Noc2l","GSM2545342",2060
"Slc25a27","GSM2545342",4698
"Kdm4b","GSM2545342",2794
"Pde1b","GSM2545342",1244
"Pcdha10","GSM2545342",57
"Gja5","GSM2545342",8
"Irs4","GSM2545342",25
"Mamdc4","GSM2545342",101
"Mthfd2l","GSM2545342",219
"Lrrtm1","GSM2545342",227
"Tacr1","GSM2545342",58
"Lmo3","GSM2545342",228
"Psg16","GSM2545342",962
"Abcc8","GSM2545342",2231
"Epc1","GSM2545342",2616
"Slc6a7","GSM2545342",522
"Col4a5","GSM2545342",318
"Gm8013","GSM2545342",8
"Clpx","GSM2545342",1802
"Dffb","GSM2545342",408
"Senp3","GSM2545342",1858
"Hhex","GSM2545342",37
"Per2","GSM2545342",1976
"Rnpep","GSM2545342",1037
"Ttll1","GSM2545342",578
"Ppp1r1c","GSM2545342",9
"Moxd1","GSM2545342",133
"Susd6","GSM2545342",4162
"Ighm","GSM2545342",238
"Fam131a","GSM2545342",2549
"Zfp92","GSM2545342",41
"Kirrel","GSM2545342",515
"Npsr1","GSM2545342",10
"Kcnj16","GSM2545342",1470
"Atg10","GSM2545342",251
"Vwc2l","GSM2545342",63
"Sox14","GSM2545342",32
"Zc3h3","GSM2545342",413
"Gak","GSM2545342",3952
"Tox2","GSM2545342",203
"Tenm2","GSM2545342",965
"Begain","GSM2545342",934
"Dsc3","GSM2545342",16
"Fbll1","GSM2545342",219
"Dnah7a","GSM2545342",19
"Gm3764","GSM2545342",4435
"Strip1","GSM2545342",2633
"Nmnat3","GSM2545342",55
"Lims2","GSM2545342",216
"Fam43b","GSM2545342",186
"Ccnl2","GSM2545342",6808
"Gm11627","GSM2545342",11
"Rabl2","GSM2545342",701
"Kcnj3","GSM2545342",4659
"Zfp36","GSM2545342",189
"Slc2a1","GSM2545342",4220
"Cnksr3","GSM2545342",2552
"AW551984","GSM2545342",282
"Hykk","GSM2545342",219
"Rnasel","GSM2545342",123
"Shc1","GSM2545342",419
"Ppp1r12c","GSM2545342",3070
"Syne4","GSM2545342",272
"Arrdc2","GSM2545342",994
"Usp28","GSM2545342",1873
"Slfn4","GSM2545342",2
"Pomt2","GSM2545342",1187
"Gm10432","GSM2545342",176
"Cngb1","GSM2545342",22
"Dot1l","GSM2545342",6448
"Gmnn","GSM2545342",113
"Ccdc160","GSM2545342",45
"Ptpn5","GSM2545342",635
"Mal2","GSM2545342",234
"Arap3","GSM2545342",214
"Mib2","GSM2545342",2053
"Itgb1bp2","GSM2545342",47
"Stk32b","GSM2545342",38
"Dgkb","GSM2545342",1094
"Pcgf6","GSM2545342",912
"Serinc2","GSM2545342",554
"Arhgef37","GSM2545342",734
"Ltf","GSM2545342",15
"Timp2","GSM2545342",3489
"Snora41","GSM2545342",18
"F3","GSM2545342",2614
"Tgfbi","GSM2545342",176
"Rab44","GSM2545342",3
"Lclat1","GSM2545342",772
"Arid5b","GSM2545342",1806
"Col25a1","GSM2545342",296
"Inpp5b","GSM2545342",2426
"Dhfr","GSM2545342",337
"Phkg2","GSM2545342",1521
"Bcl11a","GSM2545342",453
"Nr2f1","GSM2545342",1374
"Trhr","GSM2545342",38
"Msc","GSM2545342",7
"Mndal","GSM2545342",112
"Pou3f2","GSM2545342",667
"Gm9962","GSM2545342",13
"Atg16l2","GSM2545342",708
"Gm16425","GSM2545342",9
"Ap1m1","GSM2545342",1616
"Trpv3","GSM2545342",33
"Inpp5k","GSM2545342",2475
"D11Wsu47e","GSM2545342",173
"Fkbp1b","GSM2545342",218
"Syvn1","GSM2545342",1749
"Aldh3a2","GSM2545342",2457
"Dtd2","GSM2545342",278
"Pcdh19","GSM2545342",329
"Gm5526","GSM2545342",12
"Nsun5","GSM2545342",496
"Hrh2","GSM2545342",219
"Lmbr1l","GSM2545342",518
"Pkn1","GSM2545342",1051
"Nptx2","GSM2545342",83
"Ctxn1","GSM2545342",189
"Rp1","GSM2545342",3
"Gm7357","GSM2545342",3
"Mrpl15","GSM2545342",894
"Lypla1","GSM2545342",1699
"Tcea1","GSM2545342",2852
"Gm6104","GSM2545342",1
"Atp6v1h","GSM2545342",3720
"Oprk1","GSM2545342",57
"Npbwr1","GSM2545342",5
"Rb1cc1","GSM2545342",5662
"Gm2147","GSM2545342",0
"Gm26901","GSM2545342",2
"Sntg1","GSM2545342",427
"Gm6187","GSM2545342",2
"Rrs1","GSM2545342",603
"Mcmdc2","GSM2545342",39
"Snhg6","GSM2545342",229
"Snord87","GSM2545342",2
"Tcf24","GSM2545342",9
"Ppp1r42","GSM2545342",14
"Arfgef1","GSM2545342",5523
"Cpa6","GSM2545342",1
"Ncoa2","GSM2545342",4944
"Tram1","GSM2545342",1421
"Gm5523","GSM2545342",0
"Eya1","GSM2545342",325
"Smt3h2-ps4","GSM2545342",4
"Trpa1","GSM2545342",3
"Gm10566","GSM2545342",3
"Terf1","GSM2545342",656
"Rdh10","GSM2545342",741
"Stau2","GSM2545342",3074
"Ly96","GSM2545342",28
"Jph1","GSM2545342",1256
"Gdap1","GSM2545342",4924
"Rbm6-ps1","GSM2545342",11
"Pi15","GSM2545342",21
"Gm28154","GSM2545342",9
"Gm16070","GSM2545342",3
"Gm15825","GSM2545342",5
"Tfap2d","GSM2545342",235
"Tfap2b","GSM2545342",2177
"Pkhd1","GSM2545342",4
"Mir133b","GSM2545342",3
"Il17f","GSM2545342",1
"Paqr8","GSM2545342",16704
"Tram2","GSM2545342",16
"Gm7658","GSM2545342",6
"Gm7761","GSM2545342",7
"Mir30c-2","GSM2545342",7
"Ogfrl1","GSM2545342",8390
"Smap1","GSM2545342",2706
"Fam135a","GSM2545342",3225
"Col19a1","GSM2545342",1384
"Lmbrd1","GSM2545342",8471
"Gm20172","GSM2545342",1
"Gm29214","GSM2545342",7
"Gm7846","GSM2545342",12
"Gm5525","GSM2545342",15
"Phf3","GSM2545342",4223
"Khdrbs2","GSM2545342",186
"Gm5415","GSM2545342",0
"Zfp451","GSM2545342",1295
"Gm15455","GSM2545342",6
"Bend6","GSM2545342",6948
"Ptpn18","GSM2545342",43
"Cfc1","GSM2545342",3
"Amer3","GSM2545342",1997
"Fam168b","GSM2545342",10631
"Gm33222","GSM2545342",9
"Kansl3","GSM2545342",3468
"Fer1l5","GSM2545342",0
"Cnnm4","GSM2545342",945
"Sema4c","GSM2545342",927
"Cox5b","GSM2545342",4404
"Zap70","GSM2545342",17
"Tmem131","GSM2545342",3391
"Cnga3","GSM2545342",2
"Unc50","GSM2545342",1115
"Lipt1","GSM2545342",87
"Mrpl30","GSM2545342",818
"Lyg2","GSM2545342",13
"Txndc9","GSM2545342",1554
"Eif5b","GSM2545342",4680
"Gm16150","GSM2545342",27
"Gm16152","GSM2545342",7
"Pdcl3","GSM2545342",919
"Rpl31","GSM2545342",2075
"Tbc1d8","GSM2545342",1772
"Cnot11","GSM2545342",1225
"Snord89","GSM2545342",11
"Rnf149","GSM2545342",881
"Rfx8","GSM2545342",7
"Gm16894","GSM2545342",12
"Il1rl2","GSM2545342",16
"Il1rl1","GSM2545342",5
"Il18r1","GSM2545342",2
"Slc9a4","GSM2545342",9
"Mfsd9","GSM2545342",131
"Tmem182","GSM2545342",13
"Gm28175","GSM2545342",22
"Pantr1","GSM2545342",201
"Pou3f3","GSM2545342",1353
"Pantr2","GSM2545342",40
"Mrps9","GSM2545342",1099
"Gpr45","GSM2545342",79
"Tgfbrap1","GSM2545342",2303
"Fhl2","GSM2545342",107
"Nck2","GSM2545342",629
"Uxs1","GSM2545342",1232
"Gm16103","GSM2545342",0
"Tpp2","GSM2545342",2900
"Tex30","GSM2545342",205
"Bivm","GSM2545342",869
"Gulp1","GSM2545342",200
"Wdr75","GSM2545342",1022
"Dnah7b","GSM2545342",657
"Gm4852","GSM2545342",3
"Gm8337","GSM2545342",8
"Nabp1","GSM2545342",390
"Gm17767","GSM2545342",2
"Myo1b","GSM2545342",692
"Stat4","GSM2545342",4
"Stat1","GSM2545342",1412
"Gls","GSM2545342",13387
"Rps27a-ps1","GSM2545342",2
"Gm28178","GSM2545342",1
"Inpp1","GSM2545342",3150
"Mstn","GSM2545342",14
"Asnsd1","GSM2545342",624
"Gtf3c3","GSM2545342",1063
"Pgap1","GSM2545342",1855
"Gm19637","GSM2545342",1
"Ankrd44","GSM2545342",667
"Sf3b1","GSM2545342",16101
"Gm6822","GSM2545342",5
"Boll","GSM2545342",3
"Gm8292","GSM2545342",8
"Plcl1","GSM2545342",1316
"Gm6644","GSM2545342",3
"Satb2","GSM2545342",12
"BC055402","GSM2545342",4
"Tyw5","GSM2545342",407
"Spats2l","GSM2545342",272
"Aox4","GSM2545342",7
"Aox2","GSM2545342",1
"Bzw1","GSM2545342",7170
"Clk1","GSM2545342",7388
"Ppil3","GSM2545342",325
"Nif3l1","GSM2545342",571
"Cflar","GSM2545342",1149
"Casp8","GSM2545342",71
"Stradb","GSM2545342",897
"Tmem237","GSM2545342",732
"Cdk15","GSM2545342",9
"Fzd7","GSM2545342",2249
"Sumo1","GSM2545342",2341
"Fam117b","GSM2545342",3883
"Wdr12","GSM2545342",888
"Nbeal1","GSM2545342",1629
"Abi2","GSM2545342",4508
"Cd28","GSM2545342",72
"Gm11581","GSM2545342",0
"Icos","GSM2545342",2
"Nrp2","GSM2545342",416
"Gm4208","GSM2545342",1
"Ndufs1","GSM2545342",6433
"Eef1b2","GSM2545342",2766
"Gpr1","GSM2545342",4
"Gm11605","GSM2545342",4
"Adam23","GSM2545342",7354
"Dytn","GSM2545342",2
"Mdh1b","GSM2545342",14
"Gm13748","GSM2545342",9
"Ccnyl1","GSM2545342",454
"Plekhm3","GSM2545342",1760
"Rpl10a-ps1","GSM2545342",20
"Cryga","GSM2545342",0
"Pikfyve","GSM2545342",2678
"Map2","GSM2545342",22841
"Unc80","GSM2545342",20241
"Kansl1l","GSM2545342",1247
"Acadl","GSM2545342",1669
"Gm15793","GSM2545342",3
"Spag16","GSM2545342",92
"Bard1","GSM2545342",16
"Abca12","GSM2545342",4
"Atic","GSM2545342",882
"Fn1","GSM2545342",3091
"Gm5256","GSM2545342",5
"Tmem169","GSM2545342",607
"Xrcc5","GSM2545342",706
"Smarcal1","GSM2545342",2637
"Igfbp2","GSM2545342",1262
"Gm29183","GSM2545342",4
"Rufy4","GSM2545342",4
"Cxcr2","GSM2545342",3
"Arpc2","GSM2545342",3253
"Aamp","GSM2545342",3578
"Tmbim1","GSM2545342",1590
"Catip","GSM2545342",64
"Zfp142","GSM2545342",1672
"Rnf25","GSM2545342",1108
"Ttll4","GSM2545342",1902
"Prkag3","GSM2545342",13
"Gm29539","GSM2545342",4
"Wnt10a","GSM2545342",2
"Ihh","GSM2545342",7
"Slc23a3","GSM2545342",7
"Zfand2b","GSM2545342",294
"Ankzf1","GSM2545342",960
"Glb1l","GSM2545342",344
"Ptprn","GSM2545342",4703
"Des","GSM2545342",59
"Asic4","GSM2545342",87
"Chpf","GSM2545342",1730
"Obsl1","GSM2545342",645
"Stk11ip","GSM2545342",925
"Slc4a3","GSM2545342",3231
"Epha4","GSM2545342",925
"Pax3","GSM2545342",269
"Mogat1","GSM2545342",2
"Kcne4","GSM2545342",52
"Gm5830","GSM2545342",10
"Scg2","GSM2545342",5738
"Mrpl44","GSM2545342",666
"Gm5529","GSM2545342",14
"Fam124b","GSM2545342",3
"Cul3","GSM2545342",7610
"Nyap2","GSM2545342",1288
"Rhbdd1","GSM2545342",481
"Col4a4","GSM2545342",98
"Col4a3","GSM2545342",77
"Mff","GSM2545342",5864
"Daw1","GSM2545342",20
"Trip12","GSM2545342",8129
"Fbxo36","GSM2545342",90
"Slc16a14","GSM2545342",248
"Gm15433","GSM2545342",0
"Rpl19-ps1","GSM2545342",0
"Sp110","GSM2545342",33
"Sp140","GSM2545342",32
"Sp100","GSM2545342",180
"Cab39","GSM2545342",7369
"Gpr55","GSM2545342",2
"Spata3","GSM2545342",23
"Htr2b","GSM2545342",2
"Armc9","GSM2545342",638
"B3gnt7","GSM2545342",12
"Snora75","GSM2545342",15
"Nmur1","GSM2545342",26
"Dis3l2","GSM2545342",787
"Gm6136","GSM2545342",17
"Ecel1","GSM2545342",28
"Prss56","GSM2545342",2
"Kcnj13","GSM2545342",269
"Inpp5d","GSM2545342",215
"Scarna6","GSM2545342",7
"Sag","GSM2545342",8
"Dgkd","GSM2545342",8498
"Gm19582","GSM2545342",71
"Usp40","GSM2545342",1301
"Ugt1a7c","GSM2545342",6
"Dnajb3","GSM2545342",21
"Mroh2a","GSM2545342",12
"Spp2","GSM2545342",19
"Gm29538","GSM2545342",4
"Glrp1","GSM2545342",2
"Sh3bp4","GSM2545342",382
"Gbx2","GSM2545342",1
"Iqca","GSM2545342",27
"Ackr3","GSM2545342",192
"Col6a3","GSM2545342",117
"Rab17","GSM2545342",3
"Ube2f","GSM2545342",1185
"Klhl30","GSM2545342",9
"Twist2","GSM2545342",6
"Hdac4","GSM2545342",1972
"Ndufa10","GSM2545342",3375
"Mir149","GSM2545342",1
"Ankmy1","GSM2545342",19
"Rnpepl1","GSM2545342",1016
"Capn10","GSM2545342",861
"Gpr35","GSM2545342",36
"Pask","GSM2545342",184
"Hdlbp","GSM2545342",7015
"Farp2","GSM2545342",311
"Stk25","GSM2545342",4656
"Thap4","GSM2545342",424
"D2hgdh","GSM2545342",356
"Pdcd1","GSM2545342",0
"Gm7895","GSM2545342",12
"Fam174a","GSM2545342",1294
"Slco4c1","GSM2545342",20
"Panct2","GSM2545342",14
"Gm6430","GSM2545342",1
"Gin1","GSM2545342",347
"Pam","GSM2545342",1841
"Cntnap5b","GSM2545342",1270
"Cdh20","GSM2545342",871
"Pign","GSM2545342",843
"Gm10193","GSM2545342",3
"Tnfrsf11a","GSM2545342",86
"Gm7160","GSM2545342",24
"Gm20753","GSM2545342",3
"Bcl2","GSM2545342",763
"Vps4b","GSM2545342",1942
"Serpinb5","GSM2545342",3
"Serpinb10","GSM2545342",1
"Gm8141","GSM2545342",3
"Cdh7","GSM2545342",1745
"Cdh19","GSM2545342",623
"Gm8173","GSM2545342",3
"Dsel","GSM2545342",277
"Gm6028","GSM2545342",2
"Nifk","GSM2545342",781
"Clasp1","GSM2545342",3512
"Inhbb","GSM2545342",215
"Gm3551","GSM2545342",0
"Gm28209","GSM2545342",1
"Cfap221","GSM2545342",8
"Sctr","GSM2545342",4
"Tmem37","GSM2545342",28
"En1","GSM2545342",160
"Insig2","GSM2545342",2052
"Ccdc93","GSM2545342",1329
"Htr5b","GSM2545342",7
"Ddx18","GSM2545342",686
"Actr3","GSM2545342",5215
"Slc35f5","GSM2545342",554
"Gpr39","GSM2545342",0
"Mgat5","GSM2545342",3543
"Gm8451","GSM2545342",20
"Tmem163","GSM2545342",1854
"Acmsd","GSM2545342",3
"Zranb3","GSM2545342",221
"Gm28800","GSM2545342",0
"Rpl28-ps1","GSM2545342",21
"Mir128-1","GSM2545342",2
"Lct","GSM2545342",8
"Gm6170","GSM2545342",8
"Thsd7b","GSM2545342",32
"Gm29428","GSM2545342",0
"Cd55","GSM2545342",177
"Gm16083","GSM2545342",16
"C4bp-ps1","GSM2545342",10
"Yod1","GSM2545342",544
"Fcamr","GSM2545342",0
"Dyrk3","GSM2545342",129
"Ikbke","GSM2545342",59
"Srgap2","GSM2545342",8473
"Slc26a9","GSM2545342",0
"Pm20d1","GSM2545342",172
"Rab29","GSM2545342",140
"Cdk18","GSM2545342",511
"Gm29695","GSM2545342",128
"Lemd1","GSM2545342",11
"Gm7241","GSM2545342",0
"Klhdc8a","GSM2545342",527
"Lrrn2","GSM2545342",3214
"Gm29257","GSM2545342",5
"Gm28609","GSM2545342",7
"Plekha6","GSM2545342",5163
"Ren1","GSM2545342",5
"Sox13","GSM2545342",291
"Zbed6","GSM2545342",2069
"Lax1","GSM2545342",3
"Optc","GSM2545342",47
"Prelp","GSM2545342",982
"Gm8618","GSM2545342",0
"Mybph","GSM2545342",23
"Myog","GSM2545342",0
"Ppfia4","GSM2545342",9593
"Tmem183a","GSM2545342",2322
"Kdm5b","GSM2545342",1992
"Ppp1r12b","GSM2545342",3270
"Ube2t","GSM2545342",77
"Ptprv","GSM2545342",2
"Timm17a","GSM2545342",1309
"Csrp1","GSM2545342",7375
"Tnni1","GSM2545342",78
"Lad1","GSM2545342",28
"Pkp1","GSM2545342",4
"Ascl5","GSM2545342",1
"Cacna1s","GSM2545342",23
"Gm15850","GSM2545342",0
"Kif21b","GSM2545342",1452
"Camsap2","GSM2545342",7452
"Kif14","GSM2545342",10
"Gm29485","GSM2545342",2
"Gm19705","GSM2545342",28
"Mif-ps1","GSM2545342",1
"Nr5a2","GSM2545342",0
"Ptprc","GSM2545342",103
"Lhx9","GSM2545342",365
"Dennd1b","GSM2545342",930
"Crb1","GSM2545342",8
"Zbtb41","GSM2545342",1462
"Cfhr2","GSM2545342",1
"Gm5837","GSM2545342",8
"Kcnt2","GSM2545342",55
"Gm5835","GSM2545342",30
"Cdc73","GSM2545342",906
"B3galt2","GSM2545342",773
"Glrx2","GSM2545342",1769
"Rgs1","GSM2545342",5
"Gm7266","GSM2545342",3
"Rgs18","GSM2545342",2
"Brinp3","GSM2545342",667
"Ptgs2os","GSM2545342",0
"Ptgs2","GSM2545342",39
"Tpr","GSM2545342",6608
"Swt1","GSM2545342",633
"Mir7682","GSM2545342",3
"Rnf2","GSM2545342",1375
"Gm36527","GSM2545342",2
"Edem3","GSM2545342",3437
"Tsen15","GSM2545342",439
"Colgalt2","GSM2545342",144
"Rgl1","GSM2545342",1223
"Arpc5","GSM2545342",1677
"Ncf2","GSM2545342",66
"Nmnat2","GSM2545342",8330
"Lamc2","GSM2545342",85
"Dhx9","GSM2545342",6150
"Rgs16","GSM2545342",584
"Rgsl1","GSM2545342",17
"Zfp648","GSM2545342",0
"Gm9530","GSM2545342",20
"Stx6","GSM2545342",1584
"Xpr1","GSM2545342",3823
"Gm5532","GSM2545342",2
"Acbd6","GSM2545342",737
"Lhx4","GSM2545342",0
"Cep350","GSM2545342",3612
"Fam163a","GSM2545342",52
"Tdrd5","GSM2545342",72
"Nphs2","GSM2545342",8
"Gm2000","GSM2545342",17
"Soat1","GSM2545342",665
"Abl2","GSM2545342",2176
"Fam20b","GSM2545342",3077
"Ralgps2","GSM2545342",1824
"Angptl1","GSM2545342",14
"Rasal2","GSM2545342",2850
"Brinp2","GSM2545342",1031
"Gm4953","GSM2545342",2
"Gm31256","GSM2545342",2
"Rabgap1l","GSM2545342",5949
"Gm6177","GSM2545342",0
"Rc3h1","GSM2545342",3330
"Serpinc1","GSM2545342",1
"Snord47","GSM2545342",25
"Dars2","GSM2545342",559
"Cenpl","GSM2545342",91
"Fasl","GSM2545342",5
"Dnm3","GSM2545342",10723
"Dnm3os","GSM2545342",10
"Prrc2c","GSM2545342",8364
"Fmo2","GSM2545342",512
"Mettl11b","GSM2545342",9
"BC055324","GSM2545342",105
"Sele","GSM2545342",0
"Selp","GSM2545342",0
"F5","GSM2545342",612
"Nme7","GSM2545342",323
"Atp1b1","GSM2545342",49387
"Gm26685","GSM2545342",1
"Dpt","GSM2545342",4
"Gm20743","GSM2545342",214
"Sft2d2","GSM2545342",1120
"Tiprl","GSM2545342",1636
"Rcsd1","GSM2545342",175
"Gm32999","GSM2545342",1
"Dusp27","GSM2545342",12
"Mael","GSM2545342",3
"Gm16418","GSM2545342",5
"Gm16701","GSM2545342",138
"Aldh9a1","GSM2545342",1419
"Mgst3","GSM2545342",1190
"Lrrc52","GSM2545342",1
"Rxrg","GSM2545342",23
"Lmx1a","GSM2545342",88
"Pbx1","GSM2545342",4204
"Asl","GSM2545343",535
"Apod","GSM2545343",13668
"Cyp2d22","GSM2545343",2008
"Klk6","GSM2545343",1101
"Fcrls","GSM2545343",375
"Slc2a4","GSM2545343",249
"Exd2","GSM2545343",3126
"Gjc2","GSM2545343",791
"Plp1","GSM2545343",98658
"Gnb4","GSM2545343",2437
"Tnc","GSM2545343",1017
"Trf","GSM2545343",19877
"Tubb2b","GSM2545343",4239
"Fads1","GSM2545343",9622
"Lxn","GSM2545343",3068
"Prr18","GSM2545343",2995
"Cmtm5","GSM2545343",2603
"Enpp1","GSM2545343",737
"Clic4","GSM2545343",9779
"Tm6sf2","GSM2545343",210
"Slc20a2","GSM2545343",6214
"Itih3","GSM2545343",2461
"Ptn","GSM2545343",9303
"Prodh","GSM2545343",1147
"Msantd1","GSM2545343",229
"Ugt8a","GSM2545343",5360
"Fbln5","GSM2545343",450
"Trp53inp2","GSM2545343",14767
"Slc7a3","GSM2545343",426
"Dnase1l2","GSM2545343",674
"Icosl","GSM2545343",497
"Rmnd1","GSM2545343",1555
"Tssk5","GSM2545343",87
"Pycr1","GSM2545343",72
"Pla2g3","GSM2545343",153
"Vmn2r1","GSM2545343",32
"Gm29797","GSM2545343",92
"Phyhd1","GSM2545343",1066
"Gpr146","GSM2545343",977
"Mag","GSM2545343",9465
"Tufm","GSM2545343",2267
"Igdcc4","GSM2545343",2914
"Gm10654","GSM2545343",139
"Ncmap","GSM2545343",36
"Etv4","GSM2545343",595
"Fabp7","GSM2545343",1188
"Cpsf4l","GSM2545343",90
"Hexa","GSM2545343",1889
"Mfge8","GSM2545343",2497
"Ccdc136","GSM2545343",3896
"Glul","GSM2545343",54808
"Hopx","GSM2545343",7637
"Pigq","GSM2545343",4587
"Vps11","GSM2545343",3061
"Proca1","GSM2545343",302
"Fbxl22","GSM2545343",399
"Sfxn5","GSM2545343",12159
"Hexim2","GSM2545343",444
"Agt","GSM2545343",3942
"Rlbp1","GSM2545343",396
"Jam2","GSM2545343",4363
"Lcat","GSM2545343",2729
"Oxct1","GSM2545343",17641
"Cacna1e","GSM2545343",13041
"Fa2h","GSM2545343",2361
"Plxnb3","GSM2545343",1386
"Lman2l","GSM2545343",1587
"Dpy19l1","GSM2545343",2909
"Kctd21","GSM2545343",975
"Thra","GSM2545343",11018
"Dok3","GSM2545343",236
"Sult1a1","GSM2545343",540
"Rpe","GSM2545343",1594
"Acrbp","GSM2545343",558
"Slc2a9","GSM2545343",73
"Emp2","GSM2545343",2028
"Aipl1","GSM2545343",11
"Uri1","GSM2545343",2157
"Bcs1l","GSM2545343",554
"Rbm3","GSM2545343",5806
"Tra2a","GSM2545343",5551
"Prex1","GSM2545343",5719
"Josd2","GSM2545343",1955
"Tmco3","GSM2545343",1807
"Srebf1","GSM2545343",1983
"Acer2","GSM2545343",447
"Tsga10","GSM2545343",416
"Cyp3a13","GSM2545343",89
"Relt","GSM2545343",554
"Nrep","GSM2545343",48880
"Slc14a1","GSM2545343",1741
"Pnpla2","GSM2545343",1215
"Map6d1","GSM2545343",2644
"Ier5","GSM2545343",704
"Bfsp2","GSM2545343",215
"Idi1","GSM2545343",826
"Kat2b","GSM2545343",5998
"Rmdn3","GSM2545343",5530
"Eif4b","GSM2545343",8793
"Grm4","GSM2545343",20201
"Pink1","GSM2545343",16866
"Mettl16","GSM2545343",1240
"Fam193b","GSM2545343",3696
"Rtca","GSM2545343",1500
"Fgfbp1","GSM2545343",76
"Pigs","GSM2545343",3010
"Cfp","GSM2545343",1150
"Desi1","GSM2545343",7623
"Gbp4","GSM2545343",114
"Nid1","GSM2545343",1871
"Armcx5","GSM2545343",559
"Cryab","GSM2545343",4492
"Prss53","GSM2545343",195
"Car4","GSM2545343",7679
"Gm6277","GSM2545343",229
"Amt","GSM2545343",1417
"Zc3h6","GSM2545343",1082
"Aqp4","GSM2545343",26667
"Tmem198b","GSM2545343",1049
"Abi3bp","GSM2545343",1323
"Xpa","GSM2545343",375
"Aldh6a1","GSM2545343",3967
"Adam1a","GSM2545343",907
"Dynlt1a","GSM2545343",640
"Gatm","GSM2545343",5197
"H2-Q4","GSM2545343",175
"Nras","GSM2545343",2273
"Pla2g4e","GSM2545343",242
"Lpar1","GSM2545343",2730
"Il12rb1","GSM2545343",65
"Enpp6","GSM2545343",1014
"Ermn","GSM2545343",5150
"Marcksl1","GSM2545343",1788
"Ubqln4","GSM2545343",3953
"Glt8d1","GSM2545343",1635
"Ddx25","GSM2545343",1317
"Gpr17","GSM2545343",1841
"Cat","GSM2545343",2560
"Wwox","GSM2545343",832
"Phkg1","GSM2545343",876
"Ppp1r3f","GSM2545343",923
"Mrpl35","GSM2545343",1434
"Nudt9","GSM2545343",1506
"Lypd6","GSM2545343",1281
"Spice1","GSM2545343",819
"Tuba8","GSM2545343",1353
"Spon1","GSM2545343",3883
"Nfya","GSM2545343",1312
"Sc5d","GSM2545343",5127
"Aldh18a1","GSM2545343",1064
"Ebp","GSM2545343",1442
"Srr","GSM2545343",3775
"Gm14827","GSM2545343",414
"Gm31135","GSM2545343",133
"Adam17","GSM2545343",1423
"Slc39a2","GSM2545343",1119
"Snn","GSM2545343",4609
"Hnrnpc","GSM2545343",11552
"Srbd1","GSM2545343",577
"Ptp4a1","GSM2545343",1896
"Tppp","GSM2545343",12602
"Stac3","GSM2545343",214
"Emid1","GSM2545343",561
"Cotl1","GSM2545343",3206
"Ovgp1","GSM2545343",729
"Ssx2ip","GSM2545343",3257
"Hsd3b7","GSM2545343",1049
"Kazald1","GSM2545343",181
"Omd","GSM2545343",226
"Bcas1","GSM2545343",9042
"Gm9925","GSM2545343",378
"Dleu2","GSM2545343",564
"Chil3","GSM2545343",10
"Deaf1","GSM2545343",2300
"Dusp19","GSM2545343",366
"Gkn3","GSM2545343",98
"Pllp","GSM2545343",2118
"Sox2ot","GSM2545343",939
"Ntf3","GSM2545343",381
"Lum","GSM2545343",343
"Gm20751","GSM2545343",87
"Thnsl2","GSM2545343",130
"Slc2a4rg-ps","GSM2545343",743
"Agpat5","GSM2545343",4630
"Mdk","GSM2545343",986
"Penk","GSM2545343",3357
"Cirbp","GSM2545343",2140
"Aloxe3","GSM2545343",379
"Nudt5","GSM2545343",698
"Serpinb1a","GSM2545343",804
"Mt1","GSM2545343",8706
"Fgfr3","GSM2545343",4079
"Myo1d","GSM2545343",803
"Cd99l2","GSM2545343",3855
"C2cd2","GSM2545343",1069
"Brsk2","GSM2545343",6768
"Mrrf","GSM2545343",642
"Snhg4","GSM2545343",245
"Hmgcs1","GSM2545343",8874
"Stk17b","GSM2545343",5431
"Cyp51","GSM2545343",3355
"Gria4","GSM2545343",27340
"Ttyh1","GSM2545343",23515
"Slc13a1","GSM2545343",221
"Phf7","GSM2545343",183
"Get4","GSM2545343",1326
"Gstm1","GSM2545343",7392
"Fbxo31","GSM2545343",2610
"Padi2","GSM2545343",1477
"Gnmt","GSM2545343",171
"Paip2b","GSM2545343",3951
"Slc17a9","GSM2545343",18
"Vopp1","GSM2545343",1981
"Ogdhl","GSM2545343",3803
"Dcaf12","GSM2545343",3365
"Rorc","GSM2545343",1197
"Cp","GSM2545343",1676
"Jade2","GSM2545343",1950
"Nbl1","GSM2545343",2657
"Hsph1","GSM2545343",6866
"Serf2","GSM2545343",4768
"Rasgef1a","GSM2545343",4080
"Prrg1","GSM2545343",724
"Etnppl","GSM2545343",4005
"Cyp4f15","GSM2545343",121
"Ankrd29","GSM2545343",1276
"Gm27252","GSM2545343",59
"Kctd2","GSM2545343",3165
"Iigp1","GSM2545343",101
"Ak4","GSM2545343",6517
"Idh2","GSM2545343",1403
"Camkk1","GSM2545343",2537
"Rftn2","GSM2545343",1668
"Igtp","GSM2545343",125
"Bche","GSM2545343",576
"Marcks","GSM2545343",8723
"Pabpc4","GSM2545343",909
"Pmp22","GSM2545343",2014
"Car14","GSM2545343",911
"Serpinh1","GSM2545343",1862
"Ppp1r13b","GSM2545343",2853
"Tfrc","GSM2545343",6089
"Smox","GSM2545343",2258
"Tjap1","GSM2545343",1291
"Msmo1","GSM2545343",2815
"Slc26a8","GSM2545343",110
"Eml3","GSM2545343",1105
"Csf2ra","GSM2545343",654
"Rnf141","GSM2545343",4218
"Slc25a16","GSM2545343",1515
"Echdc1","GSM2545343",1670
"Eid2b","GSM2545343",807
"Piga","GSM2545343",725
"Ccdc149","GSM2545343",954
"Car15","GSM2545343",886
"Eny2","GSM2545343",2913
"Mroh1","GSM2545343",4017
"Pcyox1l","GSM2545343",853
"Ankrd39","GSM2545343",458
"Timeless","GSM2545343",316
"Sparc","GSM2545343",38356
"Slc7a10","GSM2545343",2047
"Ppp1r2","GSM2545343",5063
"Psmf1","GSM2545343",1273
"Adat1","GSM2545343",372
"Slc6a12","GSM2545343",244
"Snhg3","GSM2545343",275
"Prg4","GSM2545343",467
"Plod1","GSM2545343",1288
"Whamm","GSM2545343",1129
"Ttpa","GSM2545343",688
"Thbs3","GSM2545343",212
"Gltp","GSM2545343",2097
"Pex6","GSM2545343",2063
"Aim2","GSM2545343",170
"Ednrb","GSM2545343",8336
"Nuf2","GSM2545343",197
"Mog","GSM2545343",4755
"Ccl27a","GSM2545343",2419
"Tac4","GSM2545343",6
"Snhg8","GSM2545343",366
"Ak6","GSM2545343",412
"Kctd20","GSM2545343",3589
"Itgb4","GSM2545343",814
"Zfp810","GSM2545343",545
"Gm33489","GSM2545343",242
"Gna12","GSM2545343",2315
"Cyp4v3","GSM2545343",662
"Pkp4","GSM2545343",13386
"Agpat1","GSM2545343",3088
"Gipr","GSM2545343",35
"Edn3","GSM2545343",330
"Prr15","GSM2545343",29
"Traf1","GSM2545343",288
"Pim2","GSM2545343",1549
"Lrrc8a","GSM2545343",3486
"Erp44","GSM2545343",2163
"Tmem33","GSM2545343",7258
"Fen1","GSM2545343",652
"Tfap4","GSM2545343",240
"Lman2","GSM2545343",3990
"Senp8","GSM2545343",356
"Alg14","GSM2545343",1022
"Ddah1","GSM2545343",5244
"Pomt1","GSM2545343",826
"Rab3b","GSM2545343",370
"Lrrc29","GSM2545343",73
"Nqo1","GSM2545343",445
"Gpr137b","GSM2545343",715
"Pcif1","GSM2545343",2283
"Qdpr","GSM2545343",7382
"Dcdc2b","GSM2545343",479
"Rap2a","GSM2545343",2961
"Cnpy4","GSM2545343",606
"Wdr41","GSM2545343",1808
"Gm20627","GSM2545343",52
"Mmaa","GSM2545343",1720
"Gm13562","GSM2545343",45
"Cd70","GSM2545343",54
"Itm2a","GSM2545343",3558
"Avil","GSM2545343",88
"Zscan22","GSM2545343",752
"Itgb3","GSM2545343",166
"Col11a2","GSM2545343",699
"Apoc1","GSM2545343",63
"Tmeff2","GSM2545343",2890
"Tyro3","GSM2545343",8725
"Ift22","GSM2545343",1440
"Mtmr7","GSM2545343",2842
"Gabrr2","GSM2545343",62
"Ube2v2","GSM2545343",2236
"C77080","GSM2545343",1220
"Elovl5","GSM2545343",5460
"Serinc5","GSM2545343",3766
"Pyroxd2","GSM2545343",210
"Ypel2","GSM2545343",2289
"Parp3","GSM2545343",362
"Xpo1","GSM2545343",7041
"Polr2a","GSM2545343",4335
"Tspyl4","GSM2545343",31826
"Irgm1","GSM2545343",273
"Cep131","GSM2545343",829
"Sema4d","GSM2545343",4643
"Gbp6","GSM2545343",182
"Zfp119b","GSM2545343",213
"Eps15","GSM2545343",16238
"Pxmp2","GSM2545343",234
"Tomm40l","GSM2545343",2346
"Atat1","GSM2545343",1508
"Chrac1","GSM2545343",387
"Mrpl24","GSM2545343",1877
"Ipo9","GSM2545343",7146
"Actg1","GSM2545343",8436
"Noxred1","GSM2545343",117
"Gm20501","GSM2545343",119
"H2-K1","GSM2545343",1062
"Lig1","GSM2545343",561
"Morn2","GSM2545343",376
"Dcakd","GSM2545343",1424
"Nop14","GSM2545343",987
"Bbs1","GSM2545343",1696
"Tada2b","GSM2545343",1308
"Gal3st1","GSM2545343",459
"Xpc","GSM2545343",707
"Irf2bp2","GSM2545343",3038
"Spns2","GSM2545343",2121
"Pole","GSM2545343",86
"Fam78b","GSM2545343",2047
"Ggcx","GSM2545343",1142
"Anks1","GSM2545343",3277
"Pgm2","GSM2545343",3392
"Zgrf1","GSM2545343",469
"Alkbh3","GSM2545343",519
"Dnd1","GSM2545343",85
"Lime1","GSM2545343",3442
"Trim23","GSM2545343",3998
"Abhd14a","GSM2545343",731
"Zkscan3","GSM2545343",2535
"Fam131b","GSM2545343",8920
"Elovl1","GSM2545343",957
"Trim72","GSM2545343",42
"Klhdc9","GSM2545343",101
"Iqck","GSM2545343",85
"Smim14","GSM2545343",6531
"Kcnab3","GSM2545343",1724
"Ing5","GSM2545343",502
"Cnnm3","GSM2545343",2560
"Fn3k","GSM2545343",1328
"Cnp","GSM2545343",21675
"Uros","GSM2545343",890
"Eml1","GSM2545343",3394
"Lgals3","GSM2545343",77
"Gjb1","GSM2545343",973
"Dynll1","GSM2545343",3498
"Cyp2j12","GSM2545343",187
"Crip3","GSM2545343",43
"Sbk1","GSM2545343",30011
"Camkk2","GSM2545343",14589
"Setd7","GSM2545343",20307
"Btf3l4","GSM2545343",2187
"Acbd4","GSM2545343",1300
"Gm16835","GSM2545343",171
"Gpr37","GSM2545343",2607
"Prr5l","GSM2545343",806
"Slain1","GSM2545343",2552
"Calr","GSM2545343",15678
"Bst1","GSM2545343",11
"Fmnl3","GSM2545343",435
"Gpr89","GSM2545343",848
"Zranb1","GSM2545343",6177
"Col27a1","GSM2545343",1240
"Emc8","GSM2545343",3354
"Ormdl3","GSM2545343",2770
"Capg","GSM2545343",80
"Zbtb21","GSM2545343",1063
"Sord","GSM2545343",740
"Tsc22d1","GSM2545343",13298
"Gpld1","GSM2545343",2672
"Cdh4","GSM2545343",817
"Hkdc1","GSM2545343",74
"Ggact","GSM2545343",1247
"Zfp493","GSM2545343",210
"Mkks","GSM2545343",1838
"Gm15423","GSM2545343",77
"Npas2","GSM2545343",219
"Plin4","GSM2545343",225
"Rragc","GSM2545343",3119
"Nsun3","GSM2545343",497
"Hgsnat","GSM2545343",3049
"Acr","GSM2545343",27
"Ccdc167","GSM2545343",1625
"Thap1","GSM2545343",484
"Egfl8","GSM2545343",190
"Vps33a","GSM2545343",4383
"Igbp1","GSM2545343",1350
"Tbx6","GSM2545343",103
"Dcst2","GSM2545343",22
"Rbm28","GSM2545343",2677
"Pms1","GSM2545343",430
"Rtcb","GSM2545343",4164
"Smad9","GSM2545343",1545
"Ubxn2b","GSM2545343",971
"Rnf170","GSM2545343",1719
"Pithd1","GSM2545343",2307
"Steap3","GSM2545343",141
"Tomm20","GSM2545343",9163
"Klf15","GSM2545343",1752
"Amz2","GSM2545343",2103
"Folh1","GSM2545343",655
"Ubfd1","GSM2545343",3535
"Gpx3","GSM2545343",236
"C4b","GSM2545343",554
"Mdfi","GSM2545343",563
"Nucb2","GSM2545343",263
"Clip4","GSM2545343",1309
"Tipin","GSM2545343",607
"Amy1","GSM2545343",791
"Efhd1","GSM2545343",1983
"Smim15","GSM2545343",2482
"Zfp658","GSM2545343",994
"E2f6","GSM2545343",2211
"Lix1","GSM2545343",637
"Coq4","GSM2545343",414
"Otoa","GSM2545343",51
"Mex3a","GSM2545343",210
"Tmem132c","GSM2545343",1152
"Dclk1","GSM2545343",22186
"Eml2","GSM2545343",3144
"Glyr1","GSM2545343",8234
"Gm1976","GSM2545343",431
"Smyd3","GSM2545343",1230
"Dcaf8","GSM2545343",7751
"Lias","GSM2545343",1058
"Msn","GSM2545343",3142
"Timmdc1","GSM2545343",790
"H2-Q6","GSM2545343",26
"Asic3","GSM2545343",43
"Col5a3","GSM2545343",347
"Stx3","GSM2545343",3055
"AW046200","GSM2545343",164
"Hsf1","GSM2545343",1814
"Colq","GSM2545343",164
"Rcor3","GSM2545343",1439
"Slc6a20a","GSM2545343",1107
"Prps1","GSM2545343",2172
"Keap1","GSM2545343",2072
"Tap2","GSM2545343",283
"Slc16a7","GSM2545343",1702
"Eif2b3","GSM2545343",599
"Flywch1","GSM2545343",11718
"Amigo2","GSM2545343",890
"Hspd1","GSM2545343",8078
"Sost","GSM2545343",61
"Gm8615","GSM2545343",29
"Kcnk13","GSM2545343",249
"Tspyl2","GSM2545343",4776
"Spsb3","GSM2545343",2661
"Gm8493","GSM2545343",46
"Fgf22","GSM2545343",54
"Slc6a6","GSM2545343",4694
"Xist","GSM2545343",10
"Ddx3y","GSM2545343",4847
"Eif2s3y","GSM2545343",3098
"Kdm5d","GSM2545343",1935
"Uty","GSM2545343",1732
"Eif2s3x","GSM2545343",1802
"Kdm6a","GSM2545343",2374
"Casp12","GSM2545343",278
"Ddx3x","GSM2545343",18175
"Prl2c3","GSM2545343",49
"Casp1","GSM2545343",66
"Pbdc1","GSM2545343",498
"Kdm5c","GSM2545343",4790
"Ctxn2","GSM2545343",113
"Ldoc1","GSM2545343",574
"Gpr179","GSM2545343",19
"Pou4f1","GSM2545343",14
"Tmprss3","GSM2545343",26
"Prl2c2","GSM2545343",11
"Slc35b1","GSM2545343",2158
"Myoc","GSM2545343",393
"Cartpt","GSM2545343",4
"Tchh","GSM2545343",52
"H2-Q2","GSM2545343",15
"Ascl1","GSM2545343",78
"Crhr1","GSM2545343",3875
"Gm4017","GSM2545343",19
"Impg1","GSM2545343",30
"Rxfp3","GSM2545343",13
"AI504432","GSM2545343",972
"Mpo","GSM2545343",1
"Oxtr","GSM2545343",25
"Usp2","GSM2545343",4876
"Lor","GSM2545343",11
"Srrm4","GSM2545343",5642
"Slc35g1","GSM2545343",250
"Tceal6","GSM2545343",1068
"Dach2","GSM2545343",94
"Lgr6","GSM2545343",344
"Kcna4","GSM2545343",184
"Zfyve28","GSM2545343",3750
"Hps4","GSM2545343",1125
"Ucp3","GSM2545343",69
"Mettl17","GSM2545343",1183
"Atg9b","GSM2545343",44
"Usp3","GSM2545343",6489
"Acta2","GSM2545343",438
"Wdr24","GSM2545343",755
"Zw10","GSM2545343",1853
"Ubtd2","GSM2545343",3382
"Slc6a4","GSM2545343",9
"Cog1","GSM2545343",2536
"S100a9","GSM2545343",53
"Nadk","GSM2545343",3072
"Col6a1","GSM2545343",802
"Susd2","GSM2545343",304
"Fam53b","GSM2545343",3214
"Npas1","GSM2545343",11
"Rhbdf1","GSM2545343",625
"Cacnb1","GSM2545343",780
"Zfp579","GSM2545343",1296
"Dtx4","GSM2545343",1159
"Chrm3","GSM2545343",139
"Plcl2","GSM2545343",2281
"Ptprj","GSM2545343",4080
"Cyhr1","GSM2545343",7572
"Stx5a","GSM2545343",3284
"Smim8","GSM2545343",429
"Pappa2","GSM2545343",3
"Stbd1","GSM2545343",62
"Rln3","GSM2545343",0
"Ldlr","GSM2545343",1061
"Bmp2","GSM2545343",56
"Itga10","GSM2545343",511
"Unc45a","GSM2545343",1798
"Hap1","GSM2545343",2905
"Gm35339","GSM2545343",508
"Serpinb8","GSM2545343",219
"Tmem200c","GSM2545343",220
"Ngb","GSM2545343",51
"Myh11","GSM2545343",282
"Ass1","GSM2545343",370
"Ccdc28b","GSM2545343",2181
"Vsx2","GSM2545343",1
"Klhl1","GSM2545343",321
"Slit1","GSM2545343",167
"Rbm10","GSM2545343",3780
"Sgk1","GSM2545343",9215
"Zbtb24","GSM2545343",836
"Kif5a","GSM2545343",39385
"Alox8","GSM2545343",99
"Rgcc","GSM2545343",556
"Olfr1033","GSM2545343",92
"Lrrn4","GSM2545343",1
"Trim59","GSM2545343",776
"Pnma2","GSM2545343",346
"Arc","GSM2545343",669
"Lypd6b","GSM2545343",123
"Prkar2b","GSM2545343",814
"Gabrd","GSM2545343",7422
"Sh3gl1","GSM2545343",2115
"Rab9b","GSM2545343",893
"Slc9a2","GSM2545343",290
"Gata3","GSM2545343",29
"Rnd3","GSM2545343",527
"Tdgf1","GSM2545343",229
"Tph2","GSM2545343",36
"Gprc5c","GSM2545343",3421
"Syt16","GSM2545343",253
"Cdyl","GSM2545343",648
"St8sia2","GSM2545343",86
"Usp19","GSM2545343",7931
"Foxj2","GSM2545343",2951
"Wdfy2","GSM2545343",2153
"Fibcd1","GSM2545343",75
"Hs3st4","GSM2545343",111
"Rab27b","GSM2545343",404
"Gm4988","GSM2545343",102
"Hebp1","GSM2545343",264
"Mrgpre","GSM2545343",89
"Slc22a4","GSM2545343",3002
"Txndc11","GSM2545343",1587
"Pgr15l","GSM2545343",5
"Evpl","GSM2545343",44
"Pax7","GSM2545343",7
"Trim65","GSM2545343",226
"Gm33533","GSM2545343",11
"Otof","GSM2545343",103
"Alk","GSM2545343",37
"Acap3","GSM2545343",4333
"Erdr1","GSM2545343",163
"Kcnq5","GSM2545343",148
"Msln","GSM2545343",95
"Tbc1d20","GSM2545343",1654
"Slc16a10","GSM2545343",237
"Errfi1","GSM2545343",3061
"Nr2e1","GSM2545343",11
"Gpr149","GSM2545343",10
"Plcxd1","GSM2545343",158
"Lrch3","GSM2545343",7003
"Morc2b","GSM2545343",209
"Elfn1","GSM2545343",92
"Rnf180","GSM2545343",385
"Pcdhb8","GSM2545343",147
"Creg2","GSM2545343",291
"Erich3","GSM2545343",618
"Rpp25","GSM2545343",151
"Fgfr1","GSM2545343",7622
"Sfrp2","GSM2545343",50
"Rprm","GSM2545343",76
"Tmem120b","GSM2545343",671
"Tpra1","GSM2545343",2511
"Igsf9","GSM2545343",25
"Jakmip1","GSM2545343",860
"Hsf4","GSM2545343",178
"Pcbd1","GSM2545343",162
"Rasgrf2","GSM2545343",578
"Dgkk","GSM2545343",58
"Paxip1","GSM2545343",2197
"Smtn","GSM2545343",373
"Cmpk2","GSM2545343",637
"Drd4","GSM2545343",20
"Samd11","GSM2545343",20
"Magel2","GSM2545343",57
"Csrnp3","GSM2545343",1755
"Zfp941","GSM2545343",719
"Lrrc1","GSM2545343",910
"Tmie","GSM2545343",289
"Pcdh8","GSM2545343",131
"Glra2","GSM2545343",228
"Gpatch8","GSM2545343",6497
"Slc6a16","GSM2545343",15
"Grm7","GSM2545343",1037
"Ybx3","GSM2545343",2153
"Tenm3","GSM2545343",652
"Npffr1","GSM2545343",11
"Slc39a11","GSM2545343",412
"Otp","GSM2545343",3
"Hoga1","GSM2545343",51
"Egfl6","GSM2545343",10
"Plch2","GSM2545343",11242
"Pde11a","GSM2545343",64
"Zfp335","GSM2545343",1803
"Gpr61","GSM2545343",188
"Tox","GSM2545343",96
"Gabrr1","GSM2545343",5
"Jun","GSM2545343",2732
"Cox7b2","GSM2545343",46
"Mn1","GSM2545343",172
"Tmem130","GSM2545343",3959
"Dusp11","GSM2545343",11474
"Tmem91","GSM2545343",139
"Rbms2","GSM2545343",1255
"Inpp5j","GSM2545343",6715
"Vstm2a","GSM2545343",1179
"C1qtnf2","GSM2545343",56
"Ctns","GSM2545343",1488
"Smarcd2","GSM2545343",4068
"Dbpht2","GSM2545343",109
"Ltbp2","GSM2545343",1742
"Drd1","GSM2545343",20
"Dact2","GSM2545343",168
"E4f1","GSM2545343",1545
"Zfp598","GSM2545343",3083
"Zcchc12","GSM2545343",834
"Zfp263","GSM2545343",1624
"Tspyl3","GSM2545343",619
"Arhgap10","GSM2545343",830
"Plxnb2","GSM2545343",7140
"Doc2a","GSM2545343",117
"Tmem29","GSM2545343",544
"Dpf2","GSM2545343",3434
"Foxl2os","GSM2545343",60
"Slc47a1","GSM2545343",564
"Nap1l5","GSM2545343",20728
"Mapk7","GSM2545343",1631
"Grem2","GSM2545343",162
"Pcdh10","GSM2545343",1769
"Nol3","GSM2545343",270
"Gpr83","GSM2545343",75
"Nrsn2","GSM2545343",1904
"Prss16","GSM2545343",22
"Pcdh18","GSM2545343",145
"Emx2","GSM2545343",10
"Ccdc81","GSM2545343",37
"Rwdd2a","GSM2545343",310
"Mpped1","GSM2545343",274
"Galnt7","GSM2545343",2729
"S100a8","GSM2545343",44
"Mau2","GSM2545343",6236
"Ptpn23","GSM2545343",3455
"Sstr1","GSM2545343",184
"Wdfy4","GSM2545343",33
"Anxa3","GSM2545343",602
"C3","GSM2545343",18
"Tead4","GSM2545343",280
"Clvs2","GSM2545343",374
"Gaa","GSM2545343",6607
"Zfp219","GSM2545343",7437
"Bves","GSM2545343",12
"Tmem161a","GSM2545343",1142
"Unc5d","GSM2545343",528
"Cd180","GSM2545343",37
"Scml4","GSM2545343",48
"Stk38","GSM2545343",2854
"Sox17","GSM2545343",296
"Srsf9","GSM2545343",1802
"Herpud1","GSM2545343",3933
"Hmbs","GSM2545343",571
"Gm2824","GSM2545343",60
"Mir1901","GSM2545343",74
"Adamts19","GSM2545343",10
"Zfp36l1","GSM2545343",1303
"Impact","GSM2545343",7640
"Trmt6","GSM2545343",1923
"Plekhm1","GSM2545343",2029
"Basp1","GSM2545343",1350
"Grid1","GSM2545343",916
"Zdbf2","GSM2545343",451
"Tal1","GSM2545343",93
"Raf1","GSM2545343",4784
"Pgpep1l","GSM2545343",12
"Fzd4","GSM2545343",1342
"Tfdp1","GSM2545343",2659
"Pdzrn4","GSM2545343",78
"Ier3","GSM2545343",366
"Mir378a","GSM2545343",9
"Magee2","GSM2545343",88
"Plekhg2","GSM2545343",352
"Boc","GSM2545343",4316
"Ddx39b","GSM2545343",6736
"H2-T24","GSM2545343",75
"Insm1","GSM2545343",27
"Vstm5","GSM2545343",96
"Kctd4","GSM2545343",232
"Oprm1","GSM2545343",140
"Zfand6","GSM2545343",3179
"Cx3cl1","GSM2545343",3082
"Tacr3","GSM2545343",60
"Gpr4","GSM2545343",219
"Ptgis","GSM2545343",126
"Ccdc28a","GSM2545343",460
"Ido2","GSM2545343",10
"Elfn2","GSM2545343",1067
"Ngp","GSM2545343",39
"Ptpro","GSM2545343",370
"Neto1","GSM2545343",197
"Col6a2","GSM2545343",723
"Fev","GSM2545343",1
"Mmab","GSM2545343",605
"Resp18","GSM2545343",765
"Amn","GSM2545343",15
"Tmem132b","GSM2545343",561
"St6gal2","GSM2545343",250
"Tbc1d25","GSM2545343",954
"Pdcd2l","GSM2545343",751
"Acot3","GSM2545343",5
"Gm5468","GSM2545343",4
"Atg16l1","GSM2545343",2484
"Rpl14-ps1","GSM2545343",17
"Glra3","GSM2545343",191
"Plekhh3","GSM2545343",1973
"Pcdhga1","GSM2545343",172
"Gm9899","GSM2545343",1611
"Eps8l1","GSM2545343",47
"Serpina3g","GSM2545343",9
"Pcdh17","GSM2545343",1330
"Riok3","GSM2545343",4342
"Dcaf12l2","GSM2545343",12
"Ankrd6","GSM2545343",506
"Dhrs11","GSM2545343",580
"Zdhhc22","GSM2545343",247
"Hmgb3","GSM2545343",433
"Mid1","GSM2545343",191
"Celf3","GSM2545343",2284
"Akap5","GSM2545343",239
"Phlda3","GSM2545343",560
"Arfgap2","GSM2545343",3986
"Gabpb1","GSM2545343",1269
"Mybpc1","GSM2545343",2766
"Nfkbia","GSM2545343",1803
"Gabra3","GSM2545343",862
"Gtpbp2","GSM2545343",3106
"Ptgdr","GSM2545343",64
"Myh15","GSM2545343",32
"Ciz1","GSM2545343",1838
"Tmem62","GSM2545343",3652
"Pan3","GSM2545343",5289
"Pld3","GSM2545343",2798
"Trim3","GSM2545343",7293
"Spata2l","GSM2545343",862
"Gm2223","GSM2545343",23
"Dnah1","GSM2545343",87
"Pnoc","GSM2545343",113
"Dzank1","GSM2545343",7290
"Safb2","GSM2545343",3739
"Rnf128","GSM2545343",1074
"Jpx","GSM2545343",288
"Il16","GSM2545343",8448
"Slc26a7","GSM2545343",398
"Rspo1","GSM2545343",13
"Hcfc2","GSM2545343",2063
"Gm35315","GSM2545343",47
"Tyrp1","GSM2545343",20
"Pank4","GSM2545343",2131
"Ngef","GSM2545343",728
"Llgl1","GSM2545343",3857
"Usp12","GSM2545343",2913
"Ppp2r2d","GSM2545343",2537
"Zfp677","GSM2545343",191
"Heyl","GSM2545343",141
"Sin3b","GSM2545343",2833
"Sidt1","GSM2545343",2285
"Spin2c","GSM2545343",124
"Wasf2","GSM2545343",1533
"Tmem14a","GSM2545343",719
"Cntnap5a","GSM2545343",672
"Ccm2l","GSM2545343",207
"Sema3e","GSM2545343",753
"Il18bp","GSM2545343",546
"Slc35f1","GSM2545343",1317
"Best1","GSM2545343",22
"Pde8b","GSM2545343",772
"Htr7","GSM2545343",87
"Cfap57","GSM2545343",24
"Sgsm1","GSM2545343",4632
"Scn3b","GSM2545343",384
"Mark3","GSM2545343",4323
"Acsl5","GSM2545343",602
"Qpct","GSM2545343",202
"Iqcc","GSM2545343",1050
"Noc2l","GSM2545343",2792
"Slc25a27","GSM2545343",5226
"Kdm4b","GSM2545343",3197
"Pde1b","GSM2545343",1248
"Pcdha10","GSM2545343",66
"Gja5","GSM2545343",41
"Irs4","GSM2545343",17
"Mamdc4","GSM2545343",230
"Mthfd2l","GSM2545343",267
"Lrrtm1","GSM2545343",306
"Tacr1","GSM2545343",43
"Lmo3","GSM2545343",253
"Psg16","GSM2545343",1140
"Abcc8","GSM2545343",3311
"Epc1","GSM2545343",3369
"Slc6a7","GSM2545343",423
"Col4a5","GSM2545343",602
"Gm8013","GSM2545343",8
"Clpx","GSM2545343",2162
"Dffb","GSM2545343",461
"Senp3","GSM2545343",3086
"Hhex","GSM2545343",39
"Per2","GSM2545343",3744
"Rnpep","GSM2545343",1744
"Ttll1","GSM2545343",754
"Ppp1r1c","GSM2545343",12
"Moxd1","GSM2545343",397
"Susd6","GSM2545343",5881
"Ighm","GSM2545343",124
"Fam131a","GSM2545343",4494
"Zfp92","GSM2545343",43
"Kirrel","GSM2545343",574
"Npsr1","GSM2545343",4
"Kcnj16","GSM2545343",1244
"Atg10","GSM2545343",267
"Vwc2l","GSM2545343",74
"Sox14","GSM2545343",29
"Zc3h3","GSM2545343",604
"Gak","GSM2545343",4859
"Tox2","GSM2545343",207
"Tenm2","GSM2545343",830
"Begain","GSM2545343",969
"Dsc3","GSM2545343",8
"Fbll1","GSM2545343",348
"Dnah7a","GSM2545343",12
"Gm3764","GSM2545343",4879
"Strip1","GSM2545343",3674
"Nmnat3","GSM2545343",31
"Lims2","GSM2545343",508
"Fam43b","GSM2545343",211
"Ccnl2","GSM2545343",12869
"Gm11627","GSM2545343",8
"Rabl2","GSM2545343",1203
"Kcnj3","GSM2545343",6194
"Zfp36","GSM2545343",432
"Slc2a1","GSM2545343",6529
"Cnksr3","GSM2545343",3452
"AW551984","GSM2545343",302
"Hykk","GSM2545343",247
"Rnasel","GSM2545343",110
"Shc1","GSM2545343",511
"Ppp1r12c","GSM2545343",3938
"Syne4","GSM2545343",458
"Arrdc2","GSM2545343",1031
"Usp28","GSM2545343",3412
"Slfn4","GSM2545343",8
"Pomt2","GSM2545343",1631
"Gm10432","GSM2545343",104
"Cngb1","GSM2545343",17
"Dot1l","GSM2545343",8672
"Gmnn","GSM2545343",101
"Ccdc160","GSM2545343",50
"Ptpn5","GSM2545343",888
"Mal2","GSM2545343",393
"Arap3","GSM2545343",344
"Mib2","GSM2545343",3201
"Itgb1bp2","GSM2545343",69
"Stk32b","GSM2545343",63
"Dgkb","GSM2545343",1346
"Pcgf6","GSM2545343",1501
"Serinc2","GSM2545343",1122
"Arhgef37","GSM2545343",961
"Ltf","GSM2545343",28
"Timp2","GSM2545343",3869
"Snora41","GSM2545343",31
"F3","GSM2545343",3212
"Tgfbi","GSM2545343",317
"Rab44","GSM2545343",4
"Lclat1","GSM2545343",1196
"Arid5b","GSM2545343",2809
"Col25a1","GSM2545343",262
"Inpp5b","GSM2545343",3193
"Dhfr","GSM2545343",343
"Phkg2","GSM2545343",2321
"Bcl11a","GSM2545343",568
"Nr2f1","GSM2545343",1796
"Trhr","GSM2545343",45
"Msc","GSM2545343",14
"Mndal","GSM2545343",278
"Pou3f2","GSM2545343",597
"Gm9962","GSM2545343",22
"Atg16l2","GSM2545343",1345
"Gm16425","GSM2545343",8
"Ap1m1","GSM2545343",2458
"Trpv3","GSM2545343",14
"Inpp5k","GSM2545343",2772
"D11Wsu47e","GSM2545343",322
"Fkbp1b","GSM2545343",325
"Syvn1","GSM2545343",2695
"Aldh3a2","GSM2545343",3394
"Dtd2","GSM2545343",249
"Pcdh19","GSM2545343",325
"Gm5526","GSM2545343",23
"Nsun5","GSM2545343",768
"Hrh2","GSM2545343",239
"Lmbr1l","GSM2545343",758
"Pkn1","GSM2545343",1399
"Nptx2","GSM2545343",88
"Ctxn1","GSM2545343",261
"Rp1","GSM2545343",1
"Gm7357","GSM2545343",7
"Mrpl15","GSM2545343",1409
"Lypla1","GSM2545343",2436
"Tcea1","GSM2545343",3760
"Gm6104","GSM2545343",1
"Atp6v1h","GSM2545343",5342
"Oprk1","GSM2545343",81
"Npbwr1","GSM2545343",2
"Rb1cc1","GSM2545343",6680
"Gm2147","GSM2545343",1
"Gm26901","GSM2545343",3
"Sntg1","GSM2545343",466
"Gm6187","GSM2545343",0
"Rrs1","GSM2545343",697
"Mcmdc2","GSM2545343",42
"Snhg6","GSM2545343",303
"Snord87","GSM2545343",4
"Tcf24","GSM2545343",7
"Ppp1r42","GSM2545343",23
"Arfgef1","GSM2545343",6203
"Cpa6","GSM2545343",2
"Ncoa2","GSM2545343",5087
"Tram1","GSM2545343",1908
"Gm5523","GSM2545343",3
"Eya1","GSM2545343",358
"Smt3h2-ps4","GSM2545343",2
"Trpa1","GSM2545343",0
"Gm10566","GSM2545343",5
"Terf1","GSM2545343",692
"Rdh10","GSM2545343",1064
"Stau2","GSM2545343",3930
"Ly96","GSM2545343",30
"Jph1","GSM2545343",1620
"Gdap1","GSM2545343",6220
"Rbm6-ps1","GSM2545343",10
"Pi15","GSM2545343",35
"Gm28154","GSM2545343",25
"Gm16070","GSM2545343",5
"Gm15825","GSM2545343",3
"Tfap2d","GSM2545343",365
"Tfap2b","GSM2545343",2005
"Pkhd1","GSM2545343",0
"Mir133b","GSM2545343",5
"Il17f","GSM2545343",0
"Paqr8","GSM2545343",20016
"Tram2","GSM2545343",28
"Gm7658","GSM2545343",2
"Gm7761","GSM2545343",11
"Mir30c-2","GSM2545343",16
"Ogfrl1","GSM2545343",10242
"Smap1","GSM2545343",3510
"Fam135a","GSM2545343",3521
"Col19a1","GSM2545343",1267
"Lmbrd1","GSM2545343",10898
"Gm20172","GSM2545343",1
"Gm29214","GSM2545343",5
"Gm7846","GSM2545343",9
"Gm5525","GSM2545343",20
"Phf3","GSM2545343",4705
"Khdrbs2","GSM2545343",295
"Gm5415","GSM2545343",3
"Zfp451","GSM2545343",1599
"Gm15455","GSM2545343",7
"Bend6","GSM2545343",10362
"Ptpn18","GSM2545343",60
"Cfc1","GSM2545343",5
"Amer3","GSM2545343",2359
"Fam168b","GSM2545343",13001
"Gm33222","GSM2545343",6
"Kansl3","GSM2545343",4374
"Fer1l5","GSM2545343",3
"Cnnm4","GSM2545343",1345
"Sema4c","GSM2545343",1215
"Cox5b","GSM2545343",6593
"Zap70","GSM2545343",26
"Tmem131","GSM2545343",4016
"Cnga3","GSM2545343",5
"Unc50","GSM2545343",1691
"Lipt1","GSM2545343",112
"Mrpl30","GSM2545343",1375
"Lyg2","GSM2545343",8
"Txndc9","GSM2545343",2280
"Eif5b","GSM2545343",4232
"Gm16150","GSM2545343",26
"Gm16152","GSM2545343",7
"Pdcl3","GSM2545343",1246
"Rpl31","GSM2545343",3162
"Tbc1d8","GSM2545343",2264
"Cnot11","GSM2545343",1560
"Snord89","GSM2545343",19
"Rnf149","GSM2545343",1217
"Rfx8","GSM2545343",11
"Gm16894","GSM2545343",25
"Il1rl2","GSM2545343",22
"Il1rl1","GSM2545343",15
"Il18r1","GSM2545343",0
"Slc9a4","GSM2545343",11
"Mfsd9","GSM2545343",185
"Tmem182","GSM2545343",8
"Gm28175","GSM2545343",25
"Pantr1","GSM2545343",308
"Pou3f3","GSM2545343",1485
"Pantr2","GSM2545343",32
"Mrps9","GSM2545343",1380
"Gpr45","GSM2545343",108
"Tgfbrap1","GSM2545343",2820
"Fhl2","GSM2545343",142
"Nck2","GSM2545343",921
"Uxs1","GSM2545343",1704
"Gm16103","GSM2545343",1
"Tpp2","GSM2545343",3255
"Tex30","GSM2545343",262
"Bivm","GSM2545343",1163
"Gulp1","GSM2545343",291
"Wdr75","GSM2545343",1433
"Dnah7b","GSM2545343",817
"Gm4852","GSM2545343",6
"Gm8337","GSM2545343",19
"Nabp1","GSM2545343",439
"Gm17767","GSM2545343",4
"Myo1b","GSM2545343",971
"Stat4","GSM2545343",5
"Stat1","GSM2545343",1594
"Gls","GSM2545343",14527
"Rps27a-ps1","GSM2545343",2
"Gm28178","GSM2545343",0
"Inpp1","GSM2545343",3694
"Mstn","GSM2545343",29
"Asnsd1","GSM2545343",787
"Gtf3c3","GSM2545343",1219
"Pgap1","GSM2545343",2224
"Gm19637","GSM2545343",1
"Ankrd44","GSM2545343",790
"Sf3b1","GSM2545343",19215
"Gm6822","GSM2545343",12
"Boll","GSM2545343",3
"Gm8292","GSM2545343",11
"Plcl1","GSM2545343",1164
"Gm6644","GSM2545343",1
"Satb2","GSM2545343",39
"BC055402","GSM2545343",1
"Tyw5","GSM2545343",563
"Spats2l","GSM2545343",432
"Aox4","GSM2545343",6
"Aox2","GSM2545343",3
"Bzw1","GSM2545343",9887
"Clk1","GSM2545343",9448
"Ppil3","GSM2545343",448
"Nif3l1","GSM2545343",870
"Cflar","GSM2545343",1310
"Casp8","GSM2545343",104
"Stradb","GSM2545343",1311
"Tmem237","GSM2545343",1127
"Cdk15","GSM2545343",10
"Fzd7","GSM2545343",2263
"Sumo1","GSM2545343",3489
"Fam117b","GSM2545343",4237
"Wdr12","GSM2545343",1238
"Nbeal1","GSM2545343",1956
"Abi2","GSM2545343",5329
"Cd28","GSM2545343",66
"Gm11581","GSM2545343",3
"Icos","GSM2545343",1
"Nrp2","GSM2545343",490
"Gm4208","GSM2545343",0
"Ndufs1","GSM2545343",7996
"Eef1b2","GSM2545343",4392
"Gpr1","GSM2545343",5
"Gm11605","GSM2545343",6
"Adam23","GSM2545343",7154
"Dytn","GSM2545343",2
"Mdh1b","GSM2545343",22
"Gm13748","GSM2545343",6
"Ccnyl1","GSM2545343",639
"Plekhm3","GSM2545343",1953
"Rpl10a-ps1","GSM2545343",24
"Cryga","GSM2545343",1
"Pikfyve","GSM2545343",3025
"Map2","GSM2545343",27550
"Unc80","GSM2545343",20876
"Kansl1l","GSM2545343",1482
"Acadl","GSM2545343",2225
"Gm15793","GSM2545343",0
"Spag16","GSM2545343",96
"Bard1","GSM2545343",22
"Abca12","GSM2545343",5
"Atic","GSM2545343",990
"Fn1","GSM2545343",3963
"Gm5256","GSM2545343",1
"Tmem169","GSM2545343",715
"Xrcc5","GSM2545343",813
"Smarcal1","GSM2545343",3224
"Igfbp2","GSM2545343",2872
"Gm29183","GSM2545343",1
"Rufy4","GSM2545343",1
"Cxcr2","GSM2545343",4
"Arpc2","GSM2545343",4754
"Aamp","GSM2545343",5097
"Tmbim1","GSM2545343",1993
"Catip","GSM2545343",83
"Zfp142","GSM2545343",2185
"Rnf25","GSM2545343",1700
"Ttll4","GSM2545343",2300
"Prkag3","GSM2545343",11
"Gm29539","GSM2545343",2
"Wnt10a","GSM2545343",11
"Ihh","GSM2545343",6
"Slc23a3","GSM2545343",1
"Zfand2b","GSM2545343",462
"Ankzf1","GSM2545343",1308
"Glb1l","GSM2545343",471
"Ptprn","GSM2545343",5622
"Des","GSM2545343",59
"Asic4","GSM2545343",112
"Chpf","GSM2545343",2423
"Obsl1","GSM2545343",992
"Stk11ip","GSM2545343",1329
"Slc4a3","GSM2545343",3985
"Epha4","GSM2545343",1159
"Pax3","GSM2545343",323
"Mogat1","GSM2545343",4
"Kcne4","GSM2545343",48
"Gm5830","GSM2545343",8
"Scg2","GSM2545343",8968
"Mrpl44","GSM2545343",856
"Gm5529","GSM2545343",12
"Fam124b","GSM2545343",2
"Cul3","GSM2545343",7947
"Nyap2","GSM2545343",1256
"Rhbdd1","GSM2545343",558
"Col4a4","GSM2545343",106
"Col4a3","GSM2545343",115
"Mff","GSM2545343",8678
"Daw1","GSM2545343",36
"Trip12","GSM2545343",8017
"Fbxo36","GSM2545343",130
"Slc16a14","GSM2545343",319
"Gm15433","GSM2545343",0
"Rpl19-ps1","GSM2545343",2
"Sp110","GSM2545343",38
"Sp140","GSM2545343",45
"Sp100","GSM2545343",184
"Cab39","GSM2545343",9609
"Gpr55","GSM2545343",2
"Spata3","GSM2545343",18
"Htr2b","GSM2545343",2
"Armc9","GSM2545343",873
"B3gnt7","GSM2545343",11
"Snora75","GSM2545343",13
"Nmur1","GSM2545343",17
"Dis3l2","GSM2545343",973
"Gm6136","GSM2545343",19
"Ecel1","GSM2545343",46
"Prss56","GSM2545343",5
"Kcnj13","GSM2545343",724
"Inpp5d","GSM2545343",218
"Scarna6","GSM2545343",9
"Sag","GSM2545343",11
"Dgkd","GSM2545343",12545
"Gm19582","GSM2545343",56
"Usp40","GSM2545343",1632
"Ugt1a7c","GSM2545343",11
"Dnajb3","GSM2545343",33
"Mroh2a","GSM2545343",23
"Spp2","GSM2545343",5
"Gm29538","GSM2545343",8
"Glrp1","GSM2545343",4
"Sh3bp4","GSM2545343",631
"Gbx2","GSM2545343",2
"Iqca","GSM2545343",27
"Ackr3","GSM2545343",392
"Col6a3","GSM2545343",105
"Rab17","GSM2545343",1
"Ube2f","GSM2545343",1672
"Klhl30","GSM2545343",8
"Twist2","GSM2545343",2
"Hdac4","GSM2545343",2018
"Ndufa10","GSM2545343",5413
"Mir149","GSM2545343",0
"Ankmy1","GSM2545343",26
"Rnpepl1","GSM2545343",1460
"Capn10","GSM2545343",1324
"Gpr35","GSM2545343",51
"Pask","GSM2545343",283
"Hdlbp","GSM2545343",8875
"Farp2","GSM2545343",360
"Stk25","GSM2545343",6850
"Thap4","GSM2545343",584
"D2hgdh","GSM2545343",467
"Pdcd1","GSM2545343",2
"Gm7895","GSM2545343",18
"Fam174a","GSM2545343",1871
"Slco4c1","GSM2545343",16
"Panct2","GSM2545343",22
"Gm6430","GSM2545343",0
"Gin1","GSM2545343",502
"Pam","GSM2545343",2132
"Cntnap5b","GSM2545343",903
"Cdh20","GSM2545343",1038
"Pign","GSM2545343",1102
"Gm10193","GSM2545343",2
"Tnfrsf11a","GSM2545343",104
"Gm7160","GSM2545343",18
"Gm20753","GSM2545343",8
"Bcl2","GSM2545343",797
"Vps4b","GSM2545343",2367
"Serpinb5","GSM2545343",3
"Serpinb10","GSM2545343",1
"Gm8141","GSM2545343",11
"Cdh7","GSM2545343",2203
"Cdh19","GSM2545343",609
"Gm8173","GSM2545343",2
"Dsel","GSM2545343",416
"Gm6028","GSM2545343",1
"Nifk","GSM2545343",1035
"Clasp1","GSM2545343",3532
"Inhbb","GSM2545343",253
"Gm3551","GSM2545343",1
"Gm28209","GSM2545343",2
"Cfap221","GSM2545343",8
"Sctr","GSM2545343",4
"Tmem37","GSM2545343",45
"En1","GSM2545343",253
"Insig2","GSM2545343",2650
"Ccdc93","GSM2545343",1498
"Htr5b","GSM2545343",4
"Ddx18","GSM2545343",972
"Actr3","GSM2545343",6951
"Slc35f5","GSM2545343",857
"Gpr39","GSM2545343",0
"Mgat5","GSM2545343",3846
"Gm8451","GSM2545343",27
"Tmem163","GSM2545343",2875
"Acmsd","GSM2545343",2
"Zranb3","GSM2545343",202
"Gm28800","GSM2545343",0
"Rpl28-ps1","GSM2545343",28
"Mir128-1","GSM2545343",2
"Lct","GSM2545343",13
"Gm6170","GSM2545343",28
"Thsd7b","GSM2545343",55
"Gm29428","GSM2545343",0
"Cd55","GSM2545343",304
"Gm16083","GSM2545343",15
"C4bp-ps1","GSM2545343",13
"Yod1","GSM2545343",656
"Fcamr","GSM2545343",0
"Dyrk3","GSM2545343",156
"Ikbke","GSM2545343",90
"Srgap2","GSM2545343",9628
"Slc26a9","GSM2545343",1
"Pm20d1","GSM2545343",219
"Rab29","GSM2545343",204
"Cdk18","GSM2545343",704
"Gm29695","GSM2545343",237
"Lemd1","GSM2545343",23
"Gm7241","GSM2545343",1
"Klhdc8a","GSM2545343",838
"Lrrn2","GSM2545343",3309
"Gm29257","GSM2545343",5
"Gm28609","GSM2545343",6
"Plekha6","GSM2545343",4727
"Ren1","GSM2545343",7
"Sox13","GSM2545343",347
"Zbed6","GSM2545343",2761
"Lax1","GSM2545343",5
"Optc","GSM2545343",32
"Prelp","GSM2545343",1393
"Gm8618","GSM2545343",0
"Mybph","GSM2545343",13
"Myog","GSM2545343",0
"Ppfia4","GSM2545343",12352
"Tmem183a","GSM2545343",3466
"Kdm5b","GSM2545343",2408
"Ppp1r12b","GSM2545343",3903
"Ube2t","GSM2545343",67
"Ptprv","GSM2545343",6
"Timm17a","GSM2545343",1842
"Csrp1","GSM2545343",10502
"Tnni1","GSM2545343",102
"Lad1","GSM2545343",30
"Pkp1","GSM2545343",2
"Ascl5","GSM2545343",0
"Cacna1s","GSM2545343",31
"Gm15850","GSM2545343",2
"Kif21b","GSM2545343",1616
"Camsap2","GSM2545343",8416
"Kif14","GSM2545343",16
"Gm29485","GSM2545343",2
"Gm19705","GSM2545343",22
"Mif-ps1","GSM2545343",2
"Nr5a2","GSM2545343",0
"Ptprc","GSM2545343",107
"Lhx9","GSM2545343",465
"Dennd1b","GSM2545343",1084
"Crb1","GSM2545343",15
"Zbtb41","GSM2545343",1847
"Cfhr2","GSM2545343",3
"Gm5837","GSM2545343",4
"Kcnt2","GSM2545343",81
"Gm5835","GSM2545343",26
"Cdc73","GSM2545343",986
"B3galt2","GSM2545343",1145
"Glrx2","GSM2545343",2337
"Rgs1","GSM2545343",4
"Gm7266","GSM2545343",3
"Rgs18","GSM2545343",4
"Brinp3","GSM2545343",1062
"Ptgs2os","GSM2545343",2
"Ptgs2","GSM2545343",32
"Tpr","GSM2545343",5989
"Swt1","GSM2545343",805
"Mir7682","GSM2545343",4
"Rnf2","GSM2545343",1917
"Gm36527","GSM2545343",3
"Edem3","GSM2545343",4130
"Tsen15","GSM2545343",679
"Colgalt2","GSM2545343",176
"Rgl1","GSM2545343",1445
"Arpc5","GSM2545343",2745
"Ncf2","GSM2545343",92
"Nmnat2","GSM2545343",10455
"Lamc2","GSM2545343",69
"Dhx9","GSM2545343",5830
"Rgs16","GSM2545343",820
"Rgsl1","GSM2545343",13
"Zfp648","GSM2545343",7
"Gm9530","GSM2545343",14
"Stx6","GSM2545343",2013
"Xpr1","GSM2545343",4092
"Gm5532","GSM2545343",5
"Acbd6","GSM2545343",945
"Lhx4","GSM2545343",0
"Cep350","GSM2545343",3901
"Fam163a","GSM2545343",70
"Tdrd5","GSM2545343",74
"Nphs2","GSM2545343",14
"Gm2000","GSM2545343",19
"Soat1","GSM2545343",859
"Abl2","GSM2545343",2256
"Fam20b","GSM2545343",3500
"Ralgps2","GSM2545343",2354
"Angptl1","GSM2545343",8
"Rasal2","GSM2545343",2628
"Brinp2","GSM2545343",1462
"Gm4953","GSM2545343",1
"Gm31256","GSM2545343",0
"Rabgap1l","GSM2545343",6892
"Gm6177","GSM2545343",1
"Rc3h1","GSM2545343",3776
"Serpinc1","GSM2545343",3
"Snord47","GSM2545343",29
"Dars2","GSM2545343",787
"Cenpl","GSM2545343",134
"Fasl","GSM2545343",12
"Dnm3","GSM2545343",10971
"Dnm3os","GSM2545343",14
"Prrc2c","GSM2545343",7023
"Fmo2","GSM2545343",194
"Mettl11b","GSM2545343",6
"BC055324","GSM2545343",125
"Sele","GSM2545343",0
"Selp","GSM2545343",0
"F5","GSM2545343",909
"Nme7","GSM2545343",431
"Atp1b1","GSM2545343",60083
"Gm26685","GSM2545343",4
"Dpt","GSM2545343",2
"Gm20743","GSM2545343",223
"Sft2d2","GSM2545343",1467
"Tiprl","GSM2545343",2268
"Rcsd1","GSM2545343",277
"Gm32999","GSM2545343",0
"Dusp27","GSM2545343",14
"Mael","GSM2545343",6
"Gm16418","GSM2545343",11
"Gm16701","GSM2545343",203
"Aldh9a1","GSM2545343",1737
"Mgst3","GSM2545343",2115
"Lrrc52","GSM2545343",5
"Rxrg","GSM2545343",27
"Lmx1a","GSM2545343",94
"Pbx1","GSM2545343",4357
"Asl","GSM2545344",586
"Apod","GSM2545344",13230
"Cyp2d22","GSM2545344",2254
"Klk6","GSM2545344",537
"Fcrls","GSM2545344",199
"Slc2a4","GSM2545344",266
"Exd2","GSM2545344",2379
"Gjc2","GSM2545344",454
"Plp1","GSM2545344",61356
"Gnb4","GSM2545344",1394
"Tnc","GSM2545344",479
"Trf","GSM2545344",13512
"Tubb2b","GSM2545344",2886
"Fads1","GSM2545344",6488
"Lxn","GSM2545344",1927
"Prr18","GSM2545344",1580
"Cmtm5","GSM2545344",1584
"Enpp1","GSM2545344",453
"Clic4","GSM2545344",6341
"Tm6sf2","GSM2545344",106
"Slc20a2","GSM2545344",5125
"Itih3","GSM2545344",3736
"Ptn","GSM2545344",5478
"Prodh","GSM2545344",1419
"Msantd1","GSM2545344",162
"Ugt8a","GSM2545344",2535
"Fbln5","GSM2545344",586
"Trp53inp2","GSM2545344",8813
"Slc7a3","GSM2545344",310
"Dnase1l2","GSM2545344",345
"Icosl","GSM2545344",524
"Rmnd1","GSM2545344",991
"Tssk5","GSM2545344",114
"Pycr1","GSM2545344",53
"Pla2g3","GSM2545344",202
"Vmn2r1","GSM2545344",34
"Gm29797","GSM2545344",93
"Phyhd1","GSM2545344",1245
"Gpr146","GSM2545344",901
"Mag","GSM2545344",5203
"Tufm","GSM2545344",1636
"Igdcc4","GSM2545344",2338
"Gm10654","GSM2545344",134
"Ncmap","GSM2545344",42
"Etv4","GSM2545344",305
"Fabp7","GSM2545344",347
"Cpsf4l","GSM2545344",52
"Hexa","GSM2545344",1382
"Mfge8","GSM2545344",1624
"Ccdc136","GSM2545344",3608
"Glul","GSM2545344",49705
"Hopx","GSM2545344",4433
"Pigq","GSM2545344",3524
"Vps11","GSM2545344",2744
"Proca1","GSM2545344",200
"Fbxl22","GSM2545344",136
"Sfxn5","GSM2545344",8280
"Hexim2","GSM2545344",429
"Agt","GSM2545344",3878
"Rlbp1","GSM2545344",255
"Jam2","GSM2545344",3357
"Lcat","GSM2545344",1832
"Oxct1","GSM2545344",13027
"Cacna1e","GSM2545344",7975
"Fa2h","GSM2545344",1391
"Plxnb3","GSM2545344",971
"Lman2l","GSM2545344",1274
"Dpy19l1","GSM2545344",2198
"Kctd21","GSM2545344",778
"Thra","GSM2545344",9402
"Dok3","GSM2545344",154
"Sult1a1","GSM2545344",513
"Rpe","GSM2545344",1112
"Acrbp","GSM2545344",358
"Slc2a9","GSM2545344",70
"Emp2","GSM2545344",1046
"Aipl1","GSM2545344",17
"Uri1","GSM2545344",1935
"Bcs1l","GSM2545344",392
"Rbm3","GSM2545344",4614
"Tra2a","GSM2545344",4147
"Prex1","GSM2545344",3961
"Josd2","GSM2545344",1323
"Tmco3","GSM2545344",1408
"Srebf1","GSM2545344",2030
"Acer2","GSM2545344",609
"Tsga10","GSM2545344",325
"Cyp3a13","GSM2545344",84
"Relt","GSM2545344",591
"Nrep","GSM2545344",31271
"Slc14a1","GSM2545344",1356
"Pnpla2","GSM2545344",1185
"Map6d1","GSM2545344",1821
"Ier5","GSM2545344",802
"Bfsp2","GSM2545344",86
"Idi1","GSM2545344",462
"Kat2b","GSM2545344",5532
"Rmdn3","GSM2545344",4193
"Eif4b","GSM2545344",8108
"Grm4","GSM2545344",13203
"Pink1","GSM2545344",14648
"Mettl16","GSM2545344",996
"Fam193b","GSM2545344",2671
"Rtca","GSM2545344",1262
"Fgfbp1","GSM2545344",40
"Pigs","GSM2545344",2236
"Cfp","GSM2545344",856
"Desi1","GSM2545344",5130
"Gbp4","GSM2545344",99
"Nid1","GSM2545344",875
"Armcx5","GSM2545344",570
"Cryab","GSM2545344",2913
"Prss53","GSM2545344",155
"Car4","GSM2545344",5176
"Gm6277","GSM2545344",149
"Amt","GSM2545344",1022
"Zc3h6","GSM2545344",1219
"Aqp4","GSM2545344",17528
"Tmem198b","GSM2545344",620
"Abi3bp","GSM2545344",986
"Xpa","GSM2545344",399
"Aldh6a1","GSM2545344",3796
"Adam1a","GSM2545344",569
"Dynlt1a","GSM2545344",469
"Gatm","GSM2545344",4068
"H2-Q4","GSM2545344",153
"Nras","GSM2545344",1488
"Pla2g4e","GSM2545344",266
"Lpar1","GSM2545344",1617
"Il12rb1","GSM2545344",41
"Enpp6","GSM2545344",463
"Ermn","GSM2545344",3976
"Marcksl1","GSM2545344",715
"Ubqln4","GSM2545344",3268
"Glt8d1","GSM2545344",1232
"Ddx25","GSM2545344",1266
"Gpr17","GSM2545344",618
"Cat","GSM2545344",1977
"Wwox","GSM2545344",804
"Phkg1","GSM2545344",624
"Ppp1r3f","GSM2545344",906
"Mrpl35","GSM2545344",1173
"Nudt9","GSM2545344",1441
"Lypd6","GSM2545344",1097
"Spice1","GSM2545344",693
"Tuba8","GSM2545344",1250
"Spon1","GSM2545344",4041
"Nfya","GSM2545344",1056
"Sc5d","GSM2545344",3427
"Aldh18a1","GSM2545344",809
"Ebp","GSM2545344",987
"Srr","GSM2545344",2559
"Gm14827","GSM2545344",368
"Gm31135","GSM2545344",27
"Adam17","GSM2545344",1013
"Slc39a2","GSM2545344",747
"Snn","GSM2545344",4539
"Hnrnpc","GSM2545344",8948
"Srbd1","GSM2545344",466
"Ptp4a1","GSM2545344",1336
"Tppp","GSM2545344",9422
"Stac3","GSM2545344",102
"Emid1","GSM2545344",309
"Cotl1","GSM2545344",2918
"Ovgp1","GSM2545344",581
"Ssx2ip","GSM2545344",2854
"Hsd3b7","GSM2545344",692
"Kazald1","GSM2545344",213
"Omd","GSM2545344",140
"Bcas1","GSM2545344",5554
"Gm9925","GSM2545344",412
"Dleu2","GSM2545344",443
"Chil3","GSM2545344",67
"Deaf1","GSM2545344",1889
"Dusp19","GSM2545344",321
"Gkn3","GSM2545344",41
"Pllp","GSM2545344",982
"Sox2ot","GSM2545344",873
"Ntf3","GSM2545344",160
"Lum","GSM2545344",197
"Gm20751","GSM2545344",75
"Thnsl2","GSM2545344",147
"Slc2a4rg-ps","GSM2545344",510
"Agpat5","GSM2545344",3348
"Mdk","GSM2545344",693
"Penk","GSM2545344",3068
"Cirbp","GSM2545344",2398
"Aloxe3","GSM2545344",370
"Nudt5","GSM2545344",492
"Serpinb1a","GSM2545344",391
"Mt1","GSM2545344",8292
"Fgfr3","GSM2545344",3922
"Myo1d","GSM2545344",655
"Cd99l2","GSM2545344",3268
"C2cd2","GSM2545344",818
"Brsk2","GSM2545344",5882
"Mrrf","GSM2545344",499
"Snhg4","GSM2545344",225
"Hmgcs1","GSM2545344",5065
"Stk17b","GSM2545344",4042
"Cyp51","GSM2545344",1800
"Gria4","GSM2545344",21834
"Ttyh1","GSM2545344",21688
"Slc13a1","GSM2545344",124
"Phf7","GSM2545344",155
"Get4","GSM2545344",1149
"Gstm1","GSM2545344",7818
"Fbxo31","GSM2545344",2219
"Padi2","GSM2545344",847
"Gnmt","GSM2545344",179
"Paip2b","GSM2545344",3971
"Slc17a9","GSM2545344",18
"Vopp1","GSM2545344",1464
"Ogdhl","GSM2545344",3900
"Dcaf12","GSM2545344",2301
"Rorc","GSM2545344",1195
"Cp","GSM2545344",1395
"Jade2","GSM2545344",2108
"Nbl1","GSM2545344",2383
"Hsph1","GSM2545344",5577
"Serf2","GSM2545344",3210
"Rasgef1a","GSM2545344",3517
"Prrg1","GSM2545344",459
"Etnppl","GSM2545344",6184
"Cyp4f15","GSM2545344",166
"Ankrd29","GSM2545344",1224
"Gm27252","GSM2545344",80
"Kctd2","GSM2545344",2924
"Iigp1","GSM2545344",93
"Ak4","GSM2545344",4665
"Idh2","GSM2545344",1208
"Camkk1","GSM2545344",2495
"Rftn2","GSM2545344",1168
"Igtp","GSM2545344",170
"Bche","GSM2545344",314
"Marcks","GSM2545344",5365
"Pabpc4","GSM2545344",688
"Pmp22","GSM2545344",1256
"Car14","GSM2545344",758
"Serpinh1","GSM2545344",1054
"Ppp1r13b","GSM2545344",2535
"Tfrc","GSM2545344",5414
"Smox","GSM2545344",2194
"Tjap1","GSM2545344",765
"Msmo1","GSM2545344",1567
"Slc26a8","GSM2545344",84
"Eml3","GSM2545344",1017
"Csf2ra","GSM2545344",515
"Rnf141","GSM2545344",2772
"Slc25a16","GSM2545344",1330
"Echdc1","GSM2545344",1310
"Eid2b","GSM2545344",843
"Piga","GSM2545344",501
"Ccdc149","GSM2545344",919
"Car15","GSM2545344",596
"Eny2","GSM2545344",2542
"Mroh1","GSM2545344",3600
"Pcyox1l","GSM2545344",628
"Ankrd39","GSM2545344",419
"Timeless","GSM2545344",354
"Sparc","GSM2545344",36234
"Slc7a10","GSM2545344",1505
"Ppp1r2","GSM2545344",4257
"Psmf1","GSM2545344",1120
"Adat1","GSM2545344",273
"Slc6a12","GSM2545344",194
"Snhg3","GSM2545344",202
"Prg4","GSM2545344",396
"Plod1","GSM2545344",785
"Whamm","GSM2545344",949
"Ttpa","GSM2545344",435
"Thbs3","GSM2545344",182
"Gltp","GSM2545344",1336
"Pex6","GSM2545344",1545
"Aim2","GSM2545344",159
"Ednrb","GSM2545344",5308
"Nuf2","GSM2545344",121
"Mog","GSM2545344",2161
"Ccl27a","GSM2545344",1729
"Tac4","GSM2545344",14
"Snhg8","GSM2545344",324
"Ak6","GSM2545344",304
"Kctd20","GSM2545344",2481
"Itgb4","GSM2545344",579
"Zfp810","GSM2545344",560
"Gm33489","GSM2545344",197
"Gna12","GSM2545344",1437
"Cyp4v3","GSM2545344",663
"Pkp4","GSM2545344",10844
"Agpat1","GSM2545344",2287
"Gipr","GSM2545344",27
"Edn3","GSM2545344",233
"Prr15","GSM2545344",31
"Traf1","GSM2545344",170
"Pim2","GSM2545344",1062
"Lrrc8a","GSM2545344",3041
"Erp44","GSM2545344",1682
"Tmem33","GSM2545344",5651
"Fen1","GSM2545344",586
"Tfap4","GSM2545344",344
"Lman2","GSM2545344",3123
"Senp8","GSM2545344",268
"Alg14","GSM2545344",645
"Ddah1","GSM2545344",3863
"Pomt1","GSM2545344",627
"Rab3b","GSM2545344",360
"Lrrc29","GSM2545344",71
"Nqo1","GSM2545344",389
"Gpr137b","GSM2545344",513
"Pcif1","GSM2545344",2015
"Qdpr","GSM2545344",4518
"Dcdc2b","GSM2545344",299
"Rap2a","GSM2545344",2074
"Cnpy4","GSM2545344",478
"Wdr41","GSM2545344",1492
"Gm20627","GSM2545344",43
"Mmaa","GSM2545344",1422
"Gm13562","GSM2545344",20
"Cd70","GSM2545344",30
"Itm2a","GSM2545344",1587
"Avil","GSM2545344",58
"Zscan22","GSM2545344",474
"Itgb3","GSM2545344",77
"Col11a2","GSM2545344",477
"Apoc1","GSM2545344",89
"Tmeff2","GSM2545344",1909
"Tyro3","GSM2545344",6441
"Ift22","GSM2545344",1023
"Mtmr7","GSM2545344",2428
"Gabrr2","GSM2545344",81
"Ube2v2","GSM2545344",1934
"C77080","GSM2545344",1212
"Elovl5","GSM2545344",4277
"Serinc5","GSM2545344",2278
"Pyroxd2","GSM2545344",174
"Ypel2","GSM2545344",1843
"Parp3","GSM2545344",326
"Xpo1","GSM2545344",5449
"Polr2a","GSM2545344",5129
"Tspyl4","GSM2545344",25615
"Irgm1","GSM2545344",351
"Cep131","GSM2545344",791
"Sema4d","GSM2545344",3414
"Gbp6","GSM2545344",219
"Zfp119b","GSM2545344",256
"Eps15","GSM2545344",12452
"Pxmp2","GSM2545344",193
"Tomm40l","GSM2545344",1706
"Atat1","GSM2545344",956
"Chrac1","GSM2545344",365
"Mrpl24","GSM2545344",1453
"Ipo9","GSM2545344",6290
"Actg1","GSM2545344",6195
"Noxred1","GSM2545344",87
"Gm20501","GSM2545344",127
"H2-K1","GSM2545344",910
"Lig1","GSM2545344",547
"Morn2","GSM2545344",272
"Dcakd","GSM2545344",915
"Nop14","GSM2545344",997
"Bbs1","GSM2545344",1469
"Tada2b","GSM2545344",1197
"Gal3st1","GSM2545344",224
"Xpc","GSM2545344",695
"Irf2bp2","GSM2545344",2390
"Spns2","GSM2545344",1758
"Pole","GSM2545344",60
"Fam78b","GSM2545344",1603
"Ggcx","GSM2545344",915
"Anks1","GSM2545344",2194
"Pgm2","GSM2545344",3373
"Zgrf1","GSM2545344",418
"Alkbh3","GSM2545344",436
"Dnd1","GSM2545344",48
"Lime1","GSM2545344",2332
"Trim23","GSM2545344",3905
"Abhd14a","GSM2545344",462
"Zkscan3","GSM2545344",1760
"Fam131b","GSM2545344",7618
"Elovl1","GSM2545344",633
"Trim72","GSM2545344",35
"Klhdc9","GSM2545344",101
"Iqck","GSM2545344",87
"Smim14","GSM2545344",5571
"Kcnab3","GSM2545344",1243
"Ing5","GSM2545344",545
"Cnnm3","GSM2545344",2032
"Fn3k","GSM2545344",1067
"Cnp","GSM2545344",12027
"Uros","GSM2545344",695
"Eml1","GSM2545344",2410
"Lgals3","GSM2545344",60
"Gjb1","GSM2545344",669
"Dynll1","GSM2545344",2149
"Cyp2j12","GSM2545344",123
"Crip3","GSM2545344",38
"Sbk1","GSM2545344",19338
"Camkk2","GSM2545344",10258
"Setd7","GSM2545344",17242
"Btf3l4","GSM2545344",1726
"Acbd4","GSM2545344",1187
"Gm16835","GSM2545344",192
"Gpr37","GSM2545344",1842
"Prr5l","GSM2545344",495
"Slain1","GSM2545344",1857
"Calr","GSM2545344",12803
"Bst1","GSM2545344",16
"Fmnl3","GSM2545344",343
"Gpr89","GSM2545344",608
"Zranb1","GSM2545344",5512
"Col27a1","GSM2545344",949
"Emc8","GSM2545344",2770
"Ormdl3","GSM2545344",2372
"Capg","GSM2545344",88
"Zbtb21","GSM2545344",846
"Sord","GSM2545344",730
"Tsc22d1","GSM2545344",8725
"Gpld1","GSM2545344",2799
"Cdh4","GSM2545344",601
"Hkdc1","GSM2545344",53
"Ggact","GSM2545344",1220
"Zfp493","GSM2545344",151
"Mkks","GSM2545344",1274
"Gm15423","GSM2545344",84
"Npas2","GSM2545344",248
"Plin4","GSM2545344",825
"Rragc","GSM2545344",2609
"Nsun3","GSM2545344",534
"Hgsnat","GSM2545344",2595
"Acr","GSM2545344",41
"Ccdc167","GSM2545344",1341
"Thap1","GSM2545344",350
"Egfl8","GSM2545344",87
"Vps33a","GSM2545344",4164
"Igbp1","GSM2545344",1154
"Tbx6","GSM2545344",61
"Dcst2","GSM2545344",17
"Rbm28","GSM2545344",2125
"Pms1","GSM2545344",391
"Rtcb","GSM2545344",3619
"Smad9","GSM2545344",1764
"Ubxn2b","GSM2545344",843
"Rnf170","GSM2545344",1522
"Pithd1","GSM2545344",2014
"Steap3","GSM2545344",58
"Tomm20","GSM2545344",7939
"Klf15","GSM2545344",1476
"Amz2","GSM2545344",1644
"Folh1","GSM2545344",717
"Ubfd1","GSM2545344",2651
"Gpx3","GSM2545344",495
"C4b","GSM2545344",672
"Mdfi","GSM2545344",396
"Nucb2","GSM2545344",252
"Clip4","GSM2545344",1388
"Tipin","GSM2545344",661
"Amy1","GSM2545344",712
"Efhd1","GSM2545344",1357
"Smim15","GSM2545344",1841
"Zfp658","GSM2545344",772
"E2f6","GSM2545344",1656
"Lix1","GSM2545344",374
"Coq4","GSM2545344",291
"Otoa","GSM2545344",44
"Mex3a","GSM2545344",187
"Tmem132c","GSM2545344",1056
"Dclk1","GSM2545344",17296
"Eml2","GSM2545344",2833
"Glyr1","GSM2545344",7418
"Gm1976","GSM2545344",343
"Smyd3","GSM2545344",1226
"Dcaf8","GSM2545344",6967
"Lias","GSM2545344",985
"Msn","GSM2545344",2692
"Timmdc1","GSM2545344",561
"H2-Q6","GSM2545344",35
"Asic3","GSM2545344",40
"Col5a3","GSM2545344",304
"Stx3","GSM2545344",2477
"AW046200","GSM2545344",174
"Hsf1","GSM2545344",1304
"Colq","GSM2545344",148
"Rcor3","GSM2545344",1275
"Slc6a20a","GSM2545344",670
"Prps1","GSM2545344",2002
"Keap1","GSM2545344",1868
"Tap2","GSM2545344",373
"Slc16a7","GSM2545344",1240
"Eif2b3","GSM2545344",512
"Flywch1","GSM2545344",10989
"Amigo2","GSM2545344",758
"Hspd1","GSM2545344",6960
"Sost","GSM2545344",41
"Gm8615","GSM2545344",23
"Kcnk13","GSM2545344",170
"Tspyl2","GSM2545344",4368
"Spsb3","GSM2545344",2035
"Gm8493","GSM2545344",34
"Fgf22","GSM2545344",70
"Slc6a6","GSM2545344",4369
"Xist","GSM2545344",39603
"Ddx3y","GSM2545344",1
"Eif2s3y","GSM2545344",0
"Kdm5d","GSM2545344",0
"Uty","GSM2545344",0
"Eif2s3x","GSM2545344",2367
"Kdm6a","GSM2545344",3155
"Casp12","GSM2545344",364
"Ddx3x","GSM2545344",22427
"Prl2c3","GSM2545344",90
"Casp1","GSM2545344",111
"Pbdc1","GSM2545344",527
"Kdm5c","GSM2545344",5016
"Ctxn2","GSM2545344",131
"Ldoc1","GSM2545344",438
"Gpr179","GSM2545344",30
"Pou4f1","GSM2545344",11
"Tmprss3","GSM2545344",48
"Prl2c2","GSM2545344",22
"Slc35b1","GSM2545344",1347
"Myoc","GSM2545344",252
"Cartpt","GSM2545344",15
"Tchh","GSM2545344",62
"H2-Q2","GSM2545344",15
"Ascl1","GSM2545344",80
"Crhr1","GSM2545344",2636
"Gm4017","GSM2545344",16
"Impg1","GSM2545344",57
"Rxfp3","GSM2545344",7
"AI504432","GSM2545344",1000
"Mpo","GSM2545344",12
"Oxtr","GSM2545344",20
"Usp2","GSM2545344",3631
"Lor","GSM2545344",13
"Srrm4","GSM2545344",3580
"Slc35g1","GSM2545344",137
"Tceal6","GSM2545344",1058
"Dach2","GSM2545344",89
"Lgr6","GSM2545344",328
"Kcna4","GSM2545344",214
"Zfyve28","GSM2545344",3038
"Hps4","GSM2545344",748
"Ucp3","GSM2545344",94
"Mettl17","GSM2545344",841
"Atg9b","GSM2545344",39
"Usp3","GSM2545344",4376
"Acta2","GSM2545344",222
"Wdr24","GSM2545344",577
"Zw10","GSM2545344",1369
"Ubtd2","GSM2545344",2051
"Slc6a4","GSM2545344",3
"Cog1","GSM2545344",1855
"S100a9","GSM2545344",173
"Nadk","GSM2545344",2253
"Col6a1","GSM2545344",418
"Susd2","GSM2545344",192
"Fam53b","GSM2545344",2092
"Npas1","GSM2545344",14
"Rhbdf1","GSM2545344",428
"Cacnb1","GSM2545344",747
"Zfp579","GSM2545344",825
"Dtx4","GSM2545344",919
"Chrm3","GSM2545344",70
"Plcl2","GSM2545344",1637
"Ptprj","GSM2545344",3449
"Cyhr1","GSM2545344",5430
"Stx5a","GSM2545344",2218
"Smim8","GSM2545344",439
"Pappa2","GSM2545344",15
"Stbd1","GSM2545344",21
"Rln3","GSM2545344",6
"Ldlr","GSM2545344",884
"Bmp2","GSM2545344",45
"Itga10","GSM2545344",324
"Unc45a","GSM2545344",1245
"Hap1","GSM2545344",2302
"Gm35339","GSM2545344",418
"Serpinb8","GSM2545344",96
"Tmem200c","GSM2545344",217
"Ngb","GSM2545344",23
"Myh11","GSM2545344",264
"Ass1","GSM2545344",404
"Ccdc28b","GSM2545344",1398
"Vsx2","GSM2545344",10
"Klhl1","GSM2545344",246
"Slit1","GSM2545344",108
"Rbm10","GSM2545344",2769
"Sgk1","GSM2545344",5650
"Zbtb24","GSM2545344",615
"Kif5a","GSM2545344",33662
"Alox8","GSM2545344",149
"Rgcc","GSM2545344",260
"Olfr1033","GSM2545344",39
"Lrrn4","GSM2545344",3
"Trim59","GSM2545344",713
"Pnma2","GSM2545344",317
"Arc","GSM2545344",642
"Lypd6b","GSM2545344",80
"Prkar2b","GSM2545344",678
"Gabrd","GSM2545344",5532
"Sh3gl1","GSM2545344",1392
"Rab9b","GSM2545344",1028
"Slc9a2","GSM2545344",120
"Gata3","GSM2545344",4
"Rnd3","GSM2545344",482
"Tdgf1","GSM2545344",210
"Tph2","GSM2545344",40
"Gprc5c","GSM2545344",1967
"Syt16","GSM2545344",169
"Cdyl","GSM2545344",447
"St8sia2","GSM2545344",78
"Usp19","GSM2545344",5875
"Foxj2","GSM2545344",2216
"Wdfy2","GSM2545344",1746
"Fibcd1","GSM2545344",34
"Hs3st4","GSM2545344",83
"Rab27b","GSM2545344",390
"Gm4988","GSM2545344",135
"Hebp1","GSM2545344",176
"Mrgpre","GSM2545344",104
"Slc22a4","GSM2545344",2334
"Txndc11","GSM2545344",1210
"Pgr15l","GSM2545344",7
"Evpl","GSM2545344",44
"Pax7","GSM2545344",1
"Trim65","GSM2545344",146
"Gm33533","GSM2545344",12
"Otof","GSM2545344",80
"Alk","GSM2545344",34
"Acap3","GSM2545344",2970
"Erdr1","GSM2545344",971
"Kcnq5","GSM2545344",101
"Msln","GSM2545344",49
"Tbc1d20","GSM2545344",1243
"Slc16a10","GSM2545344",268
"Errfi1","GSM2545344",1934
"Nr2e1","GSM2545344",1
"Gpr149","GSM2545344",11
"Plcxd1","GSM2545344",106
"Lrch3","GSM2545344",5314
"Morc2b","GSM2545344",142
"Elfn1","GSM2545344",80
"Rnf180","GSM2545344",258
"Pcdhb8","GSM2545344",156
"Creg2","GSM2545344",508
"Erich3","GSM2545344",741
"Rpp25","GSM2545344",143
"Fgfr1","GSM2545344",6472
"Sfrp2","GSM2545344",37
"Rprm","GSM2545344",61
"Tmem120b","GSM2545344",449
"Tpra1","GSM2545344",1686
"Igsf9","GSM2545344",19
"Jakmip1","GSM2545344",661
"Hsf4","GSM2545344",178
"Pcbd1","GSM2545344",114
"Rasgrf2","GSM2545344",404
"Dgkk","GSM2545344",43
"Paxip1","GSM2545344",1678
"Smtn","GSM2545344",228
"Cmpk2","GSM2545344",626
"Drd4","GSM2545344",17
"Samd11","GSM2545344",25
"Magel2","GSM2545344",25
"Csrnp3","GSM2545344",1530
"Zfp941","GSM2545344",705
"Lrrc1","GSM2545344",736
"Tmie","GSM2545344",244
"Pcdh8","GSM2545344",83
"Glra2","GSM2545344",204
"Gpatch8","GSM2545344",5324
"Slc6a16","GSM2545344",20
"Grm7","GSM2545344",949
"Ybx3","GSM2545344",1566
"Tenm3","GSM2545344",713
"Npffr1","GSM2545344",6
"Slc39a11","GSM2545344",355
"Otp","GSM2545344",22
"Hoga1","GSM2545344",49
"Egfl6","GSM2545344",13
"Plch2","GSM2545344",8486
"Pde11a","GSM2545344",36
"Zfp335","GSM2545344",1358
"Gpr61","GSM2545344",181
"Tox","GSM2545344",64
"Gabrr1","GSM2545344",8
"Jun","GSM2545344",2536
"Cox7b2","GSM2545344",34
"Mn1","GSM2545344",108
"Tmem130","GSM2545344",3430
"Dusp11","GSM2545344",7676
"Tmem91","GSM2545344",80
"Rbms2","GSM2545344",989
"Inpp5j","GSM2545344",5626
"Vstm2a","GSM2545344",988
"C1qtnf2","GSM2545344",26
"Ctns","GSM2545344",1099
"Smarcd2","GSM2545344",2819
"Dbpht2","GSM2545344",93
"Ltbp2","GSM2545344",1776
"Drd1","GSM2545344",23
"Dact2","GSM2545344",155
"E4f1","GSM2545344",1190
"Zfp598","GSM2545344",2256
"Zcchc12","GSM2545344",609
"Zfp263","GSM2545344",1296
"Tspyl3","GSM2545344",555
"Arhgap10","GSM2545344",619
"Plxnb2","GSM2545344",5331
"Doc2a","GSM2545344",60
"Tmem29","GSM2545344",505
"Dpf2","GSM2545344",2653
"Foxl2os","GSM2545344",27
"Slc47a1","GSM2545344",235
"Nap1l5","GSM2545344",17984
"Mapk7","GSM2545344",1081
"Grem2","GSM2545344",129
"Pcdh10","GSM2545344",1564
"Nol3","GSM2545344",238
"Gpr83","GSM2545344",40
"Nrsn2","GSM2545344",1655
"Prss16","GSM2545344",16
"Pcdh18","GSM2545344",111
"Emx2","GSM2545344",0
"Ccdc81","GSM2545344",80
"Rwdd2a","GSM2545344",269
"Mpped1","GSM2545344",203
"Galnt7","GSM2545344",2179
"S100a8","GSM2545344",143
"Mau2","GSM2545344",4690
"Ptpn23","GSM2545344",2632
"Sstr1","GSM2545344",112
"Wdfy4","GSM2545344",37
"Anxa3","GSM2545344",425
"C3","GSM2545344",63
"Tead4","GSM2545344",225
"Clvs2","GSM2545344",319
"Gaa","GSM2545344",5993
"Zfp219","GSM2545344",5302
"Bves","GSM2545344",16
"Tmem161a","GSM2545344",814
"Unc5d","GSM2545344",545
"Cd180","GSM2545344",32
"Scml4","GSM2545344",20
"Stk38","GSM2545344",2109
"Sox17","GSM2545344",233
"Srsf9","GSM2545344",1382
"Herpud1","GSM2545344",2670
"Hmbs","GSM2545344",447
"Gm2824","GSM2545344",30
"Mir1901","GSM2545344",26
"Adamts19","GSM2545344",7
"Zfp36l1","GSM2545344",1227
"Impact","GSM2545344",7018
"Trmt6","GSM2545344",1591
"Plekhm1","GSM2545344",1507
"Basp1","GSM2545344",820
"Grid1","GSM2545344",866
"Zdbf2","GSM2545344",550
"Tal1","GSM2545344",45
"Raf1","GSM2545344",3776
"Pgpep1l","GSM2545344",14
"Fzd4","GSM2545344",1009
"Tfdp1","GSM2545344",1884
"Pdzrn4","GSM2545344",70
"Ier3","GSM2545344",410
"Mir378a","GSM2545344",5
"Magee2","GSM2545344",61
"Plekhg2","GSM2545344",221
"Boc","GSM2545344",3427
"Ddx39b","GSM2545344",5017
"H2-T24","GSM2545344",131
"Insm1","GSM2545344",22
"Vstm5","GSM2545344",83
"Kctd4","GSM2545344",123
"Oprm1","GSM2545344",115
"Zfand6","GSM2545344",2428
"Cx3cl1","GSM2545344",2264
"Tacr3","GSM2545344",46
"Gpr4","GSM2545344",127
"Ptgis","GSM2545344",62
"Ccdc28a","GSM2545344",457
"Ido2","GSM2545344",10
"Elfn2","GSM2545344",917
"Ngp","GSM2545344",139
"Ptpro","GSM2545344",164
"Neto1","GSM2545344",252
"Col6a2","GSM2545344",298
"Fev","GSM2545344",6
"Mmab","GSM2545344",535
"Resp18","GSM2545344",720
"Amn","GSM2545344",12
"Tmem132b","GSM2545344",492
"St6gal2","GSM2545344",164
"Tbc1d25","GSM2545344",653
"Pdcd2l","GSM2545344",536
"Acot3","GSM2545344",16
"Gm5468","GSM2545344",4
"Atg16l1","GSM2545344",1828
"Rpl14-ps1","GSM2545344",33
"Glra3","GSM2545344",74
"Plekhh3","GSM2545344",1464
"Pcdhga1","GSM2545344",147
"Gm9899","GSM2545344",1195
"Eps8l1","GSM2545344",317
"Serpina3g","GSM2545344",28
"Pcdh17","GSM2545344",1277
"Riok3","GSM2545344",3505
"Dcaf12l2","GSM2545344",5
"Ankrd6","GSM2545344",519
"Dhrs11","GSM2545344",367
"Zdhhc22","GSM2545344",283
"Hmgb3","GSM2545344",395
"Mid1","GSM2545344",356
"Celf3","GSM2545344",1574
"Akap5","GSM2545344",224
"Phlda3","GSM2545344",436
"Arfgap2","GSM2545344",3300
"Gabpb1","GSM2545344",1093
"Mybpc1","GSM2545344",2926
"Nfkbia","GSM2545344",1023
"Gabra3","GSM2545344",762
"Gtpbp2","GSM2545344",2527
"Ptgdr","GSM2545344",21
"Myh15","GSM2545344",39
"Ciz1","GSM2545344",1497
"Tmem62","GSM2545344",2730
"Pan3","GSM2545344",4513
"Pld3","GSM2545344",2455
"Trim3","GSM2545344",5548
"Spata2l","GSM2545344",499
"Gm2223","GSM2545344",19
"Dnah1","GSM2545344",81
"Pnoc","GSM2545344",75
"Dzank1","GSM2545344",7686
"Safb2","GSM2545344",2963
"Rnf128","GSM2545344",1083
"Jpx","GSM2545344",281
"Il16","GSM2545344",6515
"Slc26a7","GSM2545344",227
"Rspo1","GSM2545344",11
"Hcfc2","GSM2545344",1788
"Gm35315","GSM2545344",56
"Tyrp1","GSM2545344",10
"Pank4","GSM2545344",1689
"Ngef","GSM2545344",397
"Llgl1","GSM2545344",2715
"Usp12","GSM2545344",2338
"Ppp2r2d","GSM2545344",1963
"Zfp677","GSM2545344",123
"Heyl","GSM2545344",89
"Sin3b","GSM2545344",2154
"Sidt1","GSM2545344",1917
"Spin2c","GSM2545344",115
"Wasf2","GSM2545344",1133
"Tmem14a","GSM2545344",644
"Cntnap5a","GSM2545344",526
"Ccm2l","GSM2545344",138
"Sema3e","GSM2545344",752
"Il18bp","GSM2545344",400
"Slc35f1","GSM2545344",1284
"Best1","GSM2545344",29
"Pde8b","GSM2545344",752
"Htr7","GSM2545344",69
"Cfap57","GSM2545344",33
"Sgsm1","GSM2545344",4005
"Scn3b","GSM2545344",238
"Mark3","GSM2545344",3318
"Acsl5","GSM2545344",524
"Qpct","GSM2545344",113
"Iqcc","GSM2545344",762
"Noc2l","GSM2545344",2251
"Slc25a27","GSM2545344",4580
"Kdm4b","GSM2545344",2434
"Pde1b","GSM2545344",1081
"Pcdha10","GSM2545344",73
"Gja5","GSM2545344",16
"Irs4","GSM2545344",17
"Mamdc4","GSM2545344",151
"Mthfd2l","GSM2545344",216
"Lrrtm1","GSM2545344",213
"Tacr1","GSM2545344",34
"Lmo3","GSM2545344",133
"Psg16","GSM2545344",914
"Abcc8","GSM2545344",2372
"Epc1","GSM2545344",2641
"Slc6a7","GSM2545344",344
"Col4a5","GSM2545344",420
"Gm8013","GSM2545344",6
"Clpx","GSM2545344",1771
"Dffb","GSM2545344",377
"Senp3","GSM2545344",2402
"Hhex","GSM2545344",48
"Per2","GSM2545344",2737
"Rnpep","GSM2545344",1332
"Ttll1","GSM2545344",642
"Ppp1r1c","GSM2545344",17
"Moxd1","GSM2545344",187
"Susd6","GSM2545344",4849
"Ighm","GSM2545344",168
"Fam131a","GSM2545344",2912
"Zfp92","GSM2545344",30
"Kirrel","GSM2545344",434
"Npsr1","GSM2545344",11
"Kcnj16","GSM2545344",1468
"Atg10","GSM2545344",281
"Vwc2l","GSM2545344",45
"Sox14","GSM2545344",5
"Zc3h3","GSM2545344",431
"Gak","GSM2545344",3763
"Tox2","GSM2545344",163
"Tenm2","GSM2545344",875
"Begain","GSM2545344",737
"Dsc3","GSM2545344",11
"Fbll1","GSM2545344",299
"Dnah7a","GSM2545344",15
"Gm3764","GSM2545344",4146
"Strip1","GSM2545344",2921
"Nmnat3","GSM2545344",41
"Lims2","GSM2545344",295
"Fam43b","GSM2545344",193
"Ccnl2","GSM2545344",8354
"Gm11627","GSM2545344",2
"Rabl2","GSM2545344",875
"Kcnj3","GSM2545344",5345
"Zfp36","GSM2545344",184
"Slc2a1","GSM2545344",4922
"Cnksr3","GSM2545344",2491
"AW551984","GSM2545344",140
"Hykk","GSM2545344",214
"Rnasel","GSM2545344",89
"Shc1","GSM2545344",411
"Ppp1r12c","GSM2545344",2924
"Syne4","GSM2545344",308
"Arrdc2","GSM2545344",656
"Usp28","GSM2545344",2217
"Slfn4","GSM2545344",58
"Pomt2","GSM2545344",1275
"Gm10432","GSM2545344",118
"Cngb1","GSM2545344",10
"Dot1l","GSM2545344",6072
"Gmnn","GSM2545344",101
"Ccdc160","GSM2545344",47
"Ptpn5","GSM2545344",763
"Mal2","GSM2545344",219
"Arap3","GSM2545344",241
"Mib2","GSM2545344",2484
"Itgb1bp2","GSM2545344",53
"Stk32b","GSM2545344",22
"Dgkb","GSM2545344",1261
"Pcgf6","GSM2545344",1170
"Serinc2","GSM2545344",772
"Arhgef37","GSM2545344",649
"Ltf","GSM2545344",86
"Timp2","GSM2545344",2931
"Snora41","GSM2545344",11
"F3","GSM2545344",2246
"Tgfbi","GSM2545344",190
"Rab44","GSM2545344",10
"Lclat1","GSM2545344",914
"Arid5b","GSM2545344",1977
"Col25a1","GSM2545344",182
"Inpp5b","GSM2545344",2654
"Dhfr","GSM2545344",327
"Phkg2","GSM2545344",1666
"Bcl11a","GSM2545344",505
"Nr2f1","GSM2545344",1409
"Trhr","GSM2545344",25
"Msc","GSM2545344",14
"Mndal","GSM2545344",150
"Pou3f2","GSM2545344",718
"Gm9962","GSM2545344",17
"Atg16l2","GSM2545344",921
"Gm16425","GSM2545344",13
"Ap1m1","GSM2545344",1863
"Trpv3","GSM2545344",26
"Inpp5k","GSM2545344",2367
"D11Wsu47e","GSM2545344",213
"Fkbp1b","GSM2545344",264
"Syvn1","GSM2545344",1993
"Aldh3a2","GSM2545344",2892
"Dtd2","GSM2545344",210
"Pcdh19","GSM2545344",257
"Gm5526","GSM2545344",10
"Nsun5","GSM2545344",517
"Hrh2","GSM2545344",286
"Lmbr1l","GSM2545344",497
"Pkn1","GSM2545344",1128
"Nptx2","GSM2545344",32
"Ctxn1","GSM2545344",144
"Rp1","GSM2545344",1
"Gm7357","GSM2545344",3
"Mrpl15","GSM2545344",1064
"Lypla1","GSM2545344",2075
"Tcea1","GSM2545344",3235
"Gm6104","GSM2545344",3
"Atp6v1h","GSM2545344",4257
"Oprk1","GSM2545344",51
"Npbwr1","GSM2545344",2
"Rb1cc1","GSM2545344",5982
"Gm2147","GSM2545344",1
"Gm26901","GSM2545344",4
"Sntg1","GSM2545344",382
"Gm6187","GSM2545344",2
"Rrs1","GSM2545344",649
"Mcmdc2","GSM2545344",43
"Snhg6","GSM2545344",208
"Snord87","GSM2545344",1
"Tcf24","GSM2545344",9
"Ppp1r42","GSM2545344",19
"Arfgef1","GSM2545344",5904
"Cpa6","GSM2545344",1
"Ncoa2","GSM2545344",4776
"Tram1","GSM2545344",1617
"Gm5523","GSM2545344",0
"Eya1","GSM2545344",331
"Smt3h2-ps4","GSM2545344",2
"Trpa1","GSM2545344",2
"Gm10566","GSM2545344",0
"Terf1","GSM2545344",649
"Rdh10","GSM2545344",780
"Stau2","GSM2545344",3462
"Ly96","GSM2545344",35
"Jph1","GSM2545344",1228
"Gdap1","GSM2545344",5679
"Rbm6-ps1","GSM2545344",10
"Pi15","GSM2545344",31
"Gm28154","GSM2545344",18
"Gm16070","GSM2545344",1
"Gm15825","GSM2545344",0
"Tfap2d","GSM2545344",2
"Tfap2b","GSM2545344",2039
"Pkhd1","GSM2545344",1
"Mir133b","GSM2545344",8
"Il17f","GSM2545344",0
"Paqr8","GSM2545344",17903
"Tram2","GSM2545344",20
"Gm7658","GSM2545344",9
"Gm7761","GSM2545344",10
"Mir30c-2","GSM2545344",9
"Ogfrl1","GSM2545344",9872
"Smap1","GSM2545344",2881
"Fam135a","GSM2545344",2934
"Col19a1","GSM2545344",1151
"Lmbrd1","GSM2545344",9148
"Gm20172","GSM2545344",1
"Gm29214","GSM2545344",6
"Gm7846","GSM2545344",9
"Gm5525","GSM2545344",22
"Phf3","GSM2545344",4463
"Khdrbs2","GSM2545344",232
"Gm5415","GSM2545344",0
"Zfp451","GSM2545344",1284
"Gm15455","GSM2545344",4
"Bend6","GSM2545344",8169
"Ptpn18","GSM2545344",43
"Cfc1","GSM2545344",4
"Amer3","GSM2545344",1981
"Fam168b","GSM2545344",11560
"Gm33222","GSM2545344",9
"Kansl3","GSM2545344",3650
"Fer1l5","GSM2545344",2
"Cnnm4","GSM2545344",961
"Sema4c","GSM2545344",895
"Cox5b","GSM2545344",4876
"Zap70","GSM2545344",15
"Tmem131","GSM2545344",3624
"Cnga3","GSM2545344",2
"Unc50","GSM2545344",1247
"Lipt1","GSM2545344",73
"Mrpl30","GSM2545344",1033
"Lyg2","GSM2545344",15
"Txndc9","GSM2545344",1736
"Eif5b","GSM2545344",4961
"Gm16150","GSM2545344",30
"Gm16152","GSM2545344",1
"Pdcl3","GSM2545344",1024
"Rpl31","GSM2545344",2487
"Tbc1d8","GSM2545344",1779
"Cnot11","GSM2545344",1262
"Snord89","GSM2545344",16
"Rnf149","GSM2545344",1000
"Rfx8","GSM2545344",2
"Gm16894","GSM2545344",15
"Il1rl2","GSM2545344",15
"Il1rl1","GSM2545344",8
"Il18r1","GSM2545344",1
"Slc9a4","GSM2545344",10
"Mfsd9","GSM2545344",135
"Tmem182","GSM2545344",9
"Gm28175","GSM2545344",8
"Pantr1","GSM2545344",217
"Pou3f3","GSM2545344",1398
"Pantr2","GSM2545344",63
"Mrps9","GSM2545344",1108
"Gpr45","GSM2545344",65
"Tgfbrap1","GSM2545344",2385
"Fhl2","GSM2545344",87
"Nck2","GSM2545344",695
"Uxs1","GSM2545344",1380
"Gm16103","GSM2545344",0
"Tpp2","GSM2545344",2937
"Tex30","GSM2545344",170
"Bivm","GSM2545344",978
"Gulp1","GSM2545344",226
"Wdr75","GSM2545344",1087
"Dnah7b","GSM2545344",705
"Gm4852","GSM2545344",4
"Gm8337","GSM2545344",17
"Nabp1","GSM2545344",417
"Gm17767","GSM2545344",0
"Myo1b","GSM2545344",775
"Stat4","GSM2545344",6
"Stat1","GSM2545344",1830
"Gls","GSM2545344",14703
"Rps27a-ps1","GSM2545344",1
"Gm28178","GSM2545344",2
"Inpp1","GSM2545344",3400
"Mstn","GSM2545344",30
"Asnsd1","GSM2545344",689
"Gtf3c3","GSM2545344",1098
"Pgap1","GSM2545344",2003
"Gm19637","GSM2545344",1
"Ankrd44","GSM2545344",693
"Sf3b1","GSM2545344",16547
"Gm6822","GSM2545344",10
"Boll","GSM2545344",5
"Gm8292","GSM2545344",14
"Plcl1","GSM2545344",1299
"Gm6644","GSM2545344",1
"Satb2","GSM2545344",29
"BC055402","GSM2545344",6
"Tyw5","GSM2545344",434
"Spats2l","GSM2545344",336
"Aox4","GSM2545344",2
"Aox2","GSM2545344",0
"Bzw1","GSM2545344",7686
"Clk1","GSM2545344",7318
"Ppil3","GSM2545344",328
"Nif3l1","GSM2545344",694
"Cflar","GSM2545344",1270
"Casp8","GSM2545344",64
"Stradb","GSM2545344",907
"Tmem237","GSM2545344",914
"Cdk15","GSM2545344",10
"Fzd7","GSM2545344",2230
"Sumo1","GSM2545344",2889
"Fam117b","GSM2545344",4042
"Wdr12","GSM2545344",1087
"Nbeal1","GSM2545344",1556
"Abi2","GSM2545344",4450
"Cd28","GSM2545344",72
"Gm11581","GSM2545344",0
"Icos","GSM2545344",0
"Nrp2","GSM2545344",445
"Gm4208","GSM2545344",2
"Ndufs1","GSM2545344",6831
"Eef1b2","GSM2545344",3490
"Gpr1","GSM2545344",3
"Gm11605","GSM2545344",3
"Adam23","GSM2545344",7382
"Dytn","GSM2545344",4
"Mdh1b","GSM2545344",20
"Gm13748","GSM2545344",12
"Ccnyl1","GSM2545344",473
"Plekhm3","GSM2545344",1823
"Rpl10a-ps1","GSM2545344",16
"Cryga","GSM2545344",1
"Pikfyve","GSM2545344",2708
"Map2","GSM2545344",24116
"Unc80","GSM2545344",20154
"Kansl1l","GSM2545344",1341
"Acadl","GSM2545344",2096
"Gm15793","GSM2545344",3
"Spag16","GSM2545344",101
"Bard1","GSM2545344",19
"Abca12","GSM2545344",3
"Atic","GSM2545344",901
"Fn1","GSM2545344",2787
"Gm5256","GSM2545344",1
"Tmem169","GSM2545344",654
"Xrcc5","GSM2545344",719
"Smarcal1","GSM2545344",2826
"Igfbp2","GSM2545344",2002
"Gm29183","GSM2545344",3
"Rufy4","GSM2545344",8
"Cxcr2","GSM2545344",7
"Arpc2","GSM2545344",3809
"Aamp","GSM2545344",4202
"Tmbim1","GSM2545344",1634
"Catip","GSM2545344",75
"Zfp142","GSM2545344",1712
"Rnf25","GSM2545344",1246
"Ttll4","GSM2545344",1994
"Prkag3","GSM2545344",25
"Gm29539","GSM2545344",0
"Wnt10a","GSM2545344",9
"Ihh","GSM2545344",6
"Slc23a3","GSM2545344",3
"Zfand2b","GSM2545344",357
"Ankzf1","GSM2545344",1085
"Glb1l","GSM2545344",390
"Ptprn","GSM2545344",4933
"Des","GSM2545344",70
"Asic4","GSM2545344",31
"Chpf","GSM2545344",1891
"Obsl1","GSM2545344",657
"Stk11ip","GSM2545344",978
"Slc4a3","GSM2545344",3243
"Epha4","GSM2545344",1140
"Pax3","GSM2545344",284
"Mogat1","GSM2545344",5
"Kcne4","GSM2545344",33
"Gm5830","GSM2545344",10
"Scg2","GSM2545344",6777
"Mrpl44","GSM2545344",763
"Gm5529","GSM2545344",18
"Fam124b","GSM2545344",7
"Cul3","GSM2545344",8018
"Nyap2","GSM2545344",1284
"Rhbdd1","GSM2545344",504
"Col4a4","GSM2545344",126
"Col4a3","GSM2545344",113
"Mff","GSM2545344",6711
"Daw1","GSM2545344",24
"Trip12","GSM2545344",7653
"Fbxo36","GSM2545344",102
"Slc16a14","GSM2545344",196
"Gm15433","GSM2545344",1
"Rpl19-ps1","GSM2545344",4
"Sp110","GSM2545344",38
"Sp140","GSM2545344",34
"Sp100","GSM2545344",206
"Cab39","GSM2545344",8421
"Gpr55","GSM2545344",0
"Spata3","GSM2545344",8
"Htr2b","GSM2545344",0
"Armc9","GSM2545344",587
"B3gnt7","GSM2545344",23
"Snora75","GSM2545344",8
"Nmur1","GSM2545344",18
"Dis3l2","GSM2545344",793
"Gm6136","GSM2545344",16
"Ecel1","GSM2545344",58
"Prss56","GSM2545344",2
"Kcnj13","GSM2545344",515
"Inpp5d","GSM2545344",204
"Scarna6","GSM2545344",3
"Sag","GSM2545344",6
"Dgkd","GSM2545344",9417
"Gm19582","GSM2545344",77
"Usp40","GSM2545344",1427
"Ugt1a7c","GSM2545344",8
"Dnajb3","GSM2545344",27
"Mroh2a","GSM2545344",9
"Spp2","GSM2545344",2
"Gm29538","GSM2545344",9
"Glrp1","GSM2545344",1
"Sh3bp4","GSM2545344",409
"Gbx2","GSM2545344",9
"Iqca","GSM2545344",42
"Ackr3","GSM2545344",253
"Col6a3","GSM2545344",59
"Rab17","GSM2545344",0
"Ube2f","GSM2545344",1261
"Klhl30","GSM2545344",4
"Twist2","GSM2545344",4
"Hdac4","GSM2545344",2113
"Ndufa10","GSM2545344",4072
"Mir149","GSM2545344",1
"Ankmy1","GSM2545344",16
"Rnpepl1","GSM2545344",1052
"Capn10","GSM2545344",943
"Gpr35","GSM2545344",44
"Pask","GSM2545344",205
"Hdlbp","GSM2545344",8054
"Farp2","GSM2545344",310
"Stk25","GSM2545344",5200
"Thap4","GSM2545344",455
"D2hgdh","GSM2545344",453
"Pdcd1","GSM2545344",3
"Gm7895","GSM2545344",27
"Fam174a","GSM2545344",1429
"Slco4c1","GSM2545344",11
"Panct2","GSM2545344",19
"Gm6430","GSM2545344",5
"Gin1","GSM2545344",456
"Pam","GSM2545344",1659
"Cntnap5b","GSM2545344",1059
"Cdh20","GSM2545344",1069
"Pign","GSM2545344",882
"Gm10193","GSM2545344",4
"Tnfrsf11a","GSM2545344",56
"Gm7160","GSM2545344",6
"Gm20753","GSM2545344",12
"Bcl2","GSM2545344",867
"Vps4b","GSM2545344",2034
"Serpinb5","GSM2545344",1
"Serpinb10","GSM2545344",0
"Gm8141","GSM2545344",15
"Cdh7","GSM2545344",2033
"Cdh19","GSM2545344",661
"Gm8173","GSM2545344",1
"Dsel","GSM2545344",329
"Gm6028","GSM2545344",4
"Nifk","GSM2545344",862
"Clasp1","GSM2545344",3429
"Inhbb","GSM2545344",304
"Gm3551","GSM2545344",0
"Gm28209","GSM2545344",2
"Cfap221","GSM2545344",15
"Sctr","GSM2545344",5
"Tmem37","GSM2545344",18
"En1","GSM2545344",164
"Insig2","GSM2545344",2238
"Ccdc93","GSM2545344",1353
"Htr5b","GSM2545344",11
"Ddx18","GSM2545344",740
"Actr3","GSM2545344",6246
"Slc35f5","GSM2545344",635
"Gpr39","GSM2545344",1
"Mgat5","GSM2545344",3738
"Gm8451","GSM2545344",25
"Tmem163","GSM2545344",2022
"Acmsd","GSM2545344",3
"Zranb3","GSM2545344",172
"Gm28800","GSM2545344",1
"Rpl28-ps1","GSM2545344",19
"Mir128-1","GSM2545344",4
"Lct","GSM2545344",9
"Gm6170","GSM2545344",25
"Thsd7b","GSM2545344",44
"Gm29428","GSM2545344",0
"Cd55","GSM2545344",283
"Gm16083","GSM2545344",17
"C4bp-ps1","GSM2545344",14
"Yod1","GSM2545344",525
"Fcamr","GSM2545344",0
"Dyrk3","GSM2545344",160
"Ikbke","GSM2545344",61
"Srgap2","GSM2545344",8609
"Slc26a9","GSM2545344",0
"Pm20d1","GSM2545344",212
"Rab29","GSM2545344",145
"Cdk18","GSM2545344",551
"Gm29695","GSM2545344",165
"Lemd1","GSM2545344",31
"Gm7241","GSM2545344",1
"Klhdc8a","GSM2545344",619
"Lrrn2","GSM2545344",3147
"Gm29257","GSM2545344",4
"Gm28609","GSM2545344",3
"Plekha6","GSM2545344",4663
"Ren1","GSM2545344",2
"Sox13","GSM2545344",265
"Zbed6","GSM2545344",1938
"Lax1","GSM2545344",1
"Optc","GSM2545344",30
"Prelp","GSM2545344",1159
"Gm8618","GSM2545344",0
"Mybph","GSM2545344",18
"Myog","GSM2545344",1
"Ppfia4","GSM2545344",9795
"Tmem183a","GSM2545344",2765
"Kdm5b","GSM2545344",2014
"Ppp1r12b","GSM2545344",3323
"Ube2t","GSM2545344",53
"Ptprv","GSM2545344",3
"Timm17a","GSM2545344",1474
"Csrp1","GSM2545344",8634
"Tnni1","GSM2545344",79
"Lad1","GSM2545344",29
"Pkp1","GSM2545344",1
"Ascl5","GSM2545344",0
"Cacna1s","GSM2545344",39
"Gm15850","GSM2545344",0
"Kif21b","GSM2545344",1141
"Camsap2","GSM2545344",7657
"Kif14","GSM2545344",13
"Gm29485","GSM2545344",4
"Gm19705","GSM2545344",28
"Mif-ps1","GSM2545344",2
"Nr5a2","GSM2545344",2
"Ptprc","GSM2545344",135
"Lhx9","GSM2545344",39
"Dennd1b","GSM2545344",926
"Crb1","GSM2545344",13
"Zbtb41","GSM2545344",1658
"Cfhr2","GSM2545344",1
"Gm5837","GSM2545344",3
"Kcnt2","GSM2545344",40
"Gm5835","GSM2545344",35
"Cdc73","GSM2545344",964
"B3galt2","GSM2545344",761
"Glrx2","GSM2545344",2045
"Rgs1","GSM2545344",0
"Gm7266","GSM2545344",5
"Rgs18","GSM2545344",5
"Brinp3","GSM2545344",751
"Ptgs2os","GSM2545344",1
"Ptgs2","GSM2545344",125
"Tpr","GSM2545344",6358
"Swt1","GSM2545344",776
"Mir7682","GSM2545344",4
"Rnf2","GSM2545344",1463
"Gm36527","GSM2545344",2
"Edem3","GSM2545344",3736
"Tsen15","GSM2545344",590
"Colgalt2","GSM2545344",102
"Rgl1","GSM2545344",1312
"Arpc5","GSM2545344",1932
"Ncf2","GSM2545344",72
"Nmnat2","GSM2545344",9361
"Lamc2","GSM2545344",63
"Dhx9","GSM2545344",6818
"Rgs16","GSM2545344",537
"Rgsl1","GSM2545344",9
"Zfp648","GSM2545344",2
"Gm9530","GSM2545344",17
"Stx6","GSM2545344",1548
"Xpr1","GSM2545344",3983
"Gm5532","GSM2545344",3
"Acbd6","GSM2545344",806
"Lhx4","GSM2545344",4
"Cep350","GSM2545344",3447
"Fam163a","GSM2545344",79
"Tdrd5","GSM2545344",51
"Nphs2","GSM2545344",7
"Gm2000","GSM2545344",9
"Soat1","GSM2545344",773
"Abl2","GSM2545344",2003
"Fam20b","GSM2545344",3309
"Ralgps2","GSM2545344",2023
"Angptl1","GSM2545344",13
"Rasal2","GSM2545344",2695
"Brinp2","GSM2545344",942
"Gm4953","GSM2545344",2
"Gm31256","GSM2545344",1
"Rabgap1l","GSM2545344",6257
"Gm6177","GSM2545344",1
"Rc3h1","GSM2545344",3258
"Serpinc1","GSM2545344",0
"Snord47","GSM2545344",20
"Dars2","GSM2545344",626
"Cenpl","GSM2545344",94
"Fasl","GSM2545344",7
"Dnm3","GSM2545344",11060
"Dnm3os","GSM2545344",3
"Prrc2c","GSM2545344",7527
"Fmo2","GSM2545344",227
"Mettl11b","GSM2545344",6
"BC055324","GSM2545344",99
"Sele","GSM2545344",5
"Selp","GSM2545344",6
"F5","GSM2545344",1238
"Nme7","GSM2545344",370
"Atp1b1","GSM2545344",55437
"Gm26685","GSM2545344",0
"Dpt","GSM2545344",4
"Gm20743","GSM2545344",224
"Sft2d2","GSM2545344",1242
"Tiprl","GSM2545344",1756
"Rcsd1","GSM2545344",183
"Gm32999","GSM2545344",1
"Dusp27","GSM2545344",16
"Mael","GSM2545344",1
"Gm16418","GSM2545344",10
"Gm16701","GSM2545344",136
"Aldh9a1","GSM2545344",1413
"Mgst3","GSM2545344",1481
"Lrrc52","GSM2545344",7
"Rxrg","GSM2545344",14
"Lmx1a","GSM2545344",112
"Pbx1","GSM2545344",4022
"Asl","GSM2545345",597
"Apod","GSM2545345",15868
"Cyp2d22","GSM2545345",2277
"Klk6","GSM2545345",567
"Fcrls","GSM2545345",177
"Slc2a4","GSM2545345",357
"Exd2","GSM2545345",2173
"Gjc2","GSM2545345",370
"Plp1","GSM2545345",61647
"Gnb4","GSM2545345",1554
"Tnc","GSM2545345",417
"Trf","GSM2545345",14301
"Tubb2b","GSM2545345",2984
"Fads1","GSM2545345",6930
"Lxn","GSM2545345",2238
"Prr18","GSM2545345",1506
"Cmtm5","GSM2545345",1713
"Enpp1","GSM2545345",505
"Clic4","GSM2545345",6672
"Tm6sf2","GSM2545345",115
"Slc20a2","GSM2545345",5526
"Itih3","GSM2545345",3180
"Ptn","GSM2545345",6095
"Prodh","GSM2545345",1599
"Msantd1","GSM2545345",174
"Ugt8a","GSM2545345",1992
"Fbln5","GSM2545345",547
"Trp53inp2","GSM2545345",9275
"Slc7a3","GSM2545345",299
"Dnase1l2","GSM2545345",408
"Icosl","GSM2545345",560
"Rmnd1","GSM2545345",970
"Tssk5","GSM2545345",149
"Pycr1","GSM2545345",44
"Pla2g3","GSM2545345",250
"Vmn2r1","GSM2545345",45
"Gm29797","GSM2545345",73
"Phyhd1","GSM2545345",1335
"Gpr146","GSM2545345",981
"Mag","GSM2545345",5383
"Tufm","GSM2545345",1733
"Igdcc4","GSM2545345",2409
"Gm10654","GSM2545345",132
"Ncmap","GSM2545345",39
"Etv4","GSM2545345",325
"Fabp7","GSM2545345",364
"Cpsf4l","GSM2545345",62
"Hexa","GSM2545345",1329
"Mfge8","GSM2545345",1864
"Ccdc136","GSM2545345",3525
"Glul","GSM2545345",55968
"Hopx","GSM2545345",5034
"Pigq","GSM2545345",3525
"Vps11","GSM2545345",2791
"Proca1","GSM2545345",208
"Fbxl22","GSM2545345",174
"Sfxn5","GSM2545345",9048
"Hexim2","GSM2545345",479
"Agt","GSM2545345",4085
"Rlbp1","GSM2545345",323
"Jam2","GSM2545345",3201
"Lcat","GSM2545345",2110
"Oxct1","GSM2545345",13306
"Cacna1e","GSM2545345",6828
"Fa2h","GSM2545345",1285
"Plxnb3","GSM2545345",857
"Lman2l","GSM2545345",1181
"Dpy19l1","GSM2545345",2005
"Kctd21","GSM2545345",714
"Thra","GSM2545345",10340
"Dok3","GSM2545345",144
"Sult1a1","GSM2545345",921
"Rpe","GSM2545345",1177
"Acrbp","GSM2545345",351
"Slc2a9","GSM2545345",91
"Emp2","GSM2545345",1109
"Aipl1","GSM2545345",13
"Uri1","GSM2545345",2009
"Bcs1l","GSM2545345",404
"Rbm3","GSM2545345",5497
"Tra2a","GSM2545345",4703
"Prex1","GSM2545345",4051
"Josd2","GSM2545345",1298
"Tmco3","GSM2545345",1457
"Srebf1","GSM2545345",1899
"Acer2","GSM2545345",458
"Tsga10","GSM2545345",300
"Cyp3a13","GSM2545345",95
"Relt","GSM2545345",620
"Nrep","GSM2545345",30395
"Slc14a1","GSM2545345",1435
"Pnpla2","GSM2545345",1560
"Map6d1","GSM2545345",1833
"Ier5","GSM2545345",809
"Bfsp2","GSM2545345",99
"Idi1","GSM2545345",436
"Kat2b","GSM2545345",5479
"Rmdn3","GSM2545345",4436
"Eif4b","GSM2545345",8567
"Grm4","GSM2545345",12220
"Pink1","GSM2545345",16524
"Mettl16","GSM2545345",973
"Fam193b","GSM2545345",2547
"Rtca","GSM2545345",1339
"Fgfbp1","GSM2545345",77
"Pigs","GSM2545345",2372
"Cfp","GSM2545345",823
"Desi1","GSM2545345",5398
"Gbp4","GSM2545345",94
"Nid1","GSM2545345",977
"Armcx5","GSM2545345",545
"Cryab","GSM2545345",3096
"Prss53","GSM2545345",140
"Car4","GSM2545345",5339
"Gm6277","GSM2545345",194
"Amt","GSM2545345",969
"Zc3h6","GSM2545345",1045
"Aqp4","GSM2545345",15565
"Tmem198b","GSM2545345",795
"Abi3bp","GSM2545345",987
"Xpa","GSM2545345",389
"Aldh6a1","GSM2545345",3752
"Adam1a","GSM2545345",578
"Dynlt1a","GSM2545345",444
"Gatm","GSM2545345",3943
"H2-Q4","GSM2545345",153
"Nras","GSM2545345",1596
"Pla2g4e","GSM2545345",324
"Lpar1","GSM2545345",1666
"Il12rb1","GSM2545345",51
"Enpp6","GSM2545345",388
"Ermn","GSM2545345",3363
"Marcksl1","GSM2545345",891
"Ubqln4","GSM2545345",3152
"Glt8d1","GSM2545345",1308
"Ddx25","GSM2545345",1282
"Gpr17","GSM2545345",641
"Cat","GSM2545345",2054
"Wwox","GSM2545345",842
"Phkg1","GSM2545345",656
"Ppp1r3f","GSM2545345",903
"Mrpl35","GSM2545345",1171
"Nudt9","GSM2545345",1442
"Lypd6","GSM2545345",1203
"Spice1","GSM2545345",656
"Tuba8","GSM2545345",1386
"Spon1","GSM2545345",3832
"Nfya","GSM2545345",1047
"Sc5d","GSM2545345",3326
"Aldh18a1","GSM2545345",840
"Ebp","GSM2545345",1089
"Srr","GSM2545345",2421
"Gm14827","GSM2545345",360
"Gm31135","GSM2545345",49
"Adam17","GSM2545345",1006
"Slc39a2","GSM2545345",766
"Snn","GSM2545345",4564
"Hnrnpc","GSM2545345",8869
"Srbd1","GSM2545345",489
"Ptp4a1","GSM2545345",1408
"Tppp","GSM2545345",8755
"Stac3","GSM2545345",128
"Emid1","GSM2545345",363
"Cotl1","GSM2545345",3316
"Ovgp1","GSM2545345",639
"Ssx2ip","GSM2545345",3096
"Hsd3b7","GSM2545345",718
"Kazald1","GSM2545345",212
"Omd","GSM2545345",257
"Bcas1","GSM2545345",5387
"Gm9925","GSM2545345",359
"Dleu2","GSM2545345",468
"Chil3","GSM2545345",20
"Deaf1","GSM2545345",1960
"Dusp19","GSM2545345",279
"Gkn3","GSM2545345",70
"Pllp","GSM2545345",1032
"Sox2ot","GSM2545345",562
"Ntf3","GSM2545345",176
"Lum","GSM2545345",248
"Gm20751","GSM2545345",81
"Thnsl2","GSM2545345",159
"Slc2a4rg-ps","GSM2545345",448
"Agpat5","GSM2545345",3636
"Mdk","GSM2545345",919
"Penk","GSM2545345",3017
"Cirbp","GSM2545345",2490
"Aloxe3","GSM2545345",386
"Nudt5","GSM2545345",529
"Serpinb1a","GSM2545345",330
"Mt1","GSM2545345",11407
"Fgfr3","GSM2545345",4147
"Myo1d","GSM2545345",570
"Cd99l2","GSM2545345",3296
"C2cd2","GSM2545345",823
"Brsk2","GSM2545345",5780
"Mrrf","GSM2545345",497
"Snhg4","GSM2545345",243
"Hmgcs1","GSM2545345",4737
"Stk17b","GSM2545345",4709
"Cyp51","GSM2545345",1843
"Gria4","GSM2545345",22743
"Ttyh1","GSM2545345",22919
"Slc13a1","GSM2545345",116
"Phf7","GSM2545345",198
"Get4","GSM2545345",1187
"Gstm1","GSM2545345",7942
"Fbxo31","GSM2545345",2558
"Padi2","GSM2545345",809
"Gnmt","GSM2545345",189
"Paip2b","GSM2545345",3640
"Slc17a9","GSM2545345",21
"Vopp1","GSM2545345",1671
"Ogdhl","GSM2545345",3784
"Dcaf12","GSM2545345",2424
"Rorc","GSM2545345",1232
"Cp","GSM2545345",1744
"Jade2","GSM2545345",2119
"Nbl1","GSM2545345",3412
"Hsph1","GSM2545345",5147
"Serf2","GSM2545345",3687
"Rasgef1a","GSM2545345",3632
"Prrg1","GSM2545345",441
"Etnppl","GSM2545345",5794
"Cyp4f15","GSM2545345",139
"Ankrd29","GSM2545345",1101
"Gm27252","GSM2545345",84
"Kctd2","GSM2545345",3184
"Iigp1","GSM2545345",72
"Ak4","GSM2545345",4539
"Idh2","GSM2545345",1378
"Camkk1","GSM2545345",2318
"Rftn2","GSM2545345",1172
"Igtp","GSM2545345",162
"Bche","GSM2545345",341
"Marcks","GSM2545345",5307
"Pabpc4","GSM2545345",703
"Pmp22","GSM2545345",1616
"Car14","GSM2545345",968
"Serpinh1","GSM2545345",1128
"Ppp1r13b","GSM2545345",2747
"Tfrc","GSM2545345",4602
"Smox","GSM2545345",2432
"Tjap1","GSM2545345",847
"Msmo1","GSM2545345",1632
"Slc26a8","GSM2545345",88
"Eml3","GSM2545345",1078
"Csf2ra","GSM2545345",457
"Rnf141","GSM2545345",2969
"Slc25a16","GSM2545345",1257
"Echdc1","GSM2545345",1319
"Eid2b","GSM2545345",771
"Piga","GSM2545345",481
"Ccdc149","GSM2545345",989
"Car15","GSM2545345",678
"Eny2","GSM2545345",2575
"Mroh1","GSM2545345",3499
"Pcyox1l","GSM2545345",625
"Ankrd39","GSM2545345",399
"Timeless","GSM2545345",372
"Sparc","GSM2545345",35737
"Slc7a10","GSM2545345",1448
"Ppp1r2","GSM2545345",4400
"Psmf1","GSM2545345",1164
"Adat1","GSM2545345",239
"Slc6a12","GSM2545345",241
"Snhg3","GSM2545345",220
"Prg4","GSM2545345",648
"Plod1","GSM2545345",777
"Whamm","GSM2545345",963
"Ttpa","GSM2545345",412
"Thbs3","GSM2545345",175
"Gltp","GSM2545345",1615
"Pex6","GSM2545345",1737
"Aim2","GSM2545345",134
"Ednrb","GSM2545345",5029
"Nuf2","GSM2545345",136
"Mog","GSM2545345",2211
"Ccl27a","GSM2545345",1657
"Tac4","GSM2545345",21
"Snhg8","GSM2545345",339
"Ak6","GSM2545345",320
"Kctd20","GSM2545345",2642
"Itgb4","GSM2545345",596
"Zfp810","GSM2545345",521
"Gm33489","GSM2545345",170
"Gna12","GSM2545345",1439
"Cyp4v3","GSM2545345",715
"Pkp4","GSM2545345",10854
"Agpat1","GSM2545345",2488
"Gipr","GSM2545345",35
"Edn3","GSM2545345",315
"Prr15","GSM2545345",42
"Traf1","GSM2545345",163
"Pim2","GSM2545345",1191
"Lrrc8a","GSM2545345",3761
"Erp44","GSM2545345",1700
"Tmem33","GSM2545345",5700
"Fen1","GSM2545345",650
"Tfap4","GSM2545345",313
"Lman2","GSM2545345",3436
"Senp8","GSM2545345",248
"Alg14","GSM2545345",726
"Ddah1","GSM2545345",4010
"Pomt1","GSM2545345",603
"Rab3b","GSM2545345",331
"Lrrc29","GSM2545345",68
"Nqo1","GSM2545345",424
"Gpr137b","GSM2545345",513
"Pcif1","GSM2545345",2044
"Qdpr","GSM2545345",4743
"Dcdc2b","GSM2545345",316
"Rap2a","GSM2545345",2121
"Cnpy4","GSM2545345",549
"Wdr41","GSM2545345",1386
"Gm20627","GSM2545345",30
"Mmaa","GSM2545345",1271
"Gm13562","GSM2545345",27
"Cd70","GSM2545345",34
"Itm2a","GSM2545345",1873
"Avil","GSM2545345",71
"Zscan22","GSM2545345",535
"Itgb3","GSM2545345",78
"Col11a2","GSM2545345",481
"Apoc1","GSM2545345",42
"Tmeff2","GSM2545345",1773
"Tyro3","GSM2545345",6094
"Ift22","GSM2545345",1061
"Mtmr7","GSM2545345",2463
"Gabrr2","GSM2545345",84
"Ube2v2","GSM2545345",1951
"C77080","GSM2545345",1231
"Elovl5","GSM2545345",4259
"Serinc5","GSM2545345",2209
"Pyroxd2","GSM2545345",139
"Ypel2","GSM2545345",1866
"Parp3","GSM2545345",369
"Xpo1","GSM2545345",5340
"Polr2a","GSM2545345",4748
"Tspyl4","GSM2545345",26269
"Irgm1","GSM2545345",426
"Cep131","GSM2545345",779
"Sema4d","GSM2545345",3622
"Gbp6","GSM2545345",204
"Zfp119b","GSM2545345",231
"Eps15","GSM2545345",12223
"Pxmp2","GSM2545345",229
"Tomm40l","GSM2545345",1839
"Atat1","GSM2545345",1022
"Chrac1","GSM2545345",397
"Mrpl24","GSM2545345",1576
"Ipo9","GSM2545345",6240
"Actg1","GSM2545345",6348
"Noxred1","GSM2545345",64
"Gm20501","GSM2545345",131
"H2-K1","GSM2545345",1052
"Lig1","GSM2545345",482
"Morn2","GSM2545345",274
"Dcakd","GSM2545345",980
"Nop14","GSM2545345",932
"Bbs1","GSM2545345",1393
"Tada2b","GSM2545345",1172
"Gal3st1","GSM2545345",189
"Xpc","GSM2545345",646
"Irf2bp2","GSM2545345",2741
"Spns2","GSM2545345",2045
"Pole","GSM2545345",82
"Fam78b","GSM2545345",1575
"Ggcx","GSM2545345",812
"Anks1","GSM2545345",2068
"Pgm2","GSM2545345",3549
"Zgrf1","GSM2545345",399
"Alkbh3","GSM2545345",402
"Dnd1","GSM2545345",72
"Lime1","GSM2545345",2251
"Trim23","GSM2545345",3817
"Abhd14a","GSM2545345",511
"Zkscan3","GSM2545345",1922
"Fam131b","GSM2545345",8056
"Elovl1","GSM2545345",623
"Trim72","GSM2545345",36
"Klhdc9","GSM2545345",104
"Iqck","GSM2545345",91
"Smim14","GSM2545345",5536
"Kcnab3","GSM2545345",1241
"Ing5","GSM2545345",516
"Cnnm3","GSM2545345",2210
"Fn3k","GSM2545345",1057
"Cnp","GSM2545345",13248
"Uros","GSM2545345",691
"Eml1","GSM2545345",2387
"Lgals3","GSM2545345",88
"Gjb1","GSM2545345",557
"Dynll1","GSM2545345",2418
"Cyp2j12","GSM2545345",101
"Crip3","GSM2545345",42
"Sbk1","GSM2545345",24635
"Camkk2","GSM2545345",10316
"Setd7","GSM2545345",16765
"Btf3l4","GSM2545345",1779
"Acbd4","GSM2545345",1285
"Gm16835","GSM2545345",172
"Gpr37","GSM2545345",1601
"Prr5l","GSM2545345",467
"Slain1","GSM2545345",1835
"Calr","GSM2545345",12260
"Bst1","GSM2545345",5
"Fmnl3","GSM2545345",382
"Gpr89","GSM2545345",602
"Zranb1","GSM2545345",6532
"Col27a1","GSM2545345",890
"Emc8","GSM2545345",3029
"Ormdl3","GSM2545345",2733
"Capg","GSM2545345",96
"Zbtb21","GSM2545345",935
"Sord","GSM2545345",695
"Tsc22d1","GSM2545345",10648
"Gpld1","GSM2545345",2793
"Cdh4","GSM2545345",604
"Hkdc1","GSM2545345",75
"Ggact","GSM2545345",1350
"Zfp493","GSM2545345",135
"Mkks","GSM2545345",1446
"Gm15423","GSM2545345",85
"Npas2","GSM2545345",176
"Plin4","GSM2545345",1319
"Rragc","GSM2545345",2659
"Nsun3","GSM2545345",440
"Hgsnat","GSM2545345",2674
"Acr","GSM2545345",27
"Ccdc167","GSM2545345",1243
"Thap1","GSM2545345",358
"Egfl8","GSM2545345",112
"Vps33a","GSM2545345",4167
"Igbp1","GSM2545345",1220
"Tbx6","GSM2545345",79
"Dcst2","GSM2545345",17
"Rbm28","GSM2545345",1931
"Pms1","GSM2545345",363
"Rtcb","GSM2545345",3773
"Smad9","GSM2545345",1679
"Ubxn2b","GSM2545345",784
"Rnf170","GSM2545345",1474
"Pithd1","GSM2545345",1964
"Steap3","GSM2545345",76
"Tomm20","GSM2545345",8186
"Klf15","GSM2545345",1881
"Amz2","GSM2545345",1593
"Folh1","GSM2545345",782
"Ubfd1","GSM2545345",2591
"Gpx3","GSM2545345",340
"C4b","GSM2545345",690
"Mdfi","GSM2545345",431
"Nucb2","GSM2545345",255
"Clip4","GSM2545345",1285
"Tipin","GSM2545345",634
"Amy1","GSM2545345",829
"Efhd1","GSM2545345",1458
"Smim15","GSM2545345",1949
"Zfp658","GSM2545345",834
"E2f6","GSM2545345",1758
"Lix1","GSM2545345",332
"Coq4","GSM2545345",292
"Otoa","GSM2545345",54
"Mex3a","GSM2545345",177
"Tmem132c","GSM2545345",1097
"Dclk1","GSM2545345",15240
"Eml2","GSM2545345",2711
"Glyr1","GSM2545345",7421
"Gm1976","GSM2545345",339
"Smyd3","GSM2545345",1198
"Dcaf8","GSM2545345",7077
"Lias","GSM2545345",1050
"Msn","GSM2545345",2746
"Timmdc1","GSM2545345",581
"H2-Q6","GSM2545345",29
"Asic3","GSM2545345",46
"Col5a3","GSM2545345",308
"Stx3","GSM2545345",2323
"AW046200","GSM2545345",119
"Hsf1","GSM2545345",1423
"Colq","GSM2545345",142
"Rcor3","GSM2545345",1252
"Slc6a20a","GSM2545345",1056
"Prps1","GSM2545345",2195
"Keap1","GSM2545345",1839
"Tap2","GSM2545345",352
"Slc16a7","GSM2545345",1259
"Eif2b3","GSM2545345",505
"Flywch1","GSM2545345",11005
"Amigo2","GSM2545345",806
"Hspd1","GSM2545345",6856
"Sost","GSM2545345",27
"Gm8615","GSM2545345",32
"Kcnk13","GSM2545345",94
"Tspyl2","GSM2545345",4359
"Spsb3","GSM2545345",2317
"Gm8493","GSM2545345",21
"Fgf22","GSM2545345",61
"Slc6a6","GSM2545345",4423
"Xist","GSM2545345",3
"Ddx3y","GSM2545345",4127
"Eif2s3y","GSM2545345",2749
"Kdm5d","GSM2545345",1459
"Uty","GSM2545345",1377
"Eif2s3x","GSM2545345",1440
"Kdm6a","GSM2545345",2023
"Casp12","GSM2545345",234
"Ddx3x","GSM2545345",17588
"Prl2c3","GSM2545345",53
"Casp1","GSM2545345",68
"Pbdc1","GSM2545345",419
"Kdm5c","GSM2545345",3767
"Ctxn2","GSM2545345",118
"Ldoc1","GSM2545345",522
"Gpr179","GSM2545345",16
"Pou4f1","GSM2545345",2
"Tmprss3","GSM2545345",36
"Prl2c2","GSM2545345",4
"Slc35b1","GSM2545345",1572
"Myoc","GSM2545345",226
"Cartpt","GSM2545345",3
"Tchh","GSM2545345",49
"H2-Q2","GSM2545345",4
"Ascl1","GSM2545345",77
"Crhr1","GSM2545345",2670
"Gm4017","GSM2545345",30
"Impg1","GSM2545345",30
"Rxfp3","GSM2545345",3
"AI504432","GSM2545345",816
"Mpo","GSM2545345",5
"Oxtr","GSM2545345",16
"Usp2","GSM2545345",4479
"Lor","GSM2545345",3
"Srrm4","GSM2545345",3244
"Slc35g1","GSM2545345",200
"Tceal6","GSM2545345",1028
"Dach2","GSM2545345",69
"Lgr6","GSM2545345",205
"Kcna4","GSM2545345",183
"Zfyve28","GSM2545345",3026
"Hps4","GSM2545345",766
"Ucp3","GSM2545345",75
"Mettl17","GSM2545345",780
"Atg9b","GSM2545345",29
"Usp3","GSM2545345",4675
"Acta2","GSM2545345",274
"Wdr24","GSM2545345",611
"Zw10","GSM2545345",1578
"Ubtd2","GSM2545345",2354
"Slc6a4","GSM2545345",0
"Cog1","GSM2545345",1932
"S100a9","GSM2545345",59
"Nadk","GSM2545345",2448
"Col6a1","GSM2545345",551
"Susd2","GSM2545345",149
"Fam53b","GSM2545345",2459
"Npas1","GSM2545345",7
"Rhbdf1","GSM2545345",472
"Cacnb1","GSM2545345",667
"Zfp579","GSM2545345",871
"Dtx4","GSM2545345",879
"Chrm3","GSM2545345",72
"Plcl2","GSM2545345",1605
"Ptprj","GSM2545345",3499
"Cyhr1","GSM2545345",5547
"Stx5a","GSM2545345",2425
"Smim8","GSM2545345",395
"Pappa2","GSM2545345",3
"Stbd1","GSM2545345",52
"Rln3","GSM2545345",0
"Ldlr","GSM2545345",827
"Bmp2","GSM2545345",42
"Itga10","GSM2545345",339
"Unc45a","GSM2545345",1510
"Hap1","GSM2545345",2009
"Gm35339","GSM2545345",417
"Serpinb8","GSM2545345",97
"Tmem200c","GSM2545345",195
"Ngb","GSM2545345",13
"Myh11","GSM2545345",291
"Ass1","GSM2545345",313
"Ccdc28b","GSM2545345",1751
"Vsx2","GSM2545345",0
"Klhl1","GSM2545345",185
"Slit1","GSM2545345",84
"Rbm10","GSM2545345",3065
"Sgk1","GSM2545345",8238
"Zbtb24","GSM2545345",689
"Kif5a","GSM2545345",29099
"Alox8","GSM2545345",117
"Rgcc","GSM2545345",324
"Olfr1033","GSM2545345",78
"Lrrn4","GSM2545345",2
"Trim59","GSM2545345",576
"Pnma2","GSM2545345",205
"Arc","GSM2545345",624
"Lypd6b","GSM2545345",55
"Prkar2b","GSM2545345",547
"Gabrd","GSM2545345",5653
"Sh3gl1","GSM2545345",1639
"Rab9b","GSM2545345",816
"Slc9a2","GSM2545345",206
"Gata3","GSM2545345",5
"Rnd3","GSM2545345",448
"Tdgf1","GSM2545345",236
"Tph2","GSM2545345",18
"Gprc5c","GSM2545345",2519
"Syt16","GSM2545345",128
"Cdyl","GSM2545345",506
"St8sia2","GSM2545345",57
"Usp19","GSM2545345",5976
"Foxj2","GSM2545345",2350
"Wdfy2","GSM2545345",1652
"Fibcd1","GSM2545345",14
"Hs3st4","GSM2545345",36
"Rab27b","GSM2545345",298
"Gm4988","GSM2545345",102
"Hebp1","GSM2545345",174
"Mrgpre","GSM2545345",81
"Slc22a4","GSM2545345",2532
"Txndc11","GSM2545345",1295
"Pgr15l","GSM2545345",0
"Evpl","GSM2545345",29
"Pax7","GSM2545345",1
"Trim65","GSM2545345",147
"Gm33533","GSM2545345",1
"Otof","GSM2545345",73
"Alk","GSM2545345",31
"Acap3","GSM2545345",3205
"Erdr1","GSM2545345",318
"Kcnq5","GSM2545345",83
"Msln","GSM2545345",69
"Tbc1d20","GSM2545345",1238
"Slc16a10","GSM2545345",241
"Errfi1","GSM2545345",2590
"Nr2e1","GSM2545345",2
"Gpr149","GSM2545345",2
"Plcxd1","GSM2545345",101
"Lrch3","GSM2545345",4940
"Morc2b","GSM2545345",152
"Elfn1","GSM2545345",51
"Rnf180","GSM2545345",261
"Pcdhb8","GSM2545345",151
"Creg2","GSM2545345",360
"Erich3","GSM2545345",643
"Rpp25","GSM2545345",137
"Fgfr1","GSM2545345",6052
"Sfrp2","GSM2545345",18
"Rprm","GSM2545345",53
"Tmem120b","GSM2545345",535
"Tpra1","GSM2545345",1770
"Igsf9","GSM2545345",9
"Jakmip1","GSM2545345",592
"Hsf4","GSM2545345",143
"Pcbd1","GSM2545345",78
"Rasgrf2","GSM2545345",224
"Dgkk","GSM2545345",12
"Paxip1","GSM2545345",1807
"Smtn","GSM2545345",260
"Cmpk2","GSM2545345",513
"Drd4","GSM2545345",43
"Samd11","GSM2545345",17
"Magel2","GSM2545345",17
"Csrnp3","GSM2545345",1379
"Zfp941","GSM2545345",569
"Lrrc1","GSM2545345",728
"Tmie","GSM2545345",233
"Pcdh8","GSM2545345",80
"Glra2","GSM2545345",112
"Gpatch8","GSM2545345",5194
"Slc6a16","GSM2545345",9
"Grm7","GSM2545345",880
"Ybx3","GSM2545345",1697
"Tenm3","GSM2545345",591
"Npffr1","GSM2545345",2
"Slc39a11","GSM2545345",336
"Otp","GSM2545345",2
"Hoga1","GSM2545345",65
"Egfl6","GSM2545345",6
"Plch2","GSM2545345",7758
"Pde11a","GSM2545345",18
"Zfp335","GSM2545345",1404
"Gpr61","GSM2545345",155
"Tox","GSM2545345",60
"Gabrr1","GSM2545345",9
"Jun","GSM2545345",2467
"Cox7b2","GSM2545345",27
"Mn1","GSM2545345",106
"Tmem130","GSM2545345",2824
"Dusp11","GSM2545345",7618
"Tmem91","GSM2545345",53
"Rbms2","GSM2545345",1072
"Inpp5j","GSM2545345",6018
"Vstm2a","GSM2545345",887
"C1qtnf2","GSM2545345",38
"Ctns","GSM2545345",1157
"Smarcd2","GSM2545345",3259
"Dbpht2","GSM2545345",63
"Ltbp2","GSM2545345",1900
"Drd1","GSM2545345",6
"Dact2","GSM2545345",152
"E4f1","GSM2545345",1136
"Zfp598","GSM2545345",2294
"Zcchc12","GSM2545345",318
"Zfp263","GSM2545345",1324
"Tspyl3","GSM2545345",462
"Arhgap10","GSM2545345",667
"Plxnb2","GSM2545345",5456
"Doc2a","GSM2545345",15
"Tmem29","GSM2545345",381
"Dpf2","GSM2545345",2864
"Foxl2os","GSM2545345",50
"Slc47a1","GSM2545345",353
"Nap1l5","GSM2545345",17645
"Mapk7","GSM2545345",1145
"Grem2","GSM2545345",83
"Pcdh10","GSM2545345",1314
"Nol3","GSM2545345",223
"Gpr83","GSM2545345",32
"Nrsn2","GSM2545345",1698
"Prss16","GSM2545345",7
"Pcdh18","GSM2545345",81
"Emx2","GSM2545345",2
"Ccdc81","GSM2545345",44
"Rwdd2a","GSM2545345",271
"Mpped1","GSM2545345",174
"Galnt7","GSM2545345",2170
"S100a8","GSM2545345",53
"Mau2","GSM2545345",4544
"Ptpn23","GSM2545345",2355
"Sstr1","GSM2545345",77
"Wdfy4","GSM2545345",33
"Anxa3","GSM2545345",518
"C3","GSM2545345",24
"Tead4","GSM2545345",232
"Clvs2","GSM2545345",310
"Gaa","GSM2545345",5270
"Zfp219","GSM2545345",5609
"Bves","GSM2545345",5
"Tmem161a","GSM2545345",875
"Unc5d","GSM2545345",433
"Cd180","GSM2545345",29
"Scml4","GSM2545345",8
"Stk38","GSM2545345",2127
"Sox17","GSM2545345",271
"Srsf9","GSM2545345",1403
"Herpud1","GSM2545345",3121
"Hmbs","GSM2545345",501
"Gm2824","GSM2545345",11
"Mir1901","GSM2545345",45
"Adamts19","GSM2545345",4
"Zfp36l1","GSM2545345",1149
"Impact","GSM2545345",6470
"Trmt6","GSM2545345",1513
"Plekhm1","GSM2545345",1668
"Basp1","GSM2545345",519
"Grid1","GSM2545345",853
"Zdbf2","GSM2545345",340
"Tal1","GSM2545345",48
"Raf1","GSM2545345",4002
"Pgpep1l","GSM2545345",11
"Fzd4","GSM2545345",1279
"Tfdp1","GSM2545345",1922
"Pdzrn4","GSM2545345",52
"Ier3","GSM2545345",437
"Mir378a","GSM2545345",10
"Magee2","GSM2545345",57
"Plekhg2","GSM2545345",283
"Boc","GSM2545345",3647
"Ddx39b","GSM2545345",5007
"H2-T24","GSM2545345",94
"Insm1","GSM2545345",7
"Vstm5","GSM2545345",63
"Kctd4","GSM2545345",83
"Oprm1","GSM2545345",66
"Zfand6","GSM2545345",2665
"Cx3cl1","GSM2545345",2033
"Tacr3","GSM2545345",3
"Gpr4","GSM2545345",173
"Ptgis","GSM2545345",116
"Ccdc28a","GSM2545345",438
"Ido2","GSM2545345",5
"Elfn2","GSM2545345",791
"Ngp","GSM2545345",52
"Ptpro","GSM2545345",128
"Neto1","GSM2545345",179
"Col6a2","GSM2545345",487
"Fev","GSM2545345",2
"Mmab","GSM2545345",500
"Resp18","GSM2545345",457
"Amn","GSM2545345",9
"Tmem132b","GSM2545345",419
"St6gal2","GSM2545345",123
"Tbc1d25","GSM2545345",775
"Pdcd2l","GSM2545345",577
"Acot3","GSM2545345",5
"Gm5468","GSM2545345",3
"Atg16l1","GSM2545345",1903
"Rpl14-ps1","GSM2545345",19
"Glra3","GSM2545345",23
"Plekhh3","GSM2545345",1691
"Pcdhga1","GSM2545345",142
"Gm9899","GSM2545345",1185
"Eps8l1","GSM2545345",86
"Serpina3g","GSM2545345",9
"Pcdh17","GSM2545345",1079
"Riok3","GSM2545345",3654
"Dcaf12l2","GSM2545345",8
"Ankrd6","GSM2545345",357
"Dhrs11","GSM2545345",414
"Zdhhc22","GSM2545345",182
"Hmgb3","GSM2545345",380
"Mid1","GSM2545345",149
"Celf3","GSM2545345",1625
"Akap5","GSM2545345",174
"Phlda3","GSM2545345",382
"Arfgap2","GSM2545345",3318
"Gabpb1","GSM2545345",1088
"Mybpc1","GSM2545345",2264
"Nfkbia","GSM2545345",1373
"Gabra3","GSM2545345",680
"Gtpbp2","GSM2545345",2365
"Ptgdr","GSM2545345",32
"Myh15","GSM2545345",26
"Ciz1","GSM2545345",1485
"Tmem62","GSM2545345",2868
"Pan3","GSM2545345",4490
"Pld3","GSM2545345",2339
"Trim3","GSM2545345",6233
"Spata2l","GSM2545345",590
"Gm2223","GSM2545345",10
"Dnah1","GSM2545345",44
"Pnoc","GSM2545345",73
"Dzank1","GSM2545345",6478
"Safb2","GSM2545345",2982
"Rnf128","GSM2545345",1076
"Jpx","GSM2545345",272
"Il16","GSM2545345",6681
"Slc26a7","GSM2545345",397
"Rspo1","GSM2545345",11
"Hcfc2","GSM2545345",1766
"Gm35315","GSM2545345",54
"Tyrp1","GSM2545345",24
"Pank4","GSM2545345",1807
"Ngef","GSM2545345",303
"Llgl1","GSM2545345",2808
"Usp12","GSM2545345",2441
"Ppp2r2d","GSM2545345",2151
"Zfp677","GSM2545345",152
"Heyl","GSM2545345",69
"Sin3b","GSM2545345",2206
"Sidt1","GSM2545345",1879
"Spin2c","GSM2545345",95
"Wasf2","GSM2545345",1261
"Tmem14a","GSM2545345",649
"Cntnap5a","GSM2545345",379
"Ccm2l","GSM2545345",171
"Sema3e","GSM2545345",624
"Il18bp","GSM2545345",405
"Slc35f1","GSM2545345",1116
"Best1","GSM2545345",22
"Pde8b","GSM2545345",635
"Htr7","GSM2545345",33
"Cfap57","GSM2545345",29
"Sgsm1","GSM2545345",3815
"Scn3b","GSM2545345",147
"Mark3","GSM2545345",3422
"Acsl5","GSM2545345",498
"Qpct","GSM2545345",126
"Iqcc","GSM2545345",749
"Noc2l","GSM2545345",2343
"Slc25a27","GSM2545345",4350
"Kdm4b","GSM2545345",2536
"Pde1b","GSM2545345",988
"Pcdha10","GSM2545345",47
"Gja5","GSM2545345",31
"Irs4","GSM2545345",3
"Mamdc4","GSM2545345",139
"Mthfd2l","GSM2545345",233
"Lrrtm1","GSM2545345",198
"Tacr1","GSM2545345",2
"Lmo3","GSM2545345",172
"Psg16","GSM2545345",1005
"Abcc8","GSM2545345",2356
"Epc1","GSM2545345",2825
"Slc6a7","GSM2545345",316
"Col4a5","GSM2545345",436
"Gm8013","GSM2545345",2
"Clpx","GSM2545345",2000
"Dffb","GSM2545345",383
"Senp3","GSM2545345",2477
"Hhex","GSM2545345",40
"Per2","GSM2545345",3144
"Rnpep","GSM2545345",1492
"Ttll1","GSM2545345",602
"Ppp1r1c","GSM2545345",7
"Moxd1","GSM2545345",323
"Susd6","GSM2545345",5176
"Ighm","GSM2545345",111
"Fam131a","GSM2545345",3255
"Zfp92","GSM2545345",11
"Kirrel","GSM2545345",452
"Npsr1","GSM2545345",1
"Kcnj16","GSM2545345",1327
"Atg10","GSM2545345",263
"Vwc2l","GSM2545345",24
"Sox14","GSM2545345",9
"Zc3h3","GSM2545345",482
"Gak","GSM2545345",3882
"Tox2","GSM2545345",101
"Tenm2","GSM2545345",639
"Begain","GSM2545345",709
"Dsc3","GSM2545345",1
"Fbll1","GSM2545345",271
"Dnah7a","GSM2545345",7
"Gm3764","GSM2545345",3851
"Strip1","GSM2545345",2807
"Nmnat3","GSM2545345",41
"Lims2","GSM2545345",329
"Fam43b","GSM2545345",169
"Ccnl2","GSM2545345",8282
"Gm11627","GSM2545345",3
"Rabl2","GSM2545345",945
"Kcnj3","GSM2545345",5125
"Zfp36","GSM2545345",276
"Slc2a1","GSM2545345",6367
"Cnksr3","GSM2545345",3038
"AW551984","GSM2545345",13
"Hykk","GSM2545345",201
"Rnasel","GSM2545345",81
"Shc1","GSM2545345",477
"Ppp1r12c","GSM2545345",3260
"Syne4","GSM2545345",323
"Arrdc2","GSM2545345",1146
"Usp28","GSM2545345",2136
"Slfn4","GSM2545345",12
"Pomt2","GSM2545345",1253
"Gm10432","GSM2545345",103
"Cngb1","GSM2545345",8
"Dot1l","GSM2545345",5629
"Gmnn","GSM2545345",96
"Ccdc160","GSM2545345",40
"Ptpn5","GSM2545345",510
"Mal2","GSM2545345",157
"Arap3","GSM2545345",221
"Mib2","GSM2545345",2430
"Itgb1bp2","GSM2545345",45
"Stk32b","GSM2545345",4
"Dgkb","GSM2545345",1090
"Pcgf6","GSM2545345",1101
"Serinc2","GSM2545345",832
"Arhgef37","GSM2545345",703
"Ltf","GSM2545345",23
"Timp2","GSM2545345",2768
"Snora41","GSM2545345",20
"F3","GSM2545345",2555
"Tgfbi","GSM2545345",228
"Rab44","GSM2545345",4
"Lclat1","GSM2545345",949
"Arid5b","GSM2545345",2178
"Col25a1","GSM2545345",148
"Inpp5b","GSM2545345",2568
"Dhfr","GSM2545345",337
"Phkg2","GSM2545345",1773
"Bcl11a","GSM2545345",501
"Nr2f1","GSM2545345",1844
"Trhr","GSM2545345",9
"Msc","GSM2545345",8
"Mndal","GSM2545345",180
"Pou3f2","GSM2545345",613
"Gm9962","GSM2545345",7
"Atg16l2","GSM2545345",931
"Gm16425","GSM2545345",5
"Ap1m1","GSM2545345",1867
"Trpv3","GSM2545345",11
"Inpp5k","GSM2545345",2445
"D11Wsu47e","GSM2545345",208
"Fkbp1b","GSM2545345",226
"Syvn1","GSM2545345",2051
"Aldh3a2","GSM2545345",2834
"Dtd2","GSM2545345",222
"Pcdh19","GSM2545345",180
"Gm5526","GSM2545345",16
"Nsun5","GSM2545345",487
"Hrh2","GSM2545345",203
"Lmbr1l","GSM2545345",638
"Pkn1","GSM2545345",1052
"Nptx2","GSM2545345",29
"Ctxn1","GSM2545345",147
"Rp1","GSM2545345",2
"Gm7357","GSM2545345",0
"Mrpl15","GSM2545345",1107
"Lypla1","GSM2545345",2155
"Tcea1","GSM2545345",3178
"Gm6104","GSM2545345",0
"Atp6v1h","GSM2545345",4694
"Oprk1","GSM2545345",55
"Npbwr1","GSM2545345",4
"Rb1cc1","GSM2545345",5805
"Gm2147","GSM2545345",2
"Gm26901","GSM2545345",4
"Sntg1","GSM2545345",373
"Gm6187","GSM2545345",0
"Rrs1","GSM2545345",636
"Mcmdc2","GSM2545345",42
"Snhg6","GSM2545345",266
"Snord87","GSM2545345",8
"Tcf24","GSM2545345",12
"Ppp1r42","GSM2545345",23
"Arfgef1","GSM2545345",5361
"Cpa6","GSM2545345",2
"Ncoa2","GSM2545345",4316
"Tram1","GSM2545345",1689
"Gm5523","GSM2545345",0
"Eya1","GSM2545345",320
"Smt3h2-ps4","GSM2545345",4
"Trpa1","GSM2545345",0
"Gm10566","GSM2545345",1
"Terf1","GSM2545345",675
"Rdh10","GSM2545345",935
"Stau2","GSM2545345",3337
"Ly96","GSM2545345",30
"Jph1","GSM2545345",1300
"Gdap1","GSM2545345",5297
"Rbm6-ps1","GSM2545345",10
"Pi15","GSM2545345",14
"Gm28154","GSM2545345",14
"Gm16070","GSM2545345",0
"Gm15825","GSM2545345",0
"Tfap2d","GSM2545345",2
"Tfap2b","GSM2545345",2091
"Pkhd1","GSM2545345",1
"Mir133b","GSM2545345",2
"Il17f","GSM2545345",1
"Paqr8","GSM2545345",19573
"Tram2","GSM2545345",11
"Gm7658","GSM2545345",15
"Gm7761","GSM2545345",8
"Mir30c-2","GSM2545345",7
"Ogfrl1","GSM2545345",9626
"Smap1","GSM2545345",3112
"Fam135a","GSM2545345",2829
"Col19a1","GSM2545345",965
"Lmbrd1","GSM2545345",9320
"Gm20172","GSM2545345",1
"Gm29214","GSM2545345",0
"Gm7846","GSM2545345",19
"Gm5525","GSM2545345",19
"Phf3","GSM2545345",4345
"Khdrbs2","GSM2545345",215
"Gm5415","GSM2545345",0
"Zfp451","GSM2545345",1203
"Gm15455","GSM2545345",9
"Bend6","GSM2545345",8373
"Ptpn18","GSM2545345",54
"Cfc1","GSM2545345",4
"Amer3","GSM2545345",2033
"Fam168b","GSM2545345",11210
"Gm33222","GSM2545345",7
"Kansl3","GSM2545345",3648
"Fer1l5","GSM2545345",1
"Cnnm4","GSM2545345",1028
"Sema4c","GSM2545345",999
"Cox5b","GSM2545345",4970
"Zap70","GSM2545345",14
"Tmem131","GSM2545345",2994
"Cnga3","GSM2545345",0
"Unc50","GSM2545345",1445
"Lipt1","GSM2545345",95
"Mrpl30","GSM2545345",1128
"Lyg2","GSM2545345",5
"Txndc9","GSM2545345",1692
"Eif5b","GSM2545345",5220
"Gm16150","GSM2545345",23
"Gm16152","GSM2545345",2
"Pdcl3","GSM2545345",1074
"Rpl31","GSM2545345",3061
"Tbc1d8","GSM2545345",1784
"Cnot11","GSM2545345",1346
"Snord89","GSM2545345",3
"Rnf149","GSM2545345",1006
"Rfx8","GSM2545345",4
"Gm16894","GSM2545345",9
"Il1rl2","GSM2545345",12
"Il1rl1","GSM2545345",7
"Il18r1","GSM2545345",0
"Slc9a4","GSM2545345",6
"Mfsd9","GSM2545345",166
"Tmem182","GSM2545345",8
"Gm28175","GSM2545345",10
"Pantr1","GSM2545345",217
"Pou3f3","GSM2545345",1380
"Pantr2","GSM2545345",43
"Mrps9","GSM2545345",1203
"Gpr45","GSM2545345",54
"Tgfbrap1","GSM2545345",2335
"Fhl2","GSM2545345",135
"Nck2","GSM2545345",752
"Uxs1","GSM2545345",1379
"Gm16103","GSM2545345",2
"Tpp2","GSM2545345",2895
"Tex30","GSM2545345",262
"Bivm","GSM2545345",932
"Gulp1","GSM2545345",208
"Wdr75","GSM2545345",1087
"Dnah7b","GSM2545345",626
"Gm4852","GSM2545345",2
"Gm8337","GSM2545345",21
"Nabp1","GSM2545345",360
"Gm17767","GSM2545345",1
"Myo1b","GSM2545345",761
"Stat4","GSM2545345",5
"Stat1","GSM2545345",1725
"Gls","GSM2545345",13738
"Rps27a-ps1","GSM2545345",1
"Gm28178","GSM2545345",0
"Inpp1","GSM2545345",3451
"Mstn","GSM2545345",19
"Asnsd1","GSM2545345",716
"Gtf3c3","GSM2545345",1013
"Pgap1","GSM2545345",1786
"Gm19637","GSM2545345",1
"Ankrd44","GSM2545345",565
"Sf3b1","GSM2545345",15867
"Gm6822","GSM2545345",7
"Boll","GSM2545345",2
"Gm8292","GSM2545345",9
"Plcl1","GSM2545345",1317
"Gm6644","GSM2545345",2
"Satb2","GSM2545345",16
"BC055402","GSM2545345",0
"Tyw5","GSM2545345",491
"Spats2l","GSM2545345",300
"Aox4","GSM2545345",3
"Aox2","GSM2545345",2
"Bzw1","GSM2545345",7897
"Clk1","GSM2545345",8348
"Ppil3","GSM2545345",335
"Nif3l1","GSM2545345",684
"Cflar","GSM2545345",1382
"Casp8","GSM2545345",111
"Stradb","GSM2545345",974
"Tmem237","GSM2545345",982
"Cdk15","GSM2545345",4
"Fzd7","GSM2545345",2227
"Sumo1","GSM2545345",3065
"Fam117b","GSM2545345",4198
"Wdr12","GSM2545345",1054
"Nbeal1","GSM2545345",1245
"Abi2","GSM2545345",4288
"Cd28","GSM2545345",60
"Gm11581","GSM2545345",2
"Icos","GSM2545345",3
"Nrp2","GSM2545345",422
"Gm4208","GSM2545345",1
"Ndufs1","GSM2545345",6986
"Eef1b2","GSM2545345",3494
"Gpr1","GSM2545345",2
"Gm11605","GSM2545345",6
"Adam23","GSM2545345",6837
"Dytn","GSM2545345",4
"Mdh1b","GSM2545345",15
"Gm13748","GSM2545345",7
"Ccnyl1","GSM2545345",446
"Plekhm3","GSM2545345",1830
"Rpl10a-ps1","GSM2545345",26
"Cryga","GSM2545345",0
"Pikfyve","GSM2545345",2517
"Map2","GSM2545345",20808
"Unc80","GSM2545345",17426
"Kansl1l","GSM2545345",1282
"Acadl","GSM2545345",2054
"Gm15793","GSM2545345",2
"Spag16","GSM2545345",113
"Bard1","GSM2545345",17
"Abca12","GSM2545345",2
"Atic","GSM2545345",898
"Fn1","GSM2545345",3349
"Gm5256","GSM2545345",2
"Tmem169","GSM2545345",535
"Xrcc5","GSM2545345",688
"Smarcal1","GSM2545345",2726
"Igfbp2","GSM2545345",3046
"Gm29183","GSM2545345",3
"Rufy4","GSM2545345",3
"Cxcr2","GSM2545345",3
"Arpc2","GSM2545345",4070
"Aamp","GSM2545345",4701
"Tmbim1","GSM2545345",1907
"Catip","GSM2545345",60
"Zfp142","GSM2545345",1597
"Rnf25","GSM2545345",1321
"Ttll4","GSM2545345",1882
"Prkag3","GSM2545345",14
"Gm29539","GSM2545345",2
"Wnt10a","GSM2545345",6
"Ihh","GSM2545345",11
"Slc23a3","GSM2545345",4
"Zfand2b","GSM2545345",361
"Ankzf1","GSM2545345",1009
"Glb1l","GSM2545345",372
"Ptprn","GSM2545345",4126
"Des","GSM2545345",78
"Asic4","GSM2545345",17
"Chpf","GSM2545345",2187
"Obsl1","GSM2545345",662
"Stk11ip","GSM2545345",980
"Slc4a3","GSM2545345",3213
"Epha4","GSM2545345",1087
"Pax3","GSM2545345",274
"Mogat1","GSM2545345",11
"Kcne4","GSM2545345",55
"Gm5830","GSM2545345",11
"Scg2","GSM2545345",5880
"Mrpl44","GSM2545345",793
"Gm5529","GSM2545345",21
"Fam124b","GSM2545345",2
"Cul3","GSM2545345",7768
"Nyap2","GSM2545345",1079
"Rhbdd1","GSM2545345",568
"Col4a4","GSM2545345",111
"Col4a3","GSM2545345",94
"Mff","GSM2545345",6879
"Daw1","GSM2545345",32
"Trip12","GSM2545345",7214
"Fbxo36","GSM2545345",100
"Slc16a14","GSM2545345",190
"Gm15433","GSM2545345",0
"Rpl19-ps1","GSM2545345",3
"Sp110","GSM2545345",29
"Sp140","GSM2545345",24
"Sp100","GSM2545345",173
"Cab39","GSM2545345",8114
"Gpr55","GSM2545345",3
"Spata3","GSM2545345",15
"Htr2b","GSM2545345",1
"Armc9","GSM2545345",686
"B3gnt7","GSM2545345",6
"Snora75","GSM2545345",13
"Nmur1","GSM2545345",15
"Dis3l2","GSM2545345",778
"Gm6136","GSM2545345",19
"Ecel1","GSM2545345",16
"Prss56","GSM2545345",2
"Kcnj13","GSM2545345",845
"Inpp5d","GSM2545345",175
"Scarna6","GSM2545345",0
"Sag","GSM2545345",23
"Dgkd","GSM2545345",9103
"Gm19582","GSM2545345",67
"Usp40","GSM2545345",1305
"Ugt1a7c","GSM2545345",8
"Dnajb3","GSM2545345",28
"Mroh2a","GSM2545345",10
"Spp2","GSM2545345",7
"Gm29538","GSM2545345",13
"Glrp1","GSM2545345",0
"Sh3bp4","GSM2545345",464
"Gbx2","GSM2545345",1
"Iqca","GSM2545345",26
"Ackr3","GSM2545345",310
"Col6a3","GSM2545345",68
"Rab17","GSM2545345",2
"Ube2f","GSM2545345",1378
"Klhl30","GSM2545345",6
"Twist2","GSM2545345",2
"Hdac4","GSM2545345",1744
"Ndufa10","GSM2545345",4397
"Mir149","GSM2545345",0
"Ankmy1","GSM2545345",18
"Rnpepl1","GSM2545345",1159
"Capn10","GSM2545345",1033
"Gpr35","GSM2545345",43
"Pask","GSM2545345",182
"Hdlbp","GSM2545345",7869
"Farp2","GSM2545345",309
"Stk25","GSM2545345",5093
"Thap4","GSM2545345",449
"D2hgdh","GSM2545345",418
"Pdcd1","GSM2545345",1
"Gm7895","GSM2545345",17
"Fam174a","GSM2545345",1532
"Slco4c1","GSM2545345",6
"Panct2","GSM2545345",12
"Gm6430","GSM2545345",8
"Gin1","GSM2545345",400
"Pam","GSM2545345",1661
"Cntnap5b","GSM2545345",893
"Cdh20","GSM2545345",912
"Pign","GSM2545345",819
"Gm10193","GSM2545345",1
"Tnfrsf11a","GSM2545345",67
"Gm7160","GSM2545345",14
"Gm20753","GSM2545345",6
"Bcl2","GSM2545345",711
"Vps4b","GSM2545345",2068
"Serpinb5","GSM2545345",5
"Serpinb10","GSM2545345",3
"Gm8141","GSM2545345",6
"Cdh7","GSM2545345",1865
"Cdh19","GSM2545345",735
"Gm8173","GSM2545345",1
"Dsel","GSM2545345",292
"Gm6028","GSM2545345",4
"Nifk","GSM2545345",817
"Clasp1","GSM2545345",3077
"Inhbb","GSM2545345",247
"Gm3551","GSM2545345",0
"Gm28209","GSM2545345",1
"Cfap221","GSM2545345",6
"Sctr","GSM2545345",4
"Tmem37","GSM2545345",30
"En1","GSM2545345",24
"Insig2","GSM2545345",2290
"Ccdc93","GSM2545345",1184
"Htr5b","GSM2545345",6
"Ddx18","GSM2545345",809
"Actr3","GSM2545345",6054
"Slc35f5","GSM2545345",663
"Gpr39","GSM2545345",1
"Mgat5","GSM2545345",3484
"Gm8451","GSM2545345",32
"Tmem163","GSM2545345",2099
"Acmsd","GSM2545345",2
"Zranb3","GSM2545345",164
"Gm28800","GSM2545345",1
"Rpl28-ps1","GSM2545345",26
"Mir128-1","GSM2545345",3
"Lct","GSM2545345",8
"Gm6170","GSM2545345",32
"Thsd7b","GSM2545345",37
"Gm29428","GSM2545345",2
"Cd55","GSM2545345",284
"Gm16083","GSM2545345",5
"C4bp-ps1","GSM2545345",9
"Yod1","GSM2545345",500
"Fcamr","GSM2545345",3
"Dyrk3","GSM2545345",182
"Ikbke","GSM2545345",43
"Srgap2","GSM2545345",7896
"Slc26a9","GSM2545345",0
"Pm20d1","GSM2545345",208
"Rab29","GSM2545345",195
"Cdk18","GSM2545345",490
"Gm29695","GSM2545345",102
"Lemd1","GSM2545345",9
"Gm7241","GSM2545345",1
"Klhdc8a","GSM2545345",648
"Lrrn2","GSM2545345",3436
"Gm29257","GSM2545345",7
"Gm28609","GSM2545345",2
"Plekha6","GSM2545345",4203
"Ren1","GSM2545345",6
"Sox13","GSM2545345",318
"Zbed6","GSM2545345",1380
"Lax1","GSM2545345",4
"Optc","GSM2545345",27
"Prelp","GSM2545345",1429
"Gm8618","GSM2545345",0
"Mybph","GSM2545345",20
"Myog","GSM2545345",1
"Ppfia4","GSM2545345",9198
"Tmem183a","GSM2545345",2709
"Kdm5b","GSM2545345",2109
"Ppp1r12b","GSM2545345",3055
"Ube2t","GSM2545345",84
"Ptprv","GSM2545345",1
"Timm17a","GSM2545345",1453
"Csrp1","GSM2545345",9529
"Tnni1","GSM2545345",81
"Lad1","GSM2545345",28
"Pkp1","GSM2545345",4
"Ascl5","GSM2545345",1
"Cacna1s","GSM2545345",31
"Gm15850","GSM2545345",1
"Kif21b","GSM2545345",1086
"Camsap2","GSM2545345",7551
"Kif14","GSM2545345",11
"Gm29485","GSM2545345",0
"Gm19705","GSM2545345",32
"Mif-ps1","GSM2545345",3
"Nr5a2","GSM2545345",0
"Ptprc","GSM2545345",92
"Lhx9","GSM2545345",32
"Dennd1b","GSM2545345",855
"Crb1","GSM2545345",7
"Zbtb41","GSM2545345",1647
"Cfhr2","GSM2545345",1
"Gm5837","GSM2545345",4
"Kcnt2","GSM2545345",38
"Gm5835","GSM2545345",31
"Cdc73","GSM2545345",845
"B3galt2","GSM2545345",850
"Glrx2","GSM2545345",1944
"Rgs1","GSM2545345",2
"Gm7266","GSM2545345",2
"Rgs18","GSM2545345",6
"Brinp3","GSM2545345",719
"Ptgs2os","GSM2545345",2
"Ptgs2","GSM2545345",51
"Tpr","GSM2545345",5924
"Swt1","GSM2545345",748
"Mir7682","GSM2545345",2
"Rnf2","GSM2545345",1504
"Gm36527","GSM2545345",1
"Edem3","GSM2545345",3545
"Tsen15","GSM2545345",574
"Colgalt2","GSM2545345",113
"Rgl1","GSM2545345",1156
"Arpc5","GSM2545345",2062
"Ncf2","GSM2545345",89
"Nmnat2","GSM2545345",8790
"Lamc2","GSM2545345",90
"Dhx9","GSM2545345",6655
"Rgs16","GSM2545345",720
"Rgsl1","GSM2545345",13
"Zfp648","GSM2545345",4
"Gm9530","GSM2545345",16
"Stx6","GSM2545345",1631
"Xpr1","GSM2545345",3865
"Gm5532","GSM2545345",2
"Acbd6","GSM2545345",890
"Lhx4","GSM2545345",6
"Cep350","GSM2545345",3168
"Fam163a","GSM2545345",68
"Tdrd5","GSM2545345",51
"Nphs2","GSM2545345",12
"Gm2000","GSM2545345",25
"Soat1","GSM2545345",622
"Abl2","GSM2545345",1699
"Fam20b","GSM2545345",3070
"Ralgps2","GSM2545345",1838
"Angptl1","GSM2545345",13
"Rasal2","GSM2545345",2356
"Brinp2","GSM2545345",941
"Gm4953","GSM2545345",4
"Gm31256","GSM2545345",0
"Rabgap1l","GSM2545345",6047
"Gm6177","GSM2545345",0
"Rc3h1","GSM2545345",2999
"Serpinc1","GSM2545345",0
"Snord47","GSM2545345",31
"Dars2","GSM2545345",627
"Cenpl","GSM2545345",100
"Fasl","GSM2545345",10
"Dnm3","GSM2545345",9969
"Dnm3os","GSM2545345",4
"Prrc2c","GSM2545345",6031
"Fmo2","GSM2545345",600
"Mettl11b","GSM2545345",10
"BC055324","GSM2545345",119
"Sele","GSM2545345",1
"Selp","GSM2545345",0
"F5","GSM2545345",1309
"Nme7","GSM2545345",437
"Atp1b1","GSM2545345",55710
"Gm26685","GSM2545345",1
"Dpt","GSM2545345",2
"Gm20743","GSM2545345",189
"Sft2d2","GSM2545345",1286
"Tiprl","GSM2545345",1850
"Rcsd1","GSM2545345",236
"Gm32999","GSM2545345",1
"Dusp27","GSM2545345",9
"Mael","GSM2545345",4
"Gm16418","GSM2545345",10
"Gm16701","GSM2545345",155
"Aldh9a1","GSM2545345",1465
"Mgst3","GSM2545345",1750
"Lrrc52","GSM2545345",12
"Rxrg","GSM2545345",19
"Lmx1a","GSM2545345",95
"Pbx1","GSM2545345",3768
"Asl","GSM2545346",938
"Apod","GSM2545346",27769
"Cyp2d22","GSM2545346",2985
"Klk6","GSM2545346",327
"Fcrls","GSM2545346",89
"Slc2a4","GSM2545346",654
"Exd2","GSM2545346",1531
"Gjc2","GSM2545346",240
"Plp1","GSM2545346",38019
"Gnb4","GSM2545346",960
"Tnc","GSM2545346",212
"Trf","GSM2545346",9827
"Tubb2b","GSM2545346",1852
"Fads1","GSM2545346",5551
"Lxn","GSM2545346",1353
"Prr18","GSM2545346",1249
"Cmtm5","GSM2545346",1223
"Enpp1","GSM2545346",366
"Clic4","GSM2545346",4866
"Tm6sf2","GSM2545346",27
"Slc20a2","GSM2545346",6538
"Itih3","GSM2545346",5098
"Ptn","GSM2545346",4396
"Prodh","GSM2545346",2053
"Msantd1","GSM2545346",78
"Ugt8a","GSM2545346",1292
"Fbln5","GSM2545346",1153
"Trp53inp2","GSM2545346",7188
"Slc7a3","GSM2545346",179
"Dnase1l2","GSM2545346",126
"Icosl","GSM2545346",837
"Rmnd1","GSM2545346",701
"Tssk5","GSM2545346",240
"Pycr1","GSM2545346",20
"Pla2g3","GSM2545346",370
"Vmn2r1","GSM2545346",125
"Gm29797","GSM2545346",17
"Phyhd1","GSM2545346",1644
"Gpr146","GSM2545346",1284
"Mag","GSM2545346",4600
"Tufm","GSM2545346",1235
"Igdcc4","GSM2545346",1687
"Gm10654","GSM2545346",329
"Ncmap","GSM2545346",123
"Etv4","GSM2545346",205
"Fabp7","GSM2545346",163
"Cpsf4l","GSM2545346",15
"Hexa","GSM2545346",978
"Mfge8","GSM2545346",1213
"Ccdc136","GSM2545346",4871
"Glul","GSM2545346",71706
"Hopx","GSM2545346",3220
"Pigq","GSM2545346",2799
"Vps11","GSM2545346",3494
"Proca1","GSM2545346",145
"Fbxl22","GSM2545346",39
"Sfxn5","GSM2545346",6916
"Hexim2","GSM2545346",630
"Agt","GSM2545346",5882
"Rlbp1","GSM2545346",162
"Jam2","GSM2545346",2636
"Lcat","GSM2545346",1231
"Oxct1","GSM2545346",10777
"Cacna1e","GSM2545346",4711
"Fa2h","GSM2545346",1163
"Plxnb3","GSM2545346",654
"Lman2l","GSM2545346",785
"Dpy19l1","GSM2545346",1711
"Kctd21","GSM2545346",466
"Thra","GSM2545346",13040
"Dok3","GSM2545346",50
"Sult1a1","GSM2545346",1413
"Rpe","GSM2545346",829
"Acrbp","GSM2545346",194
"Slc2a9","GSM2545346",164
"Emp2","GSM2545346",873
"Aipl1","GSM2545346",72
"Uri1","GSM2545346",2478
"Bcs1l","GSM2545346",277
"Rbm3","GSM2545346",10054
"Tra2a","GSM2545346",2926
"Prex1","GSM2545346",3074
"Josd2","GSM2545346",895
"Tmco3","GSM2545346",1119
"Srebf1","GSM2545346",2960
"Acer2","GSM2545346",716
"Tsga10","GSM2545346",204
"Cyp3a13","GSM2545346",200
"Relt","GSM2545346",826
"Nrep","GSM2545346",23619
"Slc14a1","GSM2545346",1081
"Pnpla2","GSM2545346",1793
"Map6d1","GSM2545346",1467
"Ier5","GSM2545346",930
"Bfsp2","GSM2545346",61
"Idi1","GSM2545346",387
"Kat2b","GSM2545346",7070
"Rmdn3","GSM2545346",3347
"Eif4b","GSM2545346",10655
"Grm4","GSM2545346",8164
"Pink1","GSM2545346",21641
"Mettl16","GSM2545346",659
"Fam193b","GSM2545346",1872
"Rtca","GSM2545346",1747
"Fgfbp1","GSM2545346",142
"Pigs","GSM2545346",1901
"Cfp","GSM2545346",492
"Desi1","GSM2545346",4355
"Gbp4","GSM2545346",549
"Nid1","GSM2545346",634
"Armcx5","GSM2545346",922
"Cryab","GSM2545346",1938
"Prss53","GSM2545346",77
"Car4","GSM2545346",3023
"Gm6277","GSM2545346",95
"Amt","GSM2545346",755
"Zc3h6","GSM2545346",1637
"Aqp4","GSM2545346",13806
"Tmem198b","GSM2545346",558
"Abi3bp","GSM2545346",696
"Xpa","GSM2545346",541
"Aldh6a1","GSM2545346",4908
"Adam1a","GSM2545346",331
"Dynlt1a","GSM2545346",343
"Gatm","GSM2545346",3201
"H2-Q4","GSM2545346",344
"Nras","GSM2545346",1343
"Pla2g4e","GSM2545346",814
"Lpar1","GSM2545346",1311
"Il12rb1","GSM2545346",110
"Enpp6","GSM2545346",371
"Ermn","GSM2545346",2659
"Marcksl1","GSM2545346",688
"Ubqln4","GSM2545346",2502
"Glt8d1","GSM2545346",956
"Ddx25","GSM2545346",1708
"Gpr17","GSM2545346",338
"Cat","GSM2545346",1522
"Wwox","GSM2545346",1043
"Phkg1","GSM2545346",473
"Ppp1r3f","GSM2545346",1263
"Mrpl35","GSM2545346",837
"Nudt9","GSM2545346",1611
"Lypd6","GSM2545346",1399
"Spice1","GSM2545346",436
"Tuba8","GSM2545346",867
"Spon1","GSM2545346",4723
"Nfya","GSM2545346",697
"Sc5d","GSM2545346",3012
"Aldh18a1","GSM2545346",605
"Ebp","GSM2545346",700
"Srr","GSM2545346",1805
"Gm14827","GSM2545346",178
"Gm31135","GSM2545346",21
"Adam17","GSM2545346",820
"Slc39a2","GSM2545346",398
"Snn","GSM2545346",5782
"Hnrnpc","GSM2545346",7466
"Srbd1","GSM2545346",318
"Ptp4a1","GSM2545346",1133
"Tppp","GSM2545346",7385
"Stac3","GSM2545346",73
"Emid1","GSM2545346",220
"Cotl1","GSM2545346",3827
"Ovgp1","GSM2545346",1022
"Ssx2ip","GSM2545346",3626
"Hsd3b7","GSM2545346",465
"Kazald1","GSM2545346",326
"Omd","GSM2545346",283
"Bcas1","GSM2545346",4651
"Gm9925","GSM2545346",493
"Dleu2","GSM2545346",214
"Chil3","GSM2545346",130
"Deaf1","GSM2545346",2755
"Dusp19","GSM2545346",213
"Gkn3","GSM2545346",12
"Pllp","GSM2545346",977
"Sox2ot","GSM2545346",467
"Ntf3","GSM2545346",91
"Lum","GSM2545346",113
"Gm20751","GSM2545346",197
"Thnsl2","GSM2545346",232
"Slc2a4rg-ps","GSM2545346",217
"Agpat5","GSM2545346",2972
"Mdk","GSM2545346",521
"Penk","GSM2545346",3373
"Cirbp","GSM2545346",5614
"Aloxe3","GSM2545346",541
"Nudt5","GSM2545346",354
"Serpinb1a","GSM2545346",282
"Mt1","GSM2545346",12615
"Fgfr3","GSM2545346",4978
"Myo1d","GSM2545346",459
"Cd99l2","GSM2545346",2822
"C2cd2","GSM2545346",659
"Brsk2","GSM2545346",6983
"Mrrf","GSM2545346",366
"Snhg4","GSM2545346",342
"Hmgcs1","GSM2545346",4399
"Stk17b","GSM2545346",3342
"Cyp51","GSM2545346",1619
"Gria4","GSM2545346",18404
"Ttyh1","GSM2545346",28039
"Slc13a1","GSM2545346",56
"Phf7","GSM2545346",257
"Get4","GSM2545346",1463
"Gstm1","GSM2545346",9851
"Fbxo31","GSM2545346",3124
"Padi2","GSM2545346",675
"Gnmt","GSM2545346",291
"Paip2b","GSM2545346",4354
"Slc17a9","GSM2545346",66
"Vopp1","GSM2545346",1241
"Ogdhl","GSM2545346",4255
"Dcaf12","GSM2545346",2038
"Rorc","GSM2545346",1614
"Cp","GSM2545346",2017
"Jade2","GSM2545346",2458
"Nbl1","GSM2545346",4575
"Hsph1","GSM2545346",3046
"Serf2","GSM2545346",2847
"Rasgef1a","GSM2545346",4599
"Prrg1","GSM2545346",381
"Etnppl","GSM2545346",7288
"Cyp4f15","GSM2545346",256
"Ankrd29","GSM2545346",836
"Gm27252","GSM2545346",135
"Kctd2","GSM2545346",3647
"Iigp1","GSM2545346",228
"Ak4","GSM2545346",3306
"Idh2","GSM2545346",1814
"Camkk1","GSM2545346",2986
"Rftn2","GSM2545346",998
"Igtp","GSM2545346",272
"Bche","GSM2545346",273
"Marcks","GSM2545346",4861
"Pabpc4","GSM2545346",615
"Pmp22","GSM2545346",1273
"Car14","GSM2545346",1340
"Serpinh1","GSM2545346",603
"Ppp1r13b","GSM2545346",3361
"Tfrc","GSM2545346",8993
"Smox","GSM2545346",2786
"Tjap1","GSM2545346",537
"Msmo1","GSM2545346",1410
"Slc26a8","GSM2545346",179
"Eml3","GSM2545346",1445
"Csf2ra","GSM2545346",252
"Rnf141","GSM2545346",2793
"Slc25a16","GSM2545346",1814
"Echdc1","GSM2545346",1059
"Eid2b","GSM2545346",941
"Piga","GSM2545346",378
"Ccdc149","GSM2545346",1132
"Car15","GSM2545346",419
"Eny2","GSM2545346",3504
"Mroh1","GSM2545346",4271
"Pcyox1l","GSM2545346",470
"Ankrd39","GSM2545346",599
"Timeless","GSM2545346",446
"Sparc","GSM2545346",49325
"Slc7a10","GSM2545346",1252
"Ppp1r2","GSM2545346",5333
"Psmf1","GSM2545346",1298
"Adat1","GSM2545346",174
"Slc6a12","GSM2545346",289
"Snhg3","GSM2545346",330
"Prg4","GSM2545346",868
"Plod1","GSM2545346",693
"Whamm","GSM2545346",1168
"Ttpa","GSM2545346",383
"Thbs3","GSM2545346",299
"Gltp","GSM2545346",1236
"Pex6","GSM2545346",1281
"Aim2","GSM2545346",245
"Ednrb","GSM2545346",4474
"Nuf2","GSM2545346",75
"Mog","GSM2545346",2029
"Ccl27a","GSM2545346",1420
"Tac4","GSM2545346",42
"Snhg8","GSM2545346",416
"Ak6","GSM2545346",240
"Kctd20","GSM2545346",2376
"Itgb4","GSM2545346",449
"Zfp810","GSM2545346",859
"Gm33489","GSM2545346",83
"Gna12","GSM2545346",1362
"Cyp4v3","GSM2545346",803
"Pkp4","GSM2545346",9011
"Agpat1","GSM2545346",1695
"Gipr","GSM2545346",77
"Edn3","GSM2545346",197
"Prr15","GSM2545346",95
"Traf1","GSM2545346",113
"Pim2","GSM2545346",980
"Lrrc8a","GSM2545346",3852
"Erp44","GSM2545346",1461
"Tmem33","GSM2545346",4753
"Fen1","GSM2545346",814
"Tfap4","GSM2545346",405
"Lman2","GSM2545346",2498
"Senp8","GSM2545346",170
"Alg14","GSM2545346",557
"Ddah1","GSM2545346",3491
"Pomt1","GSM2545346",443
"Rab3b","GSM2545346",573
"Lrrc29","GSM2545346",116
"Nqo1","GSM2545346",596
"Gpr137b","GSM2545346",387
"Pcif1","GSM2545346",2805
"Qdpr","GSM2545346",4093
"Dcdc2b","GSM2545346",160
"Rap2a","GSM2545346",1779
"Cnpy4","GSM2545346",366
"Wdr41","GSM2545346",1247
"Gm20627","GSM2545346",12
"Mmaa","GSM2545346",1165
"Gm13562","GSM2545346",9
"Cd70","GSM2545346",10
"Itm2a","GSM2545346",1757
"Avil","GSM2545346",18
"Zscan22","GSM2545346",356
"Itgb3","GSM2545346",50
"Col11a2","GSM2545346",358
"Apoc1","GSM2545346",112
"Tmeff2","GSM2545346",1738
"Tyro3","GSM2545346",4906
"Ift22","GSM2545346",832
"Mtmr7","GSM2545346",3077
"Gabrr2","GSM2545346",116
"Ube2v2","GSM2545346",1564
"C77080","GSM2545346",1506
"Elovl5","GSM2545346",3433
"Serinc5","GSM2545346",2182
"Pyroxd2","GSM2545346",91
"Ypel2","GSM2545346",1418
"Parp3","GSM2545346",416
"Xpo1","GSM2545346",4108
"Polr2a","GSM2545346",5720
"Tspyl4","GSM2545346",21503
"Irgm1","GSM2545346",491
"Cep131","GSM2545346",1032
"Sema4d","GSM2545346",3068
"Gbp6","GSM2545346",311
"Zfp119b","GSM2545346",297
"Eps15","GSM2545346",10984
"Pxmp2","GSM2545346",281
"Tomm40l","GSM2545346",1460
"Atat1","GSM2545346",779
"Chrac1","GSM2545346",496
"Mrpl24","GSM2545346",1199
"Ipo9","GSM2545346",8962
"Actg1","GSM2545346",6129
"Noxred1","GSM2545346",23
"Gm20501","GSM2545346",185
"H2-K1","GSM2545346",1477
"Lig1","GSM2545346",661
"Morn2","GSM2545346",162
"Dcakd","GSM2545346",785
"Nop14","GSM2545346",1157
"Bbs1","GSM2545346",1085
"Tada2b","GSM2545346",1564
"Gal3st1","GSM2545346",197
"Xpc","GSM2545346",939
"Irf2bp2","GSM2545346",2131
"Spns2","GSM2545346",2098
"Pole","GSM2545346",164
"Fam78b","GSM2545346",1316
"Ggcx","GSM2545346",635
"Anks1","GSM2545346",1777
"Pgm2","GSM2545346",4153
"Zgrf1","GSM2545346",602
"Alkbh3","GSM2545346",598
"Dnd1","GSM2545346",23
"Lime1","GSM2545346",1448
"Trim23","GSM2545346",4790
"Abhd14a","GSM2545346",424
"Zkscan3","GSM2545346",1597
"Fam131b","GSM2545346",10520
"Elovl1","GSM2545346",531
"Trim72","GSM2545346",75
"Klhdc9","GSM2545346",188
"Iqck","GSM2545346",114
"Smim14","GSM2545346",6281
"Kcnab3","GSM2545346",2100
"Ing5","GSM2545346",654
"Cnnm3","GSM2545346",2650
"Fn3k","GSM2545346",848
"Cnp","GSM2545346",12859
"Uros","GSM2545346",547
"Eml1","GSM2545346",1948
"Lgals3","GSM2545346",127
"Gjb1","GSM2545346",519
"Dynll1","GSM2545346",1675
"Cyp2j12","GSM2545346",97
"Crip3","GSM2545346",22
"Sbk1","GSM2545346",17527
"Camkk2","GSM2545346",8869
"Setd7","GSM2545346",11337
"Btf3l4","GSM2545346",2413
"Acbd4","GSM2545346",1489
"Gm16835","GSM2545346",234
"Gpr37","GSM2545346",1556
"Prr5l","GSM2545346",456
"Slain1","GSM2545346",1668
"Calr","GSM2545346",7257
"Bst1","GSM2545346",23
"Fmnl3","GSM2545346",445
"Gpr89","GSM2545346",469
"Zranb1","GSM2545346",8232
"Col27a1","GSM2545346",488
"Emc8","GSM2545346",3557
"Ormdl3","GSM2545346",3203
"Capg","GSM2545346",140
"Zbtb21","GSM2545346",713
"Sord","GSM2545346",998
"Tsc22d1","GSM2545346",8539
"Gpld1","GSM2545346",2964
"Cdh4","GSM2545346",530
"Hkdc1","GSM2545346",118
"Ggact","GSM2545346",1608
"Zfp493","GSM2545346",89
"Mkks","GSM2545346",979
"Gm15423","GSM2545346",128
"Npas2","GSM2545346",239
"Plin4","GSM2545346",1537
"Rragc","GSM2545346",2952
"Nsun3","GSM2545346",730
"Hgsnat","GSM2545346",3139
"Acr","GSM2545346",128
"Ccdc167","GSM2545346",941
"Thap1","GSM2545346",289
"Egfl8","GSM2545346",57
"Vps33a","GSM2545346",4663
"Igbp1","GSM2545346",1517
"Tbx6","GSM2545346",43
"Dcst2","GSM2545346",36
"Rbm28","GSM2545346",1504
"Pms1","GSM2545346",550
"Rtcb","GSM2545346",4347
"Smad9","GSM2545346",1903
"Ubxn2b","GSM2545346",552
"Rnf170","GSM2545346",1839
"Pithd1","GSM2545346",2635
"Steap3","GSM2545346",57
"Tomm20","GSM2545346",10700
"Klf15","GSM2545346",2154
"Amz2","GSM2545346",1379
"Folh1","GSM2545346",975
"Ubfd1","GSM2545346",2150
"Gpx3","GSM2545346",1004
"C4b","GSM2545346",919
"Mdfi","GSM2545346",254
"Nucb2","GSM2545346",326
"Clip4","GSM2545346",1593
"Tipin","GSM2545346",837
"Amy1","GSM2545346",1098
"Efhd1","GSM2545346",1297
"Smim15","GSM2545346",1603
"Zfp658","GSM2545346",614
"E2f6","GSM2545346",1541
"Lix1","GSM2545346",287
"Coq4","GSM2545346",210
"Otoa","GSM2545346",89
"Mex3a","GSM2545346",106
"Tmem132c","GSM2545346",1295
"Dclk1","GSM2545346",12124
"Eml2","GSM2545346",4180
"Glyr1","GSM2545346",8117
"Gm1976","GSM2545346",511
"Smyd3","GSM2545346",1555
"Dcaf8","GSM2545346",7903
"Lias","GSM2545346",1196
"Msn","GSM2545346",2160
"Timmdc1","GSM2545346",451
"H2-Q6","GSM2545346",91
"Asic3","GSM2545346",80
"Col5a3","GSM2545346",430
"Stx3","GSM2545346",3393
"AW046200","GSM2545346",70
"Hsf1","GSM2545346",974
"Colq","GSM2545346",81
"Rcor3","GSM2545346",1463
"Slc6a20a","GSM2545346",1230
"Prps1","GSM2545346",2386
"Keap1","GSM2545346",2194
"Tap2","GSM2545346",444
"Slc16a7","GSM2545346",977
"Eif2b3","GSM2545346",627
"Flywch1","GSM2545346",12436
"Amigo2","GSM2545346",966
"Hspd1","GSM2545346",5669
"Sost","GSM2545346",12
"Gm8615","GSM2545346",5
"Kcnk13","GSM2545346",101
"Tspyl2","GSM2545346",5168
"Spsb3","GSM2545346",2883
"Gm8493","GSM2545346",8
"Fgf22","GSM2545346",126
"Slc6a6","GSM2545346",5689
"Xist","GSM2545346",16
"Ddx3y","GSM2545346",4742
"Eif2s3y","GSM2545346",3489
"Kdm5d","GSM2545346",1330
"Uty","GSM2545346",1374
"Eif2s3x","GSM2545346",1715
"Kdm6a","GSM2545346",2189
"Casp12","GSM2545346",255
"Ddx3x","GSM2545346",20544
"Prl2c3","GSM2545346",36
"Casp1","GSM2545346",62
"Pbdc1","GSM2545346",337
"Kdm5c","GSM2545346",2938
"Ctxn2","GSM2545346",85
"Ldoc1","GSM2545346",382
"Gpr179","GSM2545346",40
"Pou4f1","GSM2545346",8
"Tmprss3","GSM2545346",38
"Prl2c2","GSM2545346",10
"Slc35b1","GSM2545346",1555
"Myoc","GSM2545346",248
"Cartpt","GSM2545346",12
"Tchh","GSM2545346",61
"H2-Q2","GSM2545346",31
"Ascl1","GSM2545346",108
"Crhr1","GSM2545346",2244
"Gm4017","GSM2545346",13
"Impg1","GSM2545346",30
"Rxfp3","GSM2545346",15
"AI504432","GSM2545346",835
"Mpo","GSM2545346",8
"Oxtr","GSM2545346",15
"Usp2","GSM2545346",4287
"Lor","GSM2545346",15
"Srrm4","GSM2545346",3273
"Slc35g1","GSM2545346",240
"Tceal6","GSM2545346",1045
"Dach2","GSM2545346",79
"Lgr6","GSM2545346",220
"Kcna4","GSM2545346",181
"Zfyve28","GSM2545346",3323
"Hps4","GSM2545346",512
"Ucp3","GSM2545346",107
"Mettl17","GSM2545346",784
"Atg9b","GSM2545346",67
"Usp3","GSM2545346",4740
"Acta2","GSM2545346",210
"Wdr24","GSM2545346",611
"Zw10","GSM2545346",1428
"Ubtd2","GSM2545346",2623
"Slc6a4","GSM2545346",5
"Cog1","GSM2545346",1625
"S100a9","GSM2545346",144
"Nadk","GSM2545346",2111
"Col6a1","GSM2545346",554
"Susd2","GSM2545346",158
"Fam53b","GSM2545346",2242
"Npas1","GSM2545346",8
"Rhbdf1","GSM2545346",534
"Cacnb1","GSM2545346",702
"Zfp579","GSM2545346",616
"Dtx4","GSM2545346",888
"Chrm3","GSM2545346",126
"Plcl2","GSM2545346",1732
"Ptprj","GSM2545346",3694
"Cyhr1","GSM2545346",5137
"Stx5a","GSM2545346",2349
"Smim8","GSM2545346",423
"Pappa2","GSM2545346",4
"Stbd1","GSM2545346",37
"Rln3","GSM2545346",0
"Ldlr","GSM2545346",978
"Bmp2","GSM2545346",48
"Itga10","GSM2545346",212
"Unc45a","GSM2545346",1329
"Hap1","GSM2545346",2740
"Gm35339","GSM2545346",230
"Serpinb8","GSM2545346",89
"Tmem200c","GSM2545346",188
"Ngb","GSM2545346",75
"Myh11","GSM2545346",248
"Ass1","GSM2545346",571
"Ccdc28b","GSM2545346",1874
"Vsx2","GSM2545346",2
"Klhl1","GSM2545346",248
"Slit1","GSM2545346",161
"Rbm10","GSM2545346",2243
"Sgk1","GSM2545346",8440
"Zbtb24","GSM2545346",718
"Kif5a","GSM2545346",31922
"Alox8","GSM2545346",114
"Rgcc","GSM2545346",350
"Olfr1033","GSM2545346",63
"Lrrn4","GSM2545346",1
"Trim59","GSM2545346",613
"Pnma2","GSM2545346",279
"Arc","GSM2545346",569
"Lypd6b","GSM2545346",172
"Prkar2b","GSM2545346",663
"Gabrd","GSM2545346",5727
"Sh3gl1","GSM2545346",1433
"Rab9b","GSM2545346",698
"Slc9a2","GSM2545346",226
"Gata3","GSM2545346",22
"Rnd3","GSM2545346",463
"Tdgf1","GSM2545346",207
"Tph2","GSM2545346",41
"Gprc5c","GSM2545346",2231
"Syt16","GSM2545346",181
"Cdyl","GSM2545346",534
"St8sia2","GSM2545346",56
"Usp19","GSM2545346",4934
"Foxj2","GSM2545346",2131
"Wdfy2","GSM2545346",1770
"Fibcd1","GSM2545346",48
"Hs3st4","GSM2545346",166
"Rab27b","GSM2545346",425
"Gm4988","GSM2545346",127
"Hebp1","GSM2545346",148
"Mrgpre","GSM2545346",91
"Slc22a4","GSM2545346",2387
"Txndc11","GSM2545346",1328
"Pgr15l","GSM2545346",3
"Evpl","GSM2545346",49
"Pax7","GSM2545346",26
"Trim65","GSM2545346",157
"Gm33533","GSM2545346",27
"Otof","GSM2545346",80
"Alk","GSM2545346",45
"Acap3","GSM2545346",3135
"Erdr1","GSM2545346",428
"Kcnq5","GSM2545346",157
"Msln","GSM2545346",82
"Tbc1d20","GSM2545346",1401
"Slc16a10","GSM2545346",230
"Errfi1","GSM2545346",2267
"Nr2e1","GSM2545346",5
"Gpr149","GSM2545346",18
"Plcxd1","GSM2545346",148
"Lrch3","GSM2545346",4143
"Morc2b","GSM2545346",111
"Elfn1","GSM2545346",95
"Rnf180","GSM2545346",274
"Pcdhb8","GSM2545346",103
"Creg2","GSM2545346",343
"Erich3","GSM2545346",641
"Rpp25","GSM2545346",184
"Fgfr1","GSM2545346",6145
"Sfrp2","GSM2545346",37
"Rprm","GSM2545346",69
"Tmem120b","GSM2545346",572
"Tpra1","GSM2545346",1333
"Igsf9","GSM2545346",10
"Jakmip1","GSM2545346",736
"Hsf4","GSM2545346",223
"Pcbd1","GSM2545346",118
"Rasgrf2","GSM2545346",692
"Dgkk","GSM2545346",48
"Paxip1","GSM2545346",1690
"Smtn","GSM2545346",234
"Cmpk2","GSM2545346",718
"Drd4","GSM2545346",33
"Samd11","GSM2545346",21
"Magel2","GSM2545346",45
"Csrnp3","GSM2545346",1713
"Zfp941","GSM2545346",761
"Lrrc1","GSM2545346",706
"Tmie","GSM2545346",238
"Pcdh8","GSM2545346",111
"Glra2","GSM2545346",247
"Gpatch8","GSM2545346",5194
"Slc6a16","GSM2545346",13
"Grm7","GSM2545346",688
"Ybx3","GSM2545346",1492
"Tenm3","GSM2545346",629
"Npffr1","GSM2545346",7
"Slc39a11","GSM2545346",330
"Otp","GSM2545346",3
"Hoga1","GSM2545346",53
"Egfl6","GSM2545346",3
"Plch2","GSM2545346",5687
"Pde11a","GSM2545346",68
"Zfp335","GSM2545346",1307
"Gpr61","GSM2545346",191
"Tox","GSM2545346",129
"Gabrr1","GSM2545346",6
"Jun","GSM2545346",1909
"Cox7b2","GSM2545346",33
"Mn1","GSM2545346",213
"Tmem130","GSM2545346",3250
"Dusp11","GSM2545346",6236
"Tmem91","GSM2545346",85
"Rbms2","GSM2545346",964
"Inpp5j","GSM2545346",5051
"Vstm2a","GSM2545346",1077
"C1qtnf2","GSM2545346",54
"Ctns","GSM2545346",993
"Smarcd2","GSM2545346",3215
"Dbpht2","GSM2545346",65
"Ltbp2","GSM2545346",1794
"Drd1","GSM2545346",22
"Dact2","GSM2545346",178
"E4f1","GSM2545346",966
"Zfp598","GSM2545346",2226
"Zcchc12","GSM2545346",904
"Zfp263","GSM2545346",1404
"Tspyl3","GSM2545346",500
"Arhgap10","GSM2545346",670
"Plxnb2","GSM2545346",4908
"Doc2a","GSM2545346",129
"Tmem29","GSM2545346",465
"Dpf2","GSM2545346",2420
"Foxl2os","GSM2545346",29
"Slc47a1","GSM2545346",339
"Nap1l5","GSM2545346",20296
"Mapk7","GSM2545346",1003
"Grem2","GSM2545346",185
"Pcdh10","GSM2545346",1549
"Nol3","GSM2545346",234
"Gpr83","GSM2545346",70
"Nrsn2","GSM2545346",2119
"Prss16","GSM2545346",10
"Pcdh18","GSM2545346",84
"Emx2","GSM2545346",10
"Ccdc81","GSM2545346",44
"Rwdd2a","GSM2545346",377
"Mpped1","GSM2545346",251
"Galnt7","GSM2545346",2059
"S100a8","GSM2545346",142
"Mau2","GSM2545346",4913
"Ptpn23","GSM2545346",2023
"Sstr1","GSM2545346",150
"Wdfy4","GSM2545346",32
"Anxa3","GSM2545346",545
"C3","GSM2545346",71
"Tead4","GSM2545346",252
"Clvs2","GSM2545346",315
"Gaa","GSM2545346",6006
"Zfp219","GSM2545346",4622
"Bves","GSM2545346",14
"Tmem161a","GSM2545346",850
"Unc5d","GSM2545346",583
"Cd180","GSM2545346",34
"Scml4","GSM2545346",28
"Stk38","GSM2545346",2056
"Sox17","GSM2545346",205
"Srsf9","GSM2545346",1328
"Herpud1","GSM2545346",3034
"Hmbs","GSM2545346",491
"Gm2824","GSM2545346",55
"Mir1901","GSM2545346",19
"Adamts19","GSM2545346",15
"Zfp36l1","GSM2545346",1071
"Impact","GSM2545346",7125
"Trmt6","GSM2545346",1710
"Plekhm1","GSM2545346",1435
"Basp1","GSM2545346",1251
"Grid1","GSM2545346",747
"Zdbf2","GSM2545346",422
"Tal1","GSM2545346",97
"Raf1","GSM2545346",3759
"Pgpep1l","GSM2545346",12
"Fzd4","GSM2545346",1055
"Tfdp1","GSM2545346",1663
"Pdzrn4","GSM2545346",76
"Ier3","GSM2545346",438
"Mir378a","GSM2545346",13
"Magee2","GSM2545346",67
"Plekhg2","GSM2545346",213
"Boc","GSM2545346",3429
"Ddx39b","GSM2545346",5168
"H2-T24","GSM2545346",78
"Insm1","GSM2545346",21
"Vstm5","GSM2545346",102
"Kctd4","GSM2545346",107
"Oprm1","GSM2545346",168
"Zfand6","GSM2545346",2533
"Cx3cl1","GSM2545346",2082
"Tacr3","GSM2545346",45
"Gpr4","GSM2545346",144
"Ptgis","GSM2545346",131
"Ccdc28a","GSM2545346",427
"Ido2","GSM2545346",14
"Elfn2","GSM2545346",896
"Ngp","GSM2545346",119
"Ptpro","GSM2545346",270
"Neto1","GSM2545346",201
"Col6a2","GSM2545346",464
"Fev","GSM2545346",3
"Mmab","GSM2545346",621
"Resp18","GSM2545346",821
"Amn","GSM2545346",28
"Tmem132b","GSM2545346",666
"St6gal2","GSM2545346",169
"Tbc1d25","GSM2545346",606
"Pdcd2l","GSM2545346",679
"Acot3","GSM2545346",17
"Gm5468","GSM2545346",12
"Atg16l1","GSM2545346",2060
"Rpl14-ps1","GSM2545346",24
"Glra3","GSM2545346",187
"Plekhh3","GSM2545346",1695
"Pcdhga1","GSM2545346",173
"Gm9899","GSM2545346",1010
"Eps8l1","GSM2545346",266
"Serpina3g","GSM2545346",17
"Pcdh17","GSM2545346",977
"Riok3","GSM2545346",3851
"Dcaf12l2","GSM2545346",5
"Ankrd6","GSM2545346",473
"Dhrs11","GSM2545346",450
"Zdhhc22","GSM2545346",210
"Hmgb3","GSM2545346",452
"Mid1","GSM2545346",148
"Celf3","GSM2545346",1309
"Akap5","GSM2545346",214
"Phlda3","GSM2545346",399
"Arfgap2","GSM2545346",3770
"Gabpb1","GSM2545346",1250
"Mybpc1","GSM2545346",2149
"Nfkbia","GSM2545346",1418
"Gabra3","GSM2545346",995
"Gtpbp2","GSM2545346",2025
"Ptgdr","GSM2545346",18
"Myh15","GSM2545346",22
"Ciz1","GSM2545346",1224
"Tmem62","GSM2545346",2872
"Pan3","GSM2545346",4861
"Pld3","GSM2545346",2441
"Trim3","GSM2545346",6636
"Spata2l","GSM2545346",455
"Gm2223","GSM2545346",17
"Dnah1","GSM2545346",66
"Pnoc","GSM2545346",88
"Dzank1","GSM2545346",8065
"Safb2","GSM2545346",2396
"Rnf128","GSM2545346",944
"Jpx","GSM2545346",279
"Il16","GSM2545346",6274
"Slc26a7","GSM2545346",394
"Rspo1","GSM2545346",17
"Hcfc2","GSM2545346",1750
"Gm35315","GSM2545346",73
"Tyrp1","GSM2545346",12
"Pank4","GSM2545346",1691
"Ngef","GSM2545346",545
"Llgl1","GSM2545346",2562
"Usp12","GSM2545346",2686
"Ppp2r2d","GSM2545346",2536
"Zfp677","GSM2545346",137
"Heyl","GSM2545346",114
"Sin3b","GSM2545346",2159
"Sidt1","GSM2545346",1765
"Spin2c","GSM2545346",112
"Wasf2","GSM2545346",1199
"Tmem14a","GSM2545346",598
"Cntnap5a","GSM2545346",591
"Ccm2l","GSM2545346",165
"Sema3e","GSM2545346",523
"Il18bp","GSM2545346",322
"Slc35f1","GSM2545346",1054
"Best1","GSM2545346",37
"Pde8b","GSM2545346",661
"Htr7","GSM2545346",68
"Cfap57","GSM2545346",16
"Sgsm1","GSM2545346",4177
"Scn3b","GSM2545346",282
"Mark3","GSM2545346",3180
"Acsl5","GSM2545346",631
"Qpct","GSM2545346",145
"Iqcc","GSM2545346",639
"Noc2l","GSM2545346",2004
"Slc25a27","GSM2545346",4287
"Kdm4b","GSM2545346",2671
"Pde1b","GSM2545346",1408
"Pcdha10","GSM2545346",32
"Gja5","GSM2545346",20
"Irs4","GSM2545346",25
"Mamdc4","GSM2545346",63
"Mthfd2l","GSM2545346",287
"Lrrtm1","GSM2545346",241
"Tacr1","GSM2545346",51
"Lmo3","GSM2545346",245
"Psg16","GSM2545346",1031
"Abcc8","GSM2545346",1916
"Epc1","GSM2545346",2804
"Slc6a7","GSM2545346",449
"Col4a5","GSM2545346",335
"Gm8013","GSM2545346",3
"Clpx","GSM2545346",2088
"Dffb","GSM2545346",434
"Senp3","GSM2545346",2164
"Hhex","GSM2545346",39
"Per2","GSM2545346",2266
"Rnpep","GSM2545346",1169
"Ttll1","GSM2545346",612
"Ppp1r1c","GSM2545346",12
"Moxd1","GSM2545346",173
"Susd6","GSM2545346",4460
"Ighm","GSM2545346",171
"Fam131a","GSM2545346",3125
"Zfp92","GSM2545346",49
"Kirrel","GSM2545346",474
"Npsr1","GSM2545346",17
"Kcnj16","GSM2545346",1034
"Atg10","GSM2545346",260
"Vwc2l","GSM2545346",72
"Sox14","GSM2545346",15
"Zc3h3","GSM2545346",390
"Gak","GSM2545346",4128
"Tox2","GSM2545346",254
"Tenm2","GSM2545346",692
"Begain","GSM2545346",1017
"Dsc3","GSM2545346",12
"Fbll1","GSM2545346",274
"Dnah7a","GSM2545346",7
"Gm3764","GSM2545346",3971
"Strip1","GSM2545346",2802
"Nmnat3","GSM2545346",49
"Lims2","GSM2545346",282
"Fam43b","GSM2545346",193
"Ccnl2","GSM2545346",7417
"Gm11627","GSM2545346",11
"Rabl2","GSM2545346",724
"Kcnj3","GSM2545346",4929
"Zfp36","GSM2545346",212
"Slc2a1","GSM2545346",5664
"Cnksr3","GSM2545346",2758
"AW551984","GSM2545346",287
"Hykk","GSM2545346",161
"Rnasel","GSM2545346",83
"Shc1","GSM2545346",498
"Ppp1r12c","GSM2545346",3322
"Syne4","GSM2545346",311
"Arrdc2","GSM2545346",1216
"Usp28","GSM2545346",1869
"Slfn4","GSM2545346",9
"Pomt2","GSM2545346",1189
"Gm10432","GSM2545346",142
"Cngb1","GSM2545346",19
"Dot1l","GSM2545346",5364
"Gmnn","GSM2545346",108
"Ccdc160","GSM2545346",49
"Ptpn5","GSM2545346",682
"Mal2","GSM2545346",341
"Arap3","GSM2545346",232
"Mib2","GSM2545346",2177
"Itgb1bp2","GSM2545346",36
"Stk32b","GSM2545346",44
"Dgkb","GSM2545346",1113
"Pcgf6","GSM2545346",969
"Serinc2","GSM2545346",600
"Arhgef37","GSM2545346",775
"Ltf","GSM2545346",59
"Timp2","GSM2545346",4029
"Snora41","GSM2545346",18
"F3","GSM2545346",2872
"Tgfbi","GSM2545346",238
"Rab44","GSM2545346",3
"Lclat1","GSM2545346",937
"Arid5b","GSM2545346",1717
"Col25a1","GSM2545346",287
"Inpp5b","GSM2545346",2453
"Dhfr","GSM2545346",309
"Phkg2","GSM2545346",1900
"Bcl11a","GSM2545346",464
"Nr2f1","GSM2545346",1743
"Trhr","GSM2545346",30
"Msc","GSM2545346",9
"Mndal","GSM2545346",180
"Pou3f2","GSM2545346",608
"Gm9962","GSM2545346",16
"Atg16l2","GSM2545346",732
"Gm16425","GSM2545346",7
"Ap1m1","GSM2545346",1770
"Trpv3","GSM2545346",18
"Inpp5k","GSM2545346",2866
"D11Wsu47e","GSM2545346",190
"Fkbp1b","GSM2545346",222
"Syvn1","GSM2545346",1596
"Aldh3a2","GSM2545346",2708
"Dtd2","GSM2545346",293
"Pcdh19","GSM2545346",302
"Gm5526","GSM2545346",13
"Nsun5","GSM2545346",489
"Hrh2","GSM2545346",199
"Lmbr1l","GSM2545346",565
"Pkn1","GSM2545346",1119
"Nptx2","GSM2545346",62
"Ctxn1","GSM2545346",239
"Rp1","GSM2545346",2
"Gm7357","GSM2545346",2
"Mrpl15","GSM2545346",1070
"Lypla1","GSM2545346",2055
"Tcea1","GSM2545346",3642
"Gm6104","GSM2545346",1
"Atp6v1h","GSM2545346",4726
"Oprk1","GSM2545346",71
"Npbwr1","GSM2545346",4
"Rb1cc1","GSM2545346",6104
"Gm2147","GSM2545346",0
"Gm26901","GSM2545346",6
"Sntg1","GSM2545346",498
"Gm6187","GSM2545346",0
"Rrs1","GSM2545346",666
"Mcmdc2","GSM2545346",34
"Snhg6","GSM2545346",234
"Snord87","GSM2545346",2
"Tcf24","GSM2545346",10
"Ppp1r42","GSM2545346",17
"Arfgef1","GSM2545346",5373
"Cpa6","GSM2545346",0
"Ncoa2","GSM2545346",4321
"Tram1","GSM2545346",1665
"Gm5523","GSM2545346",1
"Eya1","GSM2545346",295
"Smt3h2-ps4","GSM2545346",3
"Trpa1","GSM2545346",0
"Gm10566","GSM2545346",1
"Terf1","GSM2545346",593
"Rdh10","GSM2545346",798
"Stau2","GSM2545346",3765
"Ly96","GSM2545346",35
"Jph1","GSM2545346",1301
"Gdap1","GSM2545346",5431
"Rbm6-ps1","GSM2545346",6
"Pi15","GSM2545346",22
"Gm28154","GSM2545346",27
"Gm16070","GSM2545346",14
"Gm15825","GSM2545346",1
"Tfap2d","GSM2545346",329
"Tfap2b","GSM2545346",1494
"Pkhd1","GSM2545346",3
"Mir133b","GSM2545346",4
"Il17f","GSM2545346",2
"Paqr8","GSM2545346",17001
"Tram2","GSM2545346",18
"Gm7658","GSM2545346",7
"Gm7761","GSM2545346",4
"Mir30c-2","GSM2545346",14
"Ogfrl1","GSM2545346",10219
"Smap1","GSM2545346",3034
"Fam135a","GSM2545346",3306
"Col19a1","GSM2545346",1158
"Lmbrd1","GSM2545346",10193
"Gm20172","GSM2545346",0
"Gm29214","GSM2545346",0
"Gm7846","GSM2545346",13
"Gm5525","GSM2545346",11
"Phf3","GSM2545346",4237
"Khdrbs2","GSM2545346",236
"Gm5415","GSM2545346",3
"Zfp451","GSM2545346",1376
"Gm15455","GSM2545346",9
"Bend6","GSM2545346",9346
"Ptpn18","GSM2545346",39
"Cfc1","GSM2545346",1
"Amer3","GSM2545346",1946
"Fam168b","GSM2545346",10886
"Gm33222","GSM2545346",11
"Kansl3","GSM2545346",3381
"Fer1l5","GSM2545346",1
"Cnnm4","GSM2545346",958
"Sema4c","GSM2545346",992
"Cox5b","GSM2545346",4804
"Zap70","GSM2545346",24
"Tmem131","GSM2545346",2959
"Cnga3","GSM2545346",2
"Unc50","GSM2545346",1436
"Lipt1","GSM2545346",109
"Mrpl30","GSM2545346",1137
"Lyg2","GSM2545346",6
"Txndc9","GSM2545346",1731
"Eif5b","GSM2545346",4690
"Gm16150","GSM2545346",26
"Gm16152","GSM2545346",2
"Pdcl3","GSM2545346",1032
"Rpl31","GSM2545346",2608
"Tbc1d8","GSM2545346",1627
"Cnot11","GSM2545346",1383
"Snord89","GSM2545346",12
"Rnf149","GSM2545346",1084
"Rfx8","GSM2545346",5
"Gm16894","GSM2545346",20
"Il1rl2","GSM2545346",19
"Il1rl1","GSM2545346",11
"Il18r1","GSM2545346",2
"Slc9a4","GSM2545346",11
"Mfsd9","GSM2545346",156
"Tmem182","GSM2545346",10
"Gm28175","GSM2545346",18
"Pantr1","GSM2545346",245
"Pou3f3","GSM2545346",1399
"Pantr2","GSM2545346",42
"Mrps9","GSM2545346",1227
"Gpr45","GSM2545346",80
"Tgfbrap1","GSM2545346",2419
"Fhl2","GSM2545346",137
"Nck2","GSM2545346",715
"Uxs1","GSM2545346",1460
"Gm16103","GSM2545346",2
"Tpp2","GSM2545346",3064
"Tex30","GSM2545346",213
"Bivm","GSM2545346",996
"Gulp1","GSM2545346",286
"Wdr75","GSM2545346",1253
"Dnah7b","GSM2545346",606
"Gm4852","GSM2545346",5
"Gm8337","GSM2545346",17
"Nabp1","GSM2545346",380
"Gm17767","GSM2545346",6
"Myo1b","GSM2545346",860
"Stat4","GSM2545346",4
"Stat1","GSM2545346",1526
"Gls","GSM2545346",13081
"Rps27a-ps1","GSM2545346",1
"Gm28178","GSM2545346",3
"Inpp1","GSM2545346",3214
"Mstn","GSM2545346",16
"Asnsd1","GSM2545346",750
"Gtf3c3","GSM2545346",1160
"Pgap1","GSM2545346",1951
"Gm19637","GSM2545346",1
"Ankrd44","GSM2545346",668
"Sf3b1","GSM2545346",18332
"Gm6822","GSM2545346",6
"Boll","GSM2545346",4
"Gm8292","GSM2545346",6
"Plcl1","GSM2545346",1342
"Gm6644","GSM2545346",1
"Satb2","GSM2545346",20
"BC055402","GSM2545346",4
"Tyw5","GSM2545346",446
"Spats2l","GSM2545346",377
"Aox4","GSM2545346",7
"Aox2","GSM2545346",1
"Bzw1","GSM2545346",8514
"Clk1","GSM2545346",8017
"Ppil3","GSM2545346",354
"Nif3l1","GSM2545346",730
"Cflar","GSM2545346",1196
"Casp8","GSM2545346",97
"Stradb","GSM2545346",1070
"Tmem237","GSM2545346",986
"Cdk15","GSM2545346",11
"Fzd7","GSM2545346",2202
"Sumo1","GSM2545346",3044
"Fam117b","GSM2545346",3983
"Wdr12","GSM2545346",1017
"Nbeal1","GSM2545346",1517
"Abi2","GSM2545346",4513
"Cd28","GSM2545346",53
"Gm11581","GSM2545346",0
"Icos","GSM2545346",1
"Nrp2","GSM2545346",400
"Gm4208","GSM2545346",1
"Ndufs1","GSM2545346",7546
"Eef1b2","GSM2545346",3877
"Gpr1","GSM2545346",4
"Gm11605","GSM2545346",0
"Adam23","GSM2545346",6844
"Dytn","GSM2545346",3
"Mdh1b","GSM2545346",19
"Gm13748","GSM2545346",11
"Ccnyl1","GSM2545346",505
"Plekhm3","GSM2545346",1743
"Rpl10a-ps1","GSM2545346",26
"Cryga","GSM2545346",2
"Pikfyve","GSM2545346",2556
"Map2","GSM2545346",22753
"Unc80","GSM2545346",17009
"Kansl1l","GSM2545346",1411
"Acadl","GSM2545346",1877
"Gm15793","GSM2545346",1
"Spag16","GSM2545346",104
"Bard1","GSM2545346",17
"Abca12","GSM2545346",5
"Atic","GSM2545346",874
"Fn1","GSM2545346",2788
"Gm5256","GSM2545346",0
"Tmem169","GSM2545346",629
"Xrcc5","GSM2545346",744
"Smarcal1","GSM2545346",2676
"Igfbp2","GSM2545346",2099
"Gm29183","GSM2545346",5
"Rufy4","GSM2545346",7
"Cxcr2","GSM2545346",9
"Arpc2","GSM2545346",4000
"Aamp","GSM2545346",4716
"Tmbim1","GSM2545346",1748
"Catip","GSM2545346",87
"Zfp142","GSM2545346",1418
"Rnf25","GSM2545346",1190
"Ttll4","GSM2545346",1727
"Prkag3","GSM2545346",24
"Gm29539","GSM2545346",2
"Wnt10a","GSM2545346",8
"Ihh","GSM2545346",9
"Slc23a3","GSM2545346",4
"Zfand2b","GSM2545346",394
"Ankzf1","GSM2545346",892
"Glb1l","GSM2545346",332
"Ptprn","GSM2545346",4353
"Des","GSM2545346",65
"Asic4","GSM2545346",118
"Chpf","GSM2545346",1988
"Obsl1","GSM2545346",663
"Stk11ip","GSM2545346",840
"Slc4a3","GSM2545346",3127
"Epha4","GSM2545346",994
"Pax3","GSM2545346",283
"Mogat1","GSM2545346",2
"Kcne4","GSM2545346",64
"Gm5830","GSM2545346",4
"Scg2","GSM2545346",7781
"Mrpl44","GSM2545346",779
"Gm5529","GSM2545346",11
"Fam124b","GSM2545346",3
"Cul3","GSM2545346",7880
"Nyap2","GSM2545346",1177
"Rhbdd1","GSM2545346",497
"Col4a4","GSM2545346",95
"Col4a3","GSM2545346",91
"Mff","GSM2545346",7106
"Daw1","GSM2545346",19
"Trip12","GSM2545346",7748
"Fbxo36","GSM2545346",115
"Slc16a14","GSM2545346",215
"Gm15433","GSM2545346",0
"Rpl19-ps1","GSM2545346",0
"Sp110","GSM2545346",27
"Sp140","GSM2545346",34
"Sp100","GSM2545346",169
"Cab39","GSM2545346",9085
"Gpr55","GSM2545346",6
"Spata3","GSM2545346",10
"Htr2b","GSM2545346",2
"Armc9","GSM2545346",691
"B3gnt7","GSM2545346",11
"Snora75","GSM2545346",11
"Nmur1","GSM2545346",39
"Dis3l2","GSM2545346",878
"Gm6136","GSM2545346",18
"Ecel1","GSM2545346",28
"Prss56","GSM2545346",0
"Kcnj13","GSM2545346",503
"Inpp5d","GSM2545346",210
"Scarna6","GSM2545346",4
"Sag","GSM2545346",7
"Dgkd","GSM2545346",9337
"Gm19582","GSM2545346",71
"Usp40","GSM2545346",1355
"Ugt1a7c","GSM2545346",8
"Dnajb3","GSM2545346",30
"Mroh2a","GSM2545346",14
"Spp2","GSM2545346",13
"Gm29538","GSM2545346",12
"Glrp1","GSM2545346",2
"Sh3bp4","GSM2545346",460
"Gbx2","GSM2545346",1
"Iqca","GSM2545346",28
"Ackr3","GSM2545346",287
"Col6a3","GSM2545346",83
"Rab17","GSM2545346",1
"Ube2f","GSM2545346",1281
"Klhl30","GSM2545346",5
"Twist2","GSM2545346",0
"Hdac4","GSM2545346",1693
"Ndufa10","GSM2545346",4220
"Mir149","GSM2545346",1
"Ankmy1","GSM2545346",17
"Rnpepl1","GSM2545346",1009
"Capn10","GSM2545346",901
"Gpr35","GSM2545346",40
"Pask","GSM2545346",172
"Hdlbp","GSM2545346",7437
"Farp2","GSM2545346",301
"Stk25","GSM2545346",5407
"Thap4","GSM2545346",428
"D2hgdh","GSM2545346",368
"Pdcd1","GSM2545346",2
"Gm7895","GSM2545346",16
"Fam174a","GSM2545346",1519
"Slco4c1","GSM2545346",18
"Panct2","GSM2545346",22
"Gm6430","GSM2545346",1
"Gin1","GSM2545346",439
"Pam","GSM2545346",1943
"Cntnap5b","GSM2545346",988
"Cdh20","GSM2545346",713
"Pign","GSM2545346",928
"Gm10193","GSM2545346",1
"Tnfrsf11a","GSM2545346",74
"Gm7160","GSM2545346",10
"Gm20753","GSM2545346",7
"Bcl2","GSM2545346",484
"Vps4b","GSM2545346",2225
"Serpinb5","GSM2545346",4
"Serpinb10","GSM2545346",2
"Gm8141","GSM2545346",4
"Cdh7","GSM2545346",1763
"Cdh19","GSM2545346",658
"Gm8173","GSM2545346",0
"Dsel","GSM2545346",329
"Gm6028","GSM2545346",0
"Nifk","GSM2545346",940
"Clasp1","GSM2545346",3186
"Inhbb","GSM2545346",218
"Gm3551","GSM2545346",1
"Gm28209","GSM2545346",5
"Cfap221","GSM2545346",4
"Sctr","GSM2545346",4
"Tmem37","GSM2545346",28
"En1","GSM2545346",156
"Insig2","GSM2545346",2336
"Ccdc93","GSM2545346",1161
"Htr5b","GSM2545346",12
"Ddx18","GSM2545346",802
"Actr3","GSM2545346",6466
"Slc35f5","GSM2545346",647
"Gpr39","GSM2545346",1
"Mgat5","GSM2545346",3043
"Gm8451","GSM2545346",16
"Tmem163","GSM2545346",2282
"Acmsd","GSM2545346",3
"Zranb3","GSM2545346",168
"Gm28800","GSM2545346",2
"Rpl28-ps1","GSM2545346",16
"Mir128-1","GSM2545346",3
"Lct","GSM2545346",12
"Gm6170","GSM2545346",19
"Thsd7b","GSM2545346",30
"Gm29428","GSM2545346",0
"Cd55","GSM2545346",234
"Gm16083","GSM2545346",15
"C4bp-ps1","GSM2545346",12
"Yod1","GSM2545346",570
"Fcamr","GSM2545346",2
"Dyrk3","GSM2545346",140
"Ikbke","GSM2545346",66
"Srgap2","GSM2545346",7342
"Slc26a9","GSM2545346",2
"Pm20d1","GSM2545346",191
"Rab29","GSM2545346",181
"Cdk18","GSM2545346",561
"Gm29695","GSM2545346",123
"Lemd1","GSM2545346",17
"Gm7241","GSM2545346",0
"Klhdc8a","GSM2545346",711
"Lrrn2","GSM2545346",2928
"Gm29257","GSM2545346",4
"Gm28609","GSM2545346",1
"Plekha6","GSM2545346",4124
"Ren1","GSM2545346",4
"Sox13","GSM2545346",303
"Zbed6","GSM2545346",1724
"Lax1","GSM2545346",4
"Optc","GSM2545346",44
"Prelp","GSM2545346",938
"Gm8618","GSM2545346",1
"Mybph","GSM2545346",14
"Myog","GSM2545346",1
"Ppfia4","GSM2545346",8765
"Tmem183a","GSM2545346",2862
"Kdm5b","GSM2545346",1884
"Ppp1r12b","GSM2545346",3111
"Ube2t","GSM2545346",51
"Ptprv","GSM2545346",5
"Timm17a","GSM2545346",1531
"Csrp1","GSM2545346",9966
"Tnni1","GSM2545346",133
"Lad1","GSM2545346",16
"Pkp1","GSM2545346",1
"Ascl5","GSM2545346",2
"Cacna1s","GSM2545346",38
"Gm15850","GSM2545346",3
"Kif21b","GSM2545346",1225
"Camsap2","GSM2545346",7401
"Kif14","GSM2545346",14
"Gm29485","GSM2545346",0
"Gm19705","GSM2545346",24
"Mif-ps1","GSM2545346",1
"Nr5a2","GSM2545346",3
"Ptprc","GSM2545346",101
"Lhx9","GSM2545346",449
"Dennd1b","GSM2545346",984
"Crb1","GSM2545346",10
"Zbtb41","GSM2545346",1605
"Cfhr2","GSM2545346",2
"Gm5837","GSM2545346",2
"Kcnt2","GSM2545346",75
"Gm5835","GSM2545346",23
"Cdc73","GSM2545346",814
"B3galt2","GSM2545346",961
"Glrx2","GSM2545346",1976
"Rgs1","GSM2545346",1
"Gm7266","GSM2545346",4
"Rgs18","GSM2545346",5
"Brinp3","GSM2545346",851
"Ptgs2os","GSM2545346",1
"Ptgs2","GSM2545346",43
"Tpr","GSM2545346",6117
"Swt1","GSM2545346",693
"Mir7682","GSM2545346",3
"Rnf2","GSM2545346",1633
"Gm36527","GSM2545346",0
"Edem3","GSM2545346",3610
"Tsen15","GSM2545346",557
"Colgalt2","GSM2545346",142
"Rgl1","GSM2545346",1221
"Arpc5","GSM2545346",2245
"Ncf2","GSM2545346",89
"Nmnat2","GSM2545346",8461
"Lamc2","GSM2545346",54
"Dhx9","GSM2545346",6237
"Rgs16","GSM2545346",647
"Rgsl1","GSM2545346",20
"Zfp648","GSM2545346",4
"Gm9530","GSM2545346",9
"Stx6","GSM2545346",1781
"Xpr1","GSM2545346",3516
"Gm5532","GSM2545346",3
"Acbd6","GSM2545346",899
"Lhx4","GSM2545346",1
"Cep350","GSM2545346",3096
"Fam163a","GSM2545346",46
"Tdrd5","GSM2545346",75
"Nphs2","GSM2545346",9
"Gm2000","GSM2545346",16
"Soat1","GSM2545346",622
"Abl2","GSM2545346",1902
"Fam20b","GSM2545346",3291
"Ralgps2","GSM2545346",1878
"Angptl1","GSM2545346",24
"Rasal2","GSM2545346",2564
"Brinp2","GSM2545346",1047
"Gm4953","GSM2545346",1
"Gm31256","GSM2545346",2
"Rabgap1l","GSM2545346",6256
"Gm6177","GSM2545346",1
"Rc3h1","GSM2545346",3261
"Serpinc1","GSM2545346",0
"Snord47","GSM2545346",18
"Dars2","GSM2545346",709
"Cenpl","GSM2545346",98
"Fasl","GSM2545346",9
"Dnm3","GSM2545346",9266
"Dnm3os","GSM2545346",7
"Prrc2c","GSM2545346",6310
"Fmo2","GSM2545346",459
"Mettl11b","GSM2545346",2
"BC055324","GSM2545346",91
"Sele","GSM2545346",0
"Selp","GSM2545346",1
"F5","GSM2545346",890
"Nme7","GSM2545346",390
"Atp1b1","GSM2545346",54794
"Gm26685","GSM2545346",0
"Dpt","GSM2545346",4
"Gm20743","GSM2545346",168
"Sft2d2","GSM2545346",1343
"Tiprl","GSM2545346",1965
"Rcsd1","GSM2545346",211
"Gm32999","GSM2545346",2
"Dusp27","GSM2545346",13
"Mael","GSM2545346",4
"Gm16418","GSM2545346",5
"Gm16701","GSM2545346",147
"Aldh9a1","GSM2545346",1610
"Mgst3","GSM2545346",1621
"Lrrc52","GSM2545346",6
"Rxrg","GSM2545346",44
"Lmx1a","GSM2545346",118
"Pbx1","GSM2545346",4008
"Asl","GSM2545347",1035
"Apod","GSM2545347",34301
"Cyp2d22","GSM2545347",3452
"Klk6","GSM2545347",233
"Fcrls","GSM2545347",67
"Slc2a4","GSM2545347",693
"Exd2","GSM2545347",1620
"Gjc2","GSM2545347",209
"Plp1","GSM2545347",38260
"Gnb4","GSM2545347",1075
"Tnc","GSM2545347",187
"Trf","GSM2545347",11010
"Tubb2b","GSM2545347",1567
"Fads1","GSM2545347",5977
"Lxn","GSM2545347",1350
"Prr18","GSM2545347",1072
"Cmtm5","GSM2545347",1217
"Enpp1","GSM2545347",413
"Clic4","GSM2545347",4976
"Tm6sf2","GSM2545347",43
"Slc20a2","GSM2545347",7610
"Itih3","GSM2545347",6008
"Ptn","GSM2545347",4599
"Prodh","GSM2545347",2631
"Msantd1","GSM2545347",95
"Ugt8a","GSM2545347",989
"Fbln5","GSM2545347",2529
"Trp53inp2","GSM2545347",7545
"Slc7a3","GSM2545347",169
"Dnase1l2","GSM2545347",169
"Icosl","GSM2545347",1338
"Rmnd1","GSM2545347",753
"Tssk5","GSM2545347",284
"Pycr1","GSM2545347",21
"Pla2g3","GSM2545347",387
"Vmn2r1","GSM2545347",103
"Gm29797","GSM2545347",21
"Phyhd1","GSM2545347",1861
"Gpr146","GSM2545347",1366
"Mag","GSM2545347",4544
"Tufm","GSM2545347",1364
"Igdcc4","GSM2545347",1742
"Gm10654","GSM2545347",374
"Ncmap","GSM2545347",132
"Etv4","GSM2545347",168
"Fabp7","GSM2545347",155
"Cpsf4l","GSM2545347",29
"Hexa","GSM2545347",1081
"Mfge8","GSM2545347",1215
"Ccdc136","GSM2545347",5281
"Glul","GSM2545347",71375
"Hopx","GSM2545347",3714
"Pigq","GSM2545347",3311
"Vps11","GSM2545347",3775
"Proca1","GSM2545347",121
"Fbxl22","GSM2545347",41
"Sfxn5","GSM2545347",8289
"Hexim2","GSM2545347",701
"Agt","GSM2545347",5632
"Rlbp1","GSM2545347",134
"Jam2","GSM2545347",2830
"Lcat","GSM2545347",1332
"Oxct1","GSM2545347",11164
"Cacna1e","GSM2545347",4422
"Fa2h","GSM2545347",1075
"Plxnb3","GSM2545347",575
"Lman2l","GSM2545347",835
"Dpy19l1","GSM2545347",1642
"Kctd21","GSM2545347",495
"Thra","GSM2545347",14116
"Dok3","GSM2545347",65
"Sult1a1","GSM2545347",1647
"Rpe","GSM2545347",793
"Acrbp","GSM2545347",221
"Slc2a9","GSM2545347",168
"Emp2","GSM2545347",902
"Aipl1","GSM2545347",90
"Uri1","GSM2545347",2556
"Bcs1l","GSM2545347",340
"Rbm3","GSM2545347",9359
"Tra2a","GSM2545347",3168
"Prex1","GSM2545347",3102
"Josd2","GSM2545347",1052
"Tmco3","GSM2545347",1159
"Srebf1","GSM2545347",3614
"Acer2","GSM2545347",664
"Tsga10","GSM2545347",206
"Cyp3a13","GSM2545347",178
"Relt","GSM2545347",908
"Nrep","GSM2545347",23107
"Slc14a1","GSM2545347",1091
"Pnpla2","GSM2545347",2194
"Map6d1","GSM2545347",1492
"Ier5","GSM2545347",969
"Bfsp2","GSM2545347",38
"Idi1","GSM2545347",343
"Kat2b","GSM2545347",7389
"Rmdn3","GSM2545347",3641
"Eif4b","GSM2545347",11219
"Grm4","GSM2545347",9467
"Pink1","GSM2545347",23600
"Mettl16","GSM2545347",641
"Fam193b","GSM2545347",2109
"Rtca","GSM2545347",1786
"Fgfbp1","GSM2545347",205
"Pigs","GSM2545347",2133
"Cfp","GSM2545347",570
"Desi1","GSM2545347",4685
"Gbp4","GSM2545347",402
"Nid1","GSM2545347",788
"Armcx5","GSM2545347",1009
"Cryab","GSM2545347",2032
"Prss53","GSM2545347",100
"Car4","GSM2545347",3294
"Gm6277","GSM2545347",127
"Amt","GSM2545347",687
"Zc3h6","GSM2545347",1835
"Aqp4","GSM2545347",13047
"Tmem198b","GSM2545347",654
"Abi3bp","GSM2545347",701
"Xpa","GSM2545347",578
"Aldh6a1","GSM2545347",5522
"Adam1a","GSM2545347",376
"Dynlt1a","GSM2545347",316
"Gatm","GSM2545347",2743
"H2-Q4","GSM2545347",422
"Nras","GSM2545347",1386
"Pla2g4e","GSM2545347",1037
"Lpar1","GSM2545347",1608
"Il12rb1","GSM2545347",119
"Enpp6","GSM2545347",272
"Ermn","GSM2545347",2260
"Marcksl1","GSM2545347",591
"Ubqln4","GSM2545347",2615
"Glt8d1","GSM2545347",1101
"Ddx25","GSM2545347",1661
"Gpr17","GSM2545347",365
"Cat","GSM2545347",1904
"Wwox","GSM2545347",1067
"Phkg1","GSM2545347",465
"Ppp1r3f","GSM2545347",1290
"Mrpl35","GSM2545347",822
"Nudt9","GSM2545347",1758
"Lypd6","GSM2545347",1702
"Spice1","GSM2545347",511
"Tuba8","GSM2545347",892
"Spon1","GSM2545347",5181
"Nfya","GSM2545347",775
"Sc5d","GSM2545347",3023
"Aldh18a1","GSM2545347",703
"Ebp","GSM2545347",792
"Srr","GSM2545347",1976
"Gm14827","GSM2545347",213
"Gm31135","GSM2545347",24
"Adam17","GSM2545347",877
"Slc39a2","GSM2545347",487
"Snn","GSM2545347",5794
"Hnrnpc","GSM2545347",7136
"Srbd1","GSM2545347",360
"Ptp4a1","GSM2545347",1219
"Tppp","GSM2545347",7123
"Stac3","GSM2545347",69
"Emid1","GSM2545347",290
"Cotl1","GSM2545347",4768
"Ovgp1","GSM2545347",1229
"Ssx2ip","GSM2545347",3737
"Hsd3b7","GSM2545347",611
"Kazald1","GSM2545347",313
"Omd","GSM2545347",372
"Bcas1","GSM2545347",3918
"Gm9925","GSM2545347",625
"Dleu2","GSM2545347",237
"Chil3","GSM2545347",98
"Deaf1","GSM2545347",2976
"Dusp19","GSM2545347",207
"Gkn3","GSM2545347",38
"Pllp","GSM2545347",911
"Sox2ot","GSM2545347",447
"Ntf3","GSM2545347",77
"Lum","GSM2545347",178
"Gm20751","GSM2545347",245
"Thnsl2","GSM2545347",275
"Slc2a4rg-ps","GSM2545347",247
"Agpat5","GSM2545347",2883
"Mdk","GSM2545347",615
"Penk","GSM2545347",4363
"Cirbp","GSM2545347",6189
"Aloxe3","GSM2545347",630
"Nudt5","GSM2545347",338
"Serpinb1a","GSM2545347",300
"Mt1","GSM2545347",16615
"Fgfr3","GSM2545347",4843
"Myo1d","GSM2545347",565
"Cd99l2","GSM2545347",2769
"C2cd2","GSM2545347",731
"Brsk2","GSM2545347",7911
"Mrrf","GSM2545347",389
"Snhg4","GSM2545347",348
"Hmgcs1","GSM2545347",4376
"Stk17b","GSM2545347",3354
"Cyp51","GSM2545347",1458
"Gria4","GSM2545347",17969
"Ttyh1","GSM2545347",32793
"Slc13a1","GSM2545347",59
"Phf7","GSM2545347",289
"Get4","GSM2545347",1650
"Gstm1","GSM2545347",11442
"Fbxo31","GSM2545347",3194
"Padi2","GSM2545347",598
"Gnmt","GSM2545347",384
"Paip2b","GSM2545347",4300
"Slc17a9","GSM2545347",82
"Vopp1","GSM2545347",1316
"Ogdhl","GSM2545347",4534
"Dcaf12","GSM2545347",2141
"Rorc","GSM2545347",1642
"Cp","GSM2545347",2499
"Jade2","GSM2545347",2867
"Nbl1","GSM2545347",6067
"Hsph1","GSM2545347",3142
"Serf2","GSM2545347",3083
"Rasgef1a","GSM2545347",4490
"Prrg1","GSM2545347",310
"Etnppl","GSM2545347",8402
"Cyp4f15","GSM2545347",305
"Ankrd29","GSM2545347",936
"Gm27252","GSM2545347",102
"Kctd2","GSM2545347",4358
"Iigp1","GSM2545347",190
"Ak4","GSM2545347",3625
"Idh2","GSM2545347",2192
"Camkk1","GSM2545347",3203
"Rftn2","GSM2545347",1040
"Igtp","GSM2545347",267
"Bche","GSM2545347",249
"Marcks","GSM2545347",5006
"Pabpc4","GSM2545347",653
"Pmp22","GSM2545347",1226
"Car14","GSM2545347",1663
"Serpinh1","GSM2545347",892
"Ppp1r13b","GSM2545347",3328
"Tfrc","GSM2545347",8785
"Smox","GSM2545347",2913
"Tjap1","GSM2545347",744
"Msmo1","GSM2545347",1287
"Slc26a8","GSM2545347",184
"Eml3","GSM2545347",1897
"Csf2ra","GSM2545347",350
"Rnf141","GSM2545347",2653
"Slc25a16","GSM2545347",1720
"Echdc1","GSM2545347",1100
"Eid2b","GSM2545347",1087
"Piga","GSM2545347",384
"Ccdc149","GSM2545347",1256
"Car15","GSM2545347",467
"Eny2","GSM2545347",3387
"Mroh1","GSM2545347",5060
"Pcyox1l","GSM2545347",578
"Ankrd39","GSM2545347",605
"Timeless","GSM2545347",486
"Sparc","GSM2545347",62757
"Slc7a10","GSM2545347",1312
"Ppp1r2","GSM2545347",5468
"Psmf1","GSM2545347",1479
"Adat1","GSM2545347",187
"Slc6a12","GSM2545347",336
"Snhg3","GSM2545347",307
"Prg4","GSM2545347",1074
"Plod1","GSM2545347",766
"Whamm","GSM2545347",1384
"Ttpa","GSM2545347",360
"Thbs3","GSM2545347",370
"Gltp","GSM2545347",1193
"Pex6","GSM2545347",1459
"Aim2","GSM2545347",247
"Ednrb","GSM2545347",4253
"Nuf2","GSM2545347",109
"Mog","GSM2545347",1993
"Ccl27a","GSM2545347",1363
"Tac4","GSM2545347",39
"Snhg8","GSM2545347",459
"Ak6","GSM2545347",224
"Kctd20","GSM2545347",2351
"Itgb4","GSM2545347",478
"Zfp810","GSM2545347",918
"Gm33489","GSM2545347",68
"Gna12","GSM2545347",1399
"Cyp4v3","GSM2545347",894
"Pkp4","GSM2545347",9433
"Agpat1","GSM2545347",2152
"Gipr","GSM2545347",84
"Edn3","GSM2545347",262
"Prr15","GSM2545347",100
"Traf1","GSM2545347",150
"Pim2","GSM2545347",1130
"Lrrc8a","GSM2545347",5060
"Erp44","GSM2545347",1539
"Tmem33","GSM2545347",4731
"Fen1","GSM2545347",804
"Tfap4","GSM2545347",438
"Lman2","GSM2545347",2811
"Senp8","GSM2545347",202
"Alg14","GSM2545347",654
"Ddah1","GSM2545347",3659
"Pomt1","GSM2545347",486
"Rab3b","GSM2545347",722
"Lrrc29","GSM2545347",131
"Nqo1","GSM2545347",672
"Gpr137b","GSM2545347",453
"Pcif1","GSM2545347",3093
"Qdpr","GSM2545347",3604
"Dcdc2b","GSM2545347",230
"Rap2a","GSM2545347",1918
"Cnpy4","GSM2545347",391
"Wdr41","GSM2545347",1278
"Gm20627","GSM2545347",13
"Mmaa","GSM2545347",1150
"Gm13562","GSM2545347",9
"Cd70","GSM2545347",9
"Itm2a","GSM2545347",1459
"Avil","GSM2545347",36
"Zscan22","GSM2545347",404
"Itgb3","GSM2545347",53
"Col11a2","GSM2545347",310
"Apoc1","GSM2545347",122
"Tmeff2","GSM2545347",1760
"Tyro3","GSM2545347",5786
"Ift22","GSM2545347",874
"Mtmr7","GSM2545347",2886
"Gabrr2","GSM2545347",143
"Ube2v2","GSM2545347",1583
"C77080","GSM2545347",1935
"Elovl5","GSM2545347",3503
"Serinc5","GSM2545347",2209
"Pyroxd2","GSM2545347",135
"Ypel2","GSM2545347",1542
"Parp3","GSM2545347",490
"Xpo1","GSM2545347",4336
"Polr2a","GSM2545347",7079
"Tspyl4","GSM2545347",21794
"Irgm1","GSM2545347",545
"Cep131","GSM2545347",1123
"Sema4d","GSM2545347",3041
"Gbp6","GSM2545347",310
"Zfp119b","GSM2545347",266
"Eps15","GSM2545347",10573
"Pxmp2","GSM2545347",345
"Tomm40l","GSM2545347",1476
"Atat1","GSM2545347",990
"Chrac1","GSM2545347",526
"Mrpl24","GSM2545347",1305
"Ipo9","GSM2545347",9829
"Actg1","GSM2545347",6443
"Noxred1","GSM2545347",41
"Gm20501","GSM2545347",225
"H2-K1","GSM2545347",1752
"Lig1","GSM2545347",744
"Morn2","GSM2545347",203
"Dcakd","GSM2545347",866
"Nop14","GSM2545347",1176
"Bbs1","GSM2545347",1307
"Tada2b","GSM2545347",1632
"Gal3st1","GSM2545347",182
"Xpc","GSM2545347",1032
"Irf2bp2","GSM2545347",2291
"Spns2","GSM2545347",2432
"Pole","GSM2545347",182
"Fam78b","GSM2545347",1514
"Ggcx","GSM2545347",744
"Anks1","GSM2545347",2004
"Pgm2","GSM2545347",4191
"Zgrf1","GSM2545347",611
"Alkbh3","GSM2545347",630
"Dnd1","GSM2545347",42
"Lime1","GSM2545347",1574
"Trim23","GSM2545347",4753
"Abhd14a","GSM2545347",442
"Zkscan3","GSM2545347",1774
"Fam131b","GSM2545347",10598
"Elovl1","GSM2545347",671
"Trim72","GSM2545347",83
"Klhdc9","GSM2545347",214
"Iqck","GSM2545347",158
"Smim14","GSM2545347",6759
"Kcnab3","GSM2545347",1929
"Ing5","GSM2545347",697
"Cnnm3","GSM2545347",3059
"Fn3k","GSM2545347",814
"Cnp","GSM2545347",12738
"Uros","GSM2545347",549
"Eml1","GSM2545347",2097
"Lgals3","GSM2545347",149
"Gjb1","GSM2545347",422
"Dynll1","GSM2545347",1823
"Cyp2j12","GSM2545347",98
"Crip3","GSM2545347",18
"Sbk1","GSM2545347",21939
"Camkk2","GSM2545347",8621
"Setd7","GSM2545347",12474
"Btf3l4","GSM2545347",2269
"Acbd4","GSM2545347",1757
"Gm16835","GSM2545347",294
"Gpr37","GSM2545347",1446
"Prr5l","GSM2545347",439
"Slain1","GSM2545347",1869
"Calr","GSM2545347",7910
"Bst1","GSM2545347",51
"Fmnl3","GSM2545347",574
"Gpr89","GSM2545347",459
"Zranb1","GSM2545347",8082
"Col27a1","GSM2545347",570
"Emc8","GSM2545347",3722
"Ormdl3","GSM2545347",3808
"Capg","GSM2545347",204
"Zbtb21","GSM2545347",757
"Sord","GSM2545347",1011
"Tsc22d1","GSM2545347",9289
"Gpld1","GSM2545347",3138
"Cdh4","GSM2545347",527
"Hkdc1","GSM2545347",137
"Ggact","GSM2545347",1734
"Zfp493","GSM2545347",86
"Mkks","GSM2545347",1035
"Gm15423","GSM2545347",107
"Npas2","GSM2545347",274
"Plin4","GSM2545347",1721
"Rragc","GSM2545347",3341
"Nsun3","GSM2545347",714
"Hgsnat","GSM2545347",3372
"Acr","GSM2545347",156
"Ccdc167","GSM2545347",991
"Thap1","GSM2545347",308
"Egfl8","GSM2545347",66
"Vps33a","GSM2545347",4908
"Igbp1","GSM2545347",1654
"Tbx6","GSM2545347",37
"Dcst2","GSM2545347",47
"Rbm28","GSM2545347",1522
"Pms1","GSM2545347",540
"Rtcb","GSM2545347",4208
"Smad9","GSM2545347",2125
"Ubxn2b","GSM2545347",573
"Rnf170","GSM2545347",1752
"Pithd1","GSM2545347",2652
"Steap3","GSM2545347",82
"Tomm20","GSM2545347",10033
"Klf15","GSM2545347",2221
"Amz2","GSM2545347",1409
"Folh1","GSM2545347",915
"Ubfd1","GSM2545347",2405
"Gpx3","GSM2545347",1620
"C4b","GSM2545347",1137
"Mdfi","GSM2545347",354
"Nucb2","GSM2545347",370
"Clip4","GSM2545347",1651
"Tipin","GSM2545347",843
"Amy1","GSM2545347",1340
"Efhd1","GSM2545347",1371
"Smim15","GSM2545347",1676
"Zfp658","GSM2545347",636
"E2f6","GSM2545347",1537
"Lix1","GSM2545347",207
"Coq4","GSM2545347",272
"Otoa","GSM2545347",124
"Mex3a","GSM2545347",129
"Tmem132c","GSM2545347",1374
"Dclk1","GSM2545347",12044
"Eml2","GSM2545347",4582
"Glyr1","GSM2545347",8698
"Gm1976","GSM2545347",486
"Smyd3","GSM2545347",1565
"Dcaf8","GSM2545347",8229
"Lias","GSM2545347",1172
"Msn","GSM2545347",2534
"Timmdc1","GSM2545347",464
"H2-Q6","GSM2545347",121
"Asic3","GSM2545347",87
"Col5a3","GSM2545347",550
"Stx3","GSM2545347",3550
"AW046200","GSM2545347",98
"Hsf1","GSM2545347",1148
"Colq","GSM2545347",82
"Rcor3","GSM2545347",1585
"Slc6a20a","GSM2545347",1837
"Prps1","GSM2545347",2422
"Keap1","GSM2545347",2279
"Tap2","GSM2545347",500
"Slc16a7","GSM2545347",937
"Eif2b3","GSM2545347",651
"Flywch1","GSM2545347",13306
"Amigo2","GSM2545347",1095
"Hspd1","GSM2545347",5928
"Sost","GSM2545347",2
"Gm8615","GSM2545347",10
"Kcnk13","GSM2545347",97
"Tspyl2","GSM2545347",5652
"Spsb3","GSM2545347",3023
"Gm8493","GSM2545347",11
"Fgf22","GSM2545347",112
"Slc6a6","GSM2545347",6357
"Xist","GSM2545347",8
"Ddx3y","GSM2545347",4506
"Eif2s3y","GSM2545347",3282
"Kdm5d","GSM2545347",1287
"Uty","GSM2545347",1298
"Eif2s3x","GSM2545347",1621
"Kdm6a","GSM2545347",2156
"Casp12","GSM2545347",216
"Ddx3x","GSM2545347",20232
"Prl2c3","GSM2545347",34
"Casp1","GSM2545347",63
"Pbdc1","GSM2545347",328
"Kdm5c","GSM2545347",3308
"Ctxn2","GSM2545347",102
"Ldoc1","GSM2545347",372
"Gpr179","GSM2545347",28
"Pou4f1","GSM2545347",13
"Tmprss3","GSM2545347",28
"Prl2c2","GSM2545347",6
"Slc35b1","GSM2545347",1593
"Myoc","GSM2545347",239
"Cartpt","GSM2545347",2
"Tchh","GSM2545347",83
"H2-Q2","GSM2545347",20
"Ascl1","GSM2545347",89
"Crhr1","GSM2545347",2558
"Gm4017","GSM2545347",21
"Impg1","GSM2545347",39
"Rxfp3","GSM2545347",6
"AI504432","GSM2545347",894
"Mpo","GSM2545347",2
"Oxtr","GSM2545347",20
"Usp2","GSM2545347",4655
"Lor","GSM2545347",16
"Srrm4","GSM2545347",3553
"Slc35g1","GSM2545347",257
"Tceal6","GSM2545347",1098
"Dach2","GSM2545347",47
"Lgr6","GSM2545347",228
"Kcna4","GSM2545347",148
"Zfyve28","GSM2545347",3699
"Hps4","GSM2545347",692
"Ucp3","GSM2545347",106
"Mettl17","GSM2545347",895
"Atg9b","GSM2545347",47
"Usp3","GSM2545347",4803
"Acta2","GSM2545347",343
"Wdr24","GSM2545347",597
"Zw10","GSM2545347",1476
"Ubtd2","GSM2545347",2615
"Slc6a4","GSM2545347",2
"Cog1","GSM2545347",1873
"S100a9","GSM2545347",87
"Nadk","GSM2545347",2434
"Col6a1","GSM2545347",763
"Susd2","GSM2545347",135
"Fam53b","GSM2545347",2393
"Npas1","GSM2545347",6
"Rhbdf1","GSM2545347",578
"Cacnb1","GSM2545347",833
"Zfp579","GSM2545347",823
"Dtx4","GSM2545347",894
"Chrm3","GSM2545347",63
"Plcl2","GSM2545347",1755
"Ptprj","GSM2545347",3722
"Cyhr1","GSM2545347",5476
"Stx5a","GSM2545347",2423
"Smim8","GSM2545347",418
"Pappa2","GSM2545347",2
"Stbd1","GSM2545347",38
"Rln3","GSM2545347",1
"Ldlr","GSM2545347",975
"Bmp2","GSM2545347",51
"Itga10","GSM2545347",321
"Unc45a","GSM2545347",1501
"Hap1","GSM2545347",2638
"Gm35339","GSM2545347",275
"Serpinb8","GSM2545347",108
"Tmem200c","GSM2545347",232
"Ngb","GSM2545347",28
"Myh11","GSM2545347",316
"Ass1","GSM2545347",586
"Ccdc28b","GSM2545347",2073
"Vsx2","GSM2545347",6
"Klhl1","GSM2545347",161
"Slit1","GSM2545347",108
"Rbm10","GSM2545347",2604
"Sgk1","GSM2545347",8528
"Zbtb24","GSM2545347",772
"Kif5a","GSM2545347",29603
"Alox8","GSM2545347",99
"Rgcc","GSM2545347",305
"Olfr1033","GSM2545347",107
"Lrrn4","GSM2545347",5
"Trim59","GSM2545347",624
"Pnma2","GSM2545347",261
"Arc","GSM2545347",561
"Lypd6b","GSM2545347",130
"Prkar2b","GSM2545347",565
"Gabrd","GSM2545347",6077
"Sh3gl1","GSM2545347",1662
"Rab9b","GSM2545347",780
"Slc9a2","GSM2545347",256
"Gata3","GSM2545347",7
"Rnd3","GSM2545347",459
"Tdgf1","GSM2545347",255
"Tph2","GSM2545347",33
"Gprc5c","GSM2545347",2516
"Syt16","GSM2545347",160
"Cdyl","GSM2545347",599
"St8sia2","GSM2545347",63
"Usp19","GSM2545347",5913
"Foxj2","GSM2545347",2406
"Wdfy2","GSM2545347",1953
"Fibcd1","GSM2545347",25
"Hs3st4","GSM2545347",98
"Rab27b","GSM2545347",326
"Gm4988","GSM2545347",138
"Hebp1","GSM2545347",159
"Mrgpre","GSM2545347",86
"Slc22a4","GSM2545347",2769
"Txndc11","GSM2545347",1422
"Pgr15l","GSM2545347",0
"Evpl","GSM2545347",42
"Pax7","GSM2545347",0
"Trim65","GSM2545347",193
"Gm33533","GSM2545347",10
"Otof","GSM2545347",64
"Alk","GSM2545347",36
"Acap3","GSM2545347",3758
"Erdr1","GSM2545347",368
"Kcnq5","GSM2545347",107
"Msln","GSM2545347",129
"Tbc1d20","GSM2545347",1441
"Slc16a10","GSM2545347",231
"Errfi1","GSM2545347",2425
"Nr2e1","GSM2545347",4
"Gpr149","GSM2545347",8
"Plcxd1","GSM2545347",180
"Lrch3","GSM2545347",4554
"Morc2b","GSM2545347",112
"Elfn1","GSM2545347",61
"Rnf180","GSM2545347",281
"Pcdhb8","GSM2545347",148
"Creg2","GSM2545347",442
"Erich3","GSM2545347",695
"Rpp25","GSM2545347",146
"Fgfr1","GSM2545347",7515
"Sfrp2","GSM2545347",28
"Rprm","GSM2545347",71
"Tmem120b","GSM2545347",577
"Tpra1","GSM2545347",1742
"Igsf9","GSM2545347",13
"Jakmip1","GSM2545347",780
"Hsf4","GSM2545347",191
"Pcbd1","GSM2545347",110
"Rasgrf2","GSM2545347",310
"Dgkk","GSM2545347",21
"Paxip1","GSM2545347",1953
"Smtn","GSM2545347",284
"Cmpk2","GSM2545347",722
"Drd4","GSM2545347",50
"Samd11","GSM2545347",27
"Magel2","GSM2545347",30
"Csrnp3","GSM2545347",1549
"Zfp941","GSM2545347",654
"Lrrc1","GSM2545347",762
"Tmie","GSM2545347",238
"Pcdh8","GSM2545347",116
"Glra2","GSM2545347",186
"Gpatch8","GSM2545347",5527
"Slc6a16","GSM2545347",4
"Grm7","GSM2545347",672
"Ybx3","GSM2545347",1694
"Tenm3","GSM2545347",699
"Npffr1","GSM2545347",10
"Slc39a11","GSM2545347",374
"Otp","GSM2545347",0
"Hoga1","GSM2545347",54
"Egfl6","GSM2545347",8
"Plch2","GSM2545347",6749
"Pde11a","GSM2545347",38
"Zfp335","GSM2545347",1496
"Gpr61","GSM2545347",200
"Tox","GSM2545347",72
"Gabrr1","GSM2545347",11
"Jun","GSM2545347",2185
"Cox7b2","GSM2545347",30
"Mn1","GSM2545347",160
"Tmem130","GSM2545347",2881
"Dusp11","GSM2545347",6634
"Tmem91","GSM2545347",77
"Rbms2","GSM2545347",1108
"Inpp5j","GSM2545347",6006
"Vstm2a","GSM2545347",882
"C1qtnf2","GSM2545347",60
"Ctns","GSM2545347",1108
"Smarcd2","GSM2545347",3428
"Dbpht2","GSM2545347",54
"Ltbp2","GSM2545347",2255
"Drd1","GSM2545347",10
"Dact2","GSM2545347",176
"E4f1","GSM2545347",1175
"Zfp598","GSM2545347",2846
"Zcchc12","GSM2545347",589
"Zfp263","GSM2545347",1418
"Tspyl3","GSM2545347",545
"Arhgap10","GSM2545347",752
"Plxnb2","GSM2545347",6113
"Doc2a","GSM2545347",53
"Tmem29","GSM2545347",437
"Dpf2","GSM2545347",2749
"Foxl2os","GSM2545347",54
"Slc47a1","GSM2545347",416
"Nap1l5","GSM2545347",20463
"Mapk7","GSM2545347",1281
"Grem2","GSM2545347",115
"Pcdh10","GSM2545347",1536
"Nol3","GSM2545347",244
"Gpr83","GSM2545347",65
"Nrsn2","GSM2545347",2147
"Prss16","GSM2545347",13
"Pcdh18","GSM2545347",111
"Emx2","GSM2545347",3
"Ccdc81","GSM2545347",64
"Rwdd2a","GSM2545347",307
"Mpped1","GSM2545347",232
"Galnt7","GSM2545347",2183
"S100a8","GSM2545347",75
"Mau2","GSM2545347",5364
"Ptpn23","GSM2545347",2533
"Sstr1","GSM2545347",95
"Wdfy4","GSM2545347",44
"Anxa3","GSM2545347",705
"C3","GSM2545347",57
"Tead4","GSM2545347",292
"Clvs2","GSM2545347",317
"Gaa","GSM2545347",6640
"Zfp219","GSM2545347",4972
"Bves","GSM2545347",13
"Tmem161a","GSM2545347",931
"Unc5d","GSM2545347",567
"Cd180","GSM2545347",26
"Scml4","GSM2545347",15
"Stk38","GSM2545347",2318
"Sox17","GSM2545347",230
"Srsf9","GSM2545347",1436
"Herpud1","GSM2545347",3212
"Hmbs","GSM2545347",508
"Gm2824","GSM2545347",38
"Mir1901","GSM2545347",31
"Adamts19","GSM2545347",5
"Zfp36l1","GSM2545347",1281
"Impact","GSM2545347",7127
"Trmt6","GSM2545347",1754
"Plekhm1","GSM2545347",1596
"Basp1","GSM2545347",878
"Grid1","GSM2545347",927
"Zdbf2","GSM2545347",421
"Tal1","GSM2545347",61
"Raf1","GSM2545347",4104
"Pgpep1l","GSM2545347",13
"Fzd4","GSM2545347",1304
"Tfdp1","GSM2545347",1917
"Pdzrn4","GSM2545347",68
"Ier3","GSM2545347",488
"Mir378a","GSM2545347",14
"Magee2","GSM2545347",53
"Plekhg2","GSM2545347",345
"Boc","GSM2545347",3898
"Ddx39b","GSM2545347",5745
"H2-T24","GSM2545347",67
"Insm1","GSM2545347",9
"Vstm5","GSM2545347",62
"Kctd4","GSM2545347",81
"Oprm1","GSM2545347",98
"Zfand6","GSM2545347",2627
"Cx3cl1","GSM2545347",2308
"Tacr3","GSM2545347",26
"Gpr4","GSM2545347",196
"Ptgis","GSM2545347",202
"Ccdc28a","GSM2545347",379
"Ido2","GSM2545347",13
"Elfn2","GSM2545347",954
"Ngp","GSM2545347",50
"Ptpro","GSM2545347",209
"Neto1","GSM2545347",189
"Col6a2","GSM2545347",554
"Fev","GSM2545347",8
"Mmab","GSM2545347",667
"Resp18","GSM2545347",635
"Amn","GSM2545347",16
"Tmem132b","GSM2545347",560
"St6gal2","GSM2545347",139
"Tbc1d25","GSM2545347",815
"Pdcd2l","GSM2545347",666
"Acot3","GSM2545347",11
"Gm5468","GSM2545347",2
"Atg16l1","GSM2545347",2287
"Rpl14-ps1","GSM2545347",22
"Glra3","GSM2545347",93
"Plekhh3","GSM2545347",2104
"Pcdhga1","GSM2545347",212
"Gm9899","GSM2545347",1026
"Eps8l1","GSM2545347",233
"Serpina3g","GSM2545347",5
"Pcdh17","GSM2545347",1088
"Riok3","GSM2545347",3830
"Dcaf12l2","GSM2545347",11
"Ankrd6","GSM2545347",440
"Dhrs11","GSM2545347",515
"Zdhhc22","GSM2545347",178
"Hmgb3","GSM2545347",529
"Mid1","GSM2545347",143
"Celf3","GSM2545347",1758
"Akap5","GSM2545347",172
"Phlda3","GSM2545347",416
"Arfgap2","GSM2545347",4021
"Gabpb1","GSM2545347",1287
"Mybpc1","GSM2545347",2201
"Nfkbia","GSM2545347",1320
"Gabra3","GSM2545347",787
"Gtpbp2","GSM2545347",2451
"Ptgdr","GSM2545347",39
"Myh15","GSM2545347",12
"Ciz1","GSM2545347",1538
"Tmem62","GSM2545347",2979
"Pan3","GSM2545347",4840
"Pld3","GSM2545347",2703
"Trim3","GSM2545347",7607
"Spata2l","GSM2545347",588
"Gm2223","GSM2545347",24
"Dnah1","GSM2545347",93
"Pnoc","GSM2545347",94
"Dzank1","GSM2545347",7903
"Safb2","GSM2545347",2880
"Rnf128","GSM2545347",998
"Jpx","GSM2545347",305
"Il16","GSM2545347",6596
"Slc26a7","GSM2545347",484
"Rspo1","GSM2545347",20
"Hcfc2","GSM2545347",1847
"Gm35315","GSM2545347",66
"Tyrp1","GSM2545347",15
"Pank4","GSM2545347",1833
"Ngef","GSM2545347",322
"Llgl1","GSM2545347",3080
"Usp12","GSM2545347",2713
"Ppp2r2d","GSM2545347",2562
"Zfp677","GSM2545347",173
"Heyl","GSM2545347",93
"Sin3b","GSM2545347",2496
"Sidt1","GSM2545347",1839
"Spin2c","GSM2545347",91
"Wasf2","GSM2545347",1346
"Tmem14a","GSM2545347",616
"Cntnap5a","GSM2545347",420
"Ccm2l","GSM2545347",171
"Sema3e","GSM2545347",592
"Il18bp","GSM2545347",342
"Slc35f1","GSM2545347",1038
"Best1","GSM2545347",41
"Pde8b","GSM2545347",561
"Htr7","GSM2545347",73
"Cfap57","GSM2545347",28
"Sgsm1","GSM2545347",4616
"Scn3b","GSM2545347",227
"Mark3","GSM2545347",3563
"Acsl5","GSM2545347",542
"Qpct","GSM2545347",101
"Iqcc","GSM2545347",712
"Noc2l","GSM2545347",2212
"Slc25a27","GSM2545347",4647
"Kdm4b","GSM2545347",3070
"Pde1b","GSM2545347",1321
"Pcdha10","GSM2545347",44
"Gja5","GSM2545347",15
"Irs4","GSM2545347",6
"Mamdc4","GSM2545347",108
"Mthfd2l","GSM2545347",240
"Lrrtm1","GSM2545347",220
"Tacr1","GSM2545347",25
"Lmo3","GSM2545347",132
"Psg16","GSM2545347",943
"Abcc8","GSM2545347",2103
"Epc1","GSM2545347",2944
"Slc6a7","GSM2545347",509
"Col4a5","GSM2545347",459
"Gm8013","GSM2545347",5
"Clpx","GSM2545347",2217
"Dffb","GSM2545347",516
"Senp3","GSM2545347",2327
"Hhex","GSM2545347",63
"Per2","GSM2545347",2501
"Rnpep","GSM2545347",1301
"Ttll1","GSM2545347",649
"Ppp1r1c","GSM2545347",6
"Moxd1","GSM2545347",293
"Susd6","GSM2545347",5138
"Ighm","GSM2545347",205
"Fam131a","GSM2545347",3437
"Zfp92","GSM2545347",30
"Kirrel","GSM2545347",663
"Npsr1","GSM2545347",1
"Kcnj16","GSM2545347",1197
"Atg10","GSM2545347",296
"Vwc2l","GSM2545347",51
"Sox14","GSM2545347",5
"Zc3h3","GSM2545347",474
"Gak","GSM2545347",4650
"Tox2","GSM2545347",170
"Tenm2","GSM2545347",707
"Begain","GSM2545347",996
"Dsc3","GSM2545347",9
"Fbll1","GSM2545347",300
"Dnah7a","GSM2545347",14
"Gm3764","GSM2545347",5179
"Strip1","GSM2545347",3002
"Nmnat3","GSM2545347",43
"Lims2","GSM2545347",300
"Fam43b","GSM2545347",184
"Ccnl2","GSM2545347",7741
"Gm11627","GSM2545347",6
"Rabl2","GSM2545347",871
"Kcnj3","GSM2545347",5030
"Zfp36","GSM2545347",243
"Slc2a1","GSM2545347",5803
"Cnksr3","GSM2545347",2916
"AW551984","GSM2545347",128
"Hykk","GSM2545347",195
"Rnasel","GSM2545347",136
"Shc1","GSM2545347",640
"Ppp1r12c","GSM2545347",3816
"Syne4","GSM2545347",330
"Arrdc2","GSM2545347",1220
"Usp28","GSM2545347",2054
"Slfn4","GSM2545347",11
"Pomt2","GSM2545347",1343
"Gm10432","GSM2545347",138
"Cngb1","GSM2545347",16
"Dot1l","GSM2545347",6510
"Gmnn","GSM2545347",109
"Ccdc160","GSM2545347",44
"Ptpn5","GSM2545347",743
"Mal2","GSM2545347",187
"Arap3","GSM2545347",298
"Mib2","GSM2545347",2579
"Itgb1bp2","GSM2545347",59
"Stk32b","GSM2545347",25
"Dgkb","GSM2545347",960
"Pcgf6","GSM2545347",987
"Serinc2","GSM2545347",786
"Arhgef37","GSM2545347",874
"Ltf","GSM2545347",27
"Timp2","GSM2545347",4184
"Snora41","GSM2545347",19
"F3","GSM2545347",3029
"Tgfbi","GSM2545347",286
"Rab44","GSM2545347",4
"Lclat1","GSM2545347",959
"Arid5b","GSM2545347",1887
"Col25a1","GSM2545347",238
"Inpp5b","GSM2545347",2725
"Dhfr","GSM2545347",343
"Phkg2","GSM2545347",2071
"Bcl11a","GSM2545347",507
"Nr2f1","GSM2545347",1849
"Trhr","GSM2545347",23
"Msc","GSM2545347",4
"Mndal","GSM2545347",185
"Pou3f2","GSM2545347",571
"Gm9962","GSM2545347",11
"Atg16l2","GSM2545347",780
"Gm16425","GSM2545347",7
"Ap1m1","GSM2545347",1982
"Trpv3","GSM2545347",21
"Inpp5k","GSM2545347",3145
"D11Wsu47e","GSM2545347",208
"Fkbp1b","GSM2545347",240
"Syvn1","GSM2545347",2102
"Aldh3a2","GSM2545347",2900
"Dtd2","GSM2545347",292
"Pcdh19","GSM2545347",309
"Gm5526","GSM2545347",23
"Nsun5","GSM2545347",606
"Hrh2","GSM2545347",232
"Lmbr1l","GSM2545347",639
"Pkn1","GSM2545347",1277
"Nptx2","GSM2545347",48
"Ctxn1","GSM2545347",172
"Rp1","GSM2545347",2
"Gm7357","GSM2545347",7
"Mrpl15","GSM2545347",1099
"Lypla1","GSM2545347",2172
"Tcea1","GSM2545347",3412
"Gm6104","GSM2545347",2
"Atp6v1h","GSM2545347",4750
"Oprk1","GSM2545347",45
"Npbwr1","GSM2545347",2
"Rb1cc1","GSM2545347",5724
"Gm2147","GSM2545347",0
"Gm26901","GSM2545347",1
"Sntg1","GSM2545347",391
"Gm6187","GSM2545347",6
"Rrs1","GSM2545347",671
"Mcmdc2","GSM2545347",32
"Snhg6","GSM2545347",300
"Snord87","GSM2545347",6
"Tcf24","GSM2545347",10
"Ppp1r42","GSM2545347",22
"Arfgef1","GSM2545347",5660
"Cpa6","GSM2545347",0
"Ncoa2","GSM2545347",4928
"Tram1","GSM2545347",1773
"Gm5523","GSM2545347",4
"Eya1","GSM2545347",385
"Smt3h2-ps4","GSM2545347",2
"Trpa1","GSM2545347",0
"Gm10566","GSM2545347",2
"Terf1","GSM2545347",601
"Rdh10","GSM2545347",1080
"Stau2","GSM2545347",3508
"Ly96","GSM2545347",38
"Jph1","GSM2545347",1513
"Gdap1","GSM2545347",5214
"Rbm6-ps1","GSM2545347",10
"Pi15","GSM2545347",38
"Gm28154","GSM2545347",17
"Gm16070","GSM2545347",5
"Gm15825","GSM2545347",2
"Tfap2d","GSM2545347",74
"Tfap2b","GSM2545347",2524
"Pkhd1","GSM2545347",0
"Mir133b","GSM2545347",6
"Il17f","GSM2545347",2
"Paqr8","GSM2545347",19624
"Tram2","GSM2545347",11
"Gm7658","GSM2545347",8
"Gm7761","GSM2545347",7
"Mir30c-2","GSM2545347",10
"Ogfrl1","GSM2545347",10330
"Smap1","GSM2545347",3291
"Fam135a","GSM2545347",3349
"Col19a1","GSM2545347",1008
"Lmbrd1","GSM2545347",10060
"Gm20172","GSM2545347",2
"Gm29214","GSM2545347",3
"Gm7846","GSM2545347",13
"Gm5525","GSM2545347",28
"Phf3","GSM2545347",4440
"Khdrbs2","GSM2545347",229
"Gm5415","GSM2545347",4
"Zfp451","GSM2545347",1303
"Gm15455","GSM2545347",7
"Bend6","GSM2545347",8815
"Ptpn18","GSM2545347",60
"Cfc1","GSM2545347",2
"Amer3","GSM2545347",2087
"Fam168b","GSM2545347",11718
"Gm33222","GSM2545347",11
"Kansl3","GSM2545347",3973
"Fer1l5","GSM2545347",4
"Cnnm4","GSM2545347",1191
"Sema4c","GSM2545347",1082
"Cox5b","GSM2545347",5454
"Zap70","GSM2545347",16
"Tmem131","GSM2545347",3258
"Cnga3","GSM2545347",2
"Unc50","GSM2545347",1480
"Lipt1","GSM2545347",108
"Mrpl30","GSM2545347",1078
"Lyg2","GSM2545347",12
"Txndc9","GSM2545347",1838
"Eif5b","GSM2545347",5175
"Gm16150","GSM2545347",47
"Gm16152","GSM2545347",3
"Pdcl3","GSM2545347",1196
"Rpl31","GSM2545347",3024
"Tbc1d8","GSM2545347",1911
"Cnot11","GSM2545347",1358
"Snord89","GSM2545347",9
"Rnf149","GSM2545347",1034
"Rfx8","GSM2545347",6
"Gm16894","GSM2545347",11
"Il1rl2","GSM2545347",19
"Il1rl1","GSM2545347",10
"Il18r1","GSM2545347",1
"Slc9a4","GSM2545347",9
"Mfsd9","GSM2545347",183
"Tmem182","GSM2545347",8
"Gm28175","GSM2545347",4
"Pantr1","GSM2545347",240
"Pou3f3","GSM2545347",1442
"Pantr2","GSM2545347",43
"Mrps9","GSM2545347",1288
"Gpr45","GSM2545347",85
"Tgfbrap1","GSM2545347",2665
"Fhl2","GSM2545347",160
"Nck2","GSM2545347",805
"Uxs1","GSM2545347",1544
"Gm16103","GSM2545347",5
"Tpp2","GSM2545347",2949
"Tex30","GSM2545347",264
"Bivm","GSM2545347",980
"Gulp1","GSM2545347",340
"Wdr75","GSM2545347",1251
"Dnah7b","GSM2545347",736
"Gm4852","GSM2545347",6
"Gm8337","GSM2545347",19
"Nabp1","GSM2545347",353
"Gm17767","GSM2545347",0
"Myo1b","GSM2545347",936
"Stat4","GSM2545347",4
"Stat1","GSM2545347",1618
"Gls","GSM2545347",14111
"Rps27a-ps1","GSM2545347",0
"Gm28178","GSM2545347",0
"Inpp1","GSM2545347",3425
"Mstn","GSM2545347",7
"Asnsd1","GSM2545347",816
"Gtf3c3","GSM2545347",1051
"Pgap1","GSM2545347",1809
"Gm19637","GSM2545347",0
"Ankrd44","GSM2545347",631
"Sf3b1","GSM2545347",17363
"Gm6822","GSM2545347",12
"Boll","GSM2545347",5
"Gm8292","GSM2545347",14
"Plcl1","GSM2545347",1340
"Gm6644","GSM2545347",0
"Satb2","GSM2545347",16
"BC055402","GSM2545347",4
"Tyw5","GSM2545347",402
"Spats2l","GSM2545347",360
"Aox4","GSM2545347",3
"Aox2","GSM2545347",4
"Bzw1","GSM2545347",8485
"Clk1","GSM2545347",7940
"Ppil3","GSM2545347",405
"Nif3l1","GSM2545347",680
"Cflar","GSM2545347",1493
"Casp8","GSM2545347",103
"Stradb","GSM2545347",1128
"Tmem237","GSM2545347",1257
"Cdk15","GSM2545347",9
"Fzd7","GSM2545347",2401
"Sumo1","GSM2545347",3086
"Fam117b","GSM2545347",4232
"Wdr12","GSM2545347",1042
"Nbeal1","GSM2545347",1230
"Abi2","GSM2545347",4630
"Cd28","GSM2545347",60
"Gm11581","GSM2545347",3
"Icos","GSM2545347",1
"Nrp2","GSM2545347",456
"Gm4208","GSM2545347",0
"Ndufs1","GSM2545347",7763
"Eef1b2","GSM2545347",3930
"Gpr1","GSM2545347",3
"Gm11605","GSM2545347",10
"Adam23","GSM2545347",7385
"Dytn","GSM2545347",2
"Mdh1b","GSM2545347",24
"Gm13748","GSM2545347",3
"Ccnyl1","GSM2545347",518
"Plekhm3","GSM2545347",1902
"Rpl10a-ps1","GSM2545347",34
"Cryga","GSM2545347",2
"Pikfyve","GSM2545347",2608
"Map2","GSM2545347",21065
"Unc80","GSM2545347",18038
"Kansl1l","GSM2545347",1369
"Acadl","GSM2545347",2178
"Gm15793","GSM2545347",2
"Spag16","GSM2545347",212
"Bard1","GSM2545347",20
"Abca12","GSM2545347",4
"Atic","GSM2545347",910
"Fn1","GSM2545347",3758
"Gm5256","GSM2545347",1
"Tmem169","GSM2545347",612
"Xrcc5","GSM2545347",858
"Smarcal1","GSM2545347",2822
"Igfbp2","GSM2545347",3163
"Gm29183","GSM2545347",3
"Rufy4","GSM2545347",10
"Cxcr2","GSM2545347",1
"Arpc2","GSM2545347",4150
"Aamp","GSM2545347",4984
"Tmbim1","GSM2545347",2067
"Catip","GSM2545347",141
"Zfp142","GSM2545347",1737
"Rnf25","GSM2545347",1287
"Ttll4","GSM2545347",1976
"Prkag3","GSM2545347",21
"Gm29539","GSM2545347",0
"Wnt10a","GSM2545347",12
"Ihh","GSM2545347",4
"Slc23a3","GSM2545347",2
"Zfand2b","GSM2545347",447
"Ankzf1","GSM2545347",1028
"Glb1l","GSM2545347",495
"Ptprn","GSM2545347",5329
"Des","GSM2545347",69
"Asic4","GSM2545347",50
"Chpf","GSM2545347",2356
"Obsl1","GSM2545347",819
"Stk11ip","GSM2545347",1048
"Slc4a3","GSM2545347",3556
"Epha4","GSM2545347",1058
"Pax3","GSM2545347",337
"Mogat1","GSM2545347",4
"Kcne4","GSM2545347",50
"Gm5830","GSM2545347",16
"Scg2","GSM2545347",6548
"Mrpl44","GSM2545347",795
"Gm5529","GSM2545347",17
"Fam124b","GSM2545347",5
"Cul3","GSM2545347",8199
"Nyap2","GSM2545347",1138
"Rhbdd1","GSM2545347",627
"Col4a4","GSM2545347",192
"Col4a3","GSM2545347",173
"Mff","GSM2545347",7316
"Daw1","GSM2545347",45
"Trip12","GSM2545347",8474
"Fbxo36","GSM2545347",163
"Slc16a14","GSM2545347",234
"Gm15433","GSM2545347",1
"Rpl19-ps1","GSM2545347",0
"Sp110","GSM2545347",44
"Sp140","GSM2545347",43
"Sp100","GSM2545347",190
"Cab39","GSM2545347",8636
"Gpr55","GSM2545347",5
"Spata3","GSM2545347",16
"Htr2b","GSM2545347",0
"Armc9","GSM2545347",730
"B3gnt7","GSM2545347",14
"Snora75","GSM2545347",8
"Nmur1","GSM2545347",31
"Dis3l2","GSM2545347",886
"Gm6136","GSM2545347",19
"Ecel1","GSM2545347",27
"Prss56","GSM2545347",0
"Kcnj13","GSM2545347",902
"Inpp5d","GSM2545347",213
"Scarna6","GSM2545347",6
"Sag","GSM2545347",9
"Dgkd","GSM2545347",9715
"Gm19582","GSM2545347",61
"Usp40","GSM2545347",1399
"Ugt1a7c","GSM2545347",11
"Dnajb3","GSM2545347",25
"Mroh2a","GSM2545347",16
"Spp2","GSM2545347",5
"Gm29538","GSM2545347",9
"Glrp1","GSM2545347",1
"Sh3bp4","GSM2545347",463
"Gbx2","GSM2545347",8
"Iqca","GSM2545347",27
"Ackr3","GSM2545347",300
"Col6a3","GSM2545347",72
"Rab17","GSM2545347",2
"Ube2f","GSM2545347",1397
"Klhl30","GSM2545347",13
"Twist2","GSM2545347",4
"Hdac4","GSM2545347",1960
"Ndufa10","GSM2545347",4484
"Mir149","GSM2545347",0
"Ankmy1","GSM2545347",28
"Rnpepl1","GSM2545347",1274
"Capn10","GSM2545347",1067
"Gpr35","GSM2545347",41
"Pask","GSM2545347",185
"Hdlbp","GSM2545347",8173
"Farp2","GSM2545347",341
"Stk25","GSM2545347",5560
"Thap4","GSM2545347",538
"D2hgdh","GSM2545347",442
"Pdcd1","GSM2545347",0
"Gm7895","GSM2545347",21
"Fam174a","GSM2545347",1620
"Slco4c1","GSM2545347",13
"Panct2","GSM2545347",9
"Gm6430","GSM2545347",5
"Gin1","GSM2545347",401
"Pam","GSM2545347",1982
"Cntnap5b","GSM2545347",994
"Cdh20","GSM2545347",976
"Pign","GSM2545347",812
"Gm10193","GSM2545347",1
"Tnfrsf11a","GSM2545347",89
"Gm7160","GSM2545347",18
"Gm20753","GSM2545347",3
"Bcl2","GSM2545347",910
"Vps4b","GSM2545347",2181
"Serpinb5","GSM2545347",1
"Serpinb10","GSM2545347",1
"Gm8141","GSM2545347",8
"Cdh7","GSM2545347",1593
"Cdh19","GSM2545347",570
"Gm8173","GSM2545347",1
"Dsel","GSM2545347",284
"Gm6028","GSM2545347",3
"Nifk","GSM2545347",824
"Clasp1","GSM2545347",3489
"Inhbb","GSM2545347",257
"Gm3551","GSM2545347",2
"Gm28209","GSM2545347",2
"Cfap221","GSM2545347",12
"Sctr","GSM2545347",20
"Tmem37","GSM2545347",50
"En1","GSM2545347",155
"Insig2","GSM2545347",2503
"Ccdc93","GSM2545347",1337
"Htr5b","GSM2545347",18
"Ddx18","GSM2545347",802
"Actr3","GSM2545347",6349
"Slc35f5","GSM2545347",783
"Gpr39","GSM2545347",0
"Mgat5","GSM2545347",3691
"Gm8451","GSM2545347",47
"Tmem163","GSM2545347",2228
"Acmsd","GSM2545347",2
"Zranb3","GSM2545347",178
"Gm28800","GSM2545347",6
"Rpl28-ps1","GSM2545347",19
"Mir128-1","GSM2545347",3
"Lct","GSM2545347",15
"Gm6170","GSM2545347",27
"Thsd7b","GSM2545347",23
"Gm29428","GSM2545347",0
"Cd55","GSM2545347",295
"Gm16083","GSM2545347",15
"C4bp-ps1","GSM2545347",10
"Yod1","GSM2545347",489
"Fcamr","GSM2545347",3
"Dyrk3","GSM2545347",206
"Ikbke","GSM2545347",82
"Srgap2","GSM2545347",8739
"Slc26a9","GSM2545347",3
"Pm20d1","GSM2545347",283
"Rab29","GSM2545347",218
"Cdk18","GSM2545347",589
"Gm29695","GSM2545347",138
"Lemd1","GSM2545347",16
"Gm7241","GSM2545347",2
"Klhdc8a","GSM2545347",684
"Lrrn2","GSM2545347",3811
"Gm29257","GSM2545347",2
"Gm28609","GSM2545347",2
"Plekha6","GSM2545347",4734
"Ren1","GSM2545347",7
"Sox13","GSM2545347",387
"Zbed6","GSM2545347",1536
"Lax1","GSM2545347",6
"Optc","GSM2545347",42
"Prelp","GSM2545347",1844
"Gm8618","GSM2545347",0
"Mybph","GSM2545347",22
"Myog","GSM2545347",1
"Ppfia4","GSM2545347",9889
"Tmem183a","GSM2545347",2730
"Kdm5b","GSM2545347",2011
"Ppp1r12b","GSM2545347",3211
"Ube2t","GSM2545347",61
"Ptprv","GSM2545347",8
"Timm17a","GSM2545347",1537
"Csrp1","GSM2545347",9653
"Tnni1","GSM2545347",91
"Lad1","GSM2545347",26
"Pkp1","GSM2545347",3
"Ascl5","GSM2545347",1
"Cacna1s","GSM2545347",38
"Gm15850","GSM2545347",0
"Kif21b","GSM2545347",1373
"Camsap2","GSM2545347",7872
"Kif14","GSM2545347",11
"Gm29485","GSM2545347",3
"Gm19705","GSM2545347",25
"Mif-ps1","GSM2545347",0
"Nr5a2","GSM2545347",3
"Ptprc","GSM2545347",118
"Lhx9","GSM2545347",154
"Dennd1b","GSM2545347",931
"Crb1","GSM2545347",15
"Zbtb41","GSM2545347",1630
"Cfhr2","GSM2545347",0
"Gm5837","GSM2545347",5
"Kcnt2","GSM2545347",57
"Gm5835","GSM2545347",38
"Cdc73","GSM2545347",839
"B3galt2","GSM2545347",923
"Glrx2","GSM2545347",2060
"Rgs1","GSM2545347",2
"Gm7266","GSM2545347",8
"Rgs18","GSM2545347",5
"Brinp3","GSM2545347",757
"Ptgs2os","GSM2545347",2
"Ptgs2","GSM2545347",87
"Tpr","GSM2545347",6464
"Swt1","GSM2545347",719
"Mir7682","GSM2545347",6
"Rnf2","GSM2545347",1648
"Gm36527","GSM2545347",0
"Edem3","GSM2545347",3621
"Tsen15","GSM2545347",512
"Colgalt2","GSM2545347",135
"Rgl1","GSM2545347",1324
"Arpc5","GSM2545347",2256
"Ncf2","GSM2545347",89
"Nmnat2","GSM2545347",9472
"Lamc2","GSM2545347",112
"Dhx9","GSM2545347",6823
"Rgs16","GSM2545347",637
"Rgsl1","GSM2545347",19
"Zfp648","GSM2545347",5
"Gm9530","GSM2545347",17
"Stx6","GSM2545347",1758
"Xpr1","GSM2545347",4034
"Gm5532","GSM2545347",2
"Acbd6","GSM2545347",987
"Lhx4","GSM2545347",0
"Cep350","GSM2545347",3141
"Fam163a","GSM2545347",73
"Tdrd5","GSM2545347",60
"Nphs2","GSM2545347",1
"Gm2000","GSM2545347",20
"Soat1","GSM2545347",738
"Abl2","GSM2545347",2050
"Fam20b","GSM2545347",3333
"Ralgps2","GSM2545347",1916
"Angptl1","GSM2545347",34
"Rasal2","GSM2545347",2722
"Brinp2","GSM2545347",990
"Gm4953","GSM2545347",4
"Gm31256","GSM2545347",0
"Rabgap1l","GSM2545347",6173
"Gm6177","GSM2545347",4
"Rc3h1","GSM2545347",3198
"Serpinc1","GSM2545347",0
"Snord47","GSM2545347",16
"Dars2","GSM2545347",679
"Cenpl","GSM2545347",90
"Fasl","GSM2545347",14
"Dnm3","GSM2545347",9601
"Dnm3os","GSM2545347",11
"Prrc2c","GSM2545347",7199
"Fmo2","GSM2545347",704
"Mettl11b","GSM2545347",4
"BC055324","GSM2545347",121
"Sele","GSM2545347",0
"Selp","GSM2545347",1
"F5","GSM2545347",2002
"Nme7","GSM2545347",394
"Atp1b1","GSM2545347",61672
"Gm26685","GSM2545347",3
"Dpt","GSM2545347",14
"Gm20743","GSM2545347",211
"Sft2d2","GSM2545347",1612
"Tiprl","GSM2545347",2016
"Rcsd1","GSM2545347",240
"Gm32999","GSM2545347",2
"Dusp27","GSM2545347",16
"Mael","GSM2545347",8
"Gm16418","GSM2545347",9
"Gm16701","GSM2545347",182
"Aldh9a1","GSM2545347",1663
"Mgst3","GSM2545347",1865
"Lrrc52","GSM2545347",4
"Rxrg","GSM2545347",17
"Lmx1a","GSM2545347",184
"Pbx1","GSM2545347",4175
"Asl","GSM2545348",494
"Apod","GSM2545348",11258
"Cyp2d22","GSM2545348",1883
"Klk6","GSM2545348",742
"Fcrls","GSM2545348",300
"Slc2a4","GSM2545348",271
"Exd2","GSM2545348",2723
"Gjc2","GSM2545348",745
"Plp1","GSM2545348",102790
"Gnb4","GSM2545348",2085
"Tnc","GSM2545348",1031
"Trf","GSM2545348",17963
"Tubb2b","GSM2545348",4459
"Fads1","GSM2545348",8261
"Lxn","GSM2545348",2769
"Prr18","GSM2545348",2471
"Cmtm5","GSM2545348",2314
"Enpp1","GSM2545348",687
"Clic4","GSM2545348",8355
"Tm6sf2","GSM2545348",186
"Slc20a2","GSM2545348",5449
"Itih3","GSM2545348",2594
"Ptn","GSM2545348",7506
"Prodh","GSM2545348",1236
"Msantd1","GSM2545348",227
"Ugt8a","GSM2545348",4540
"Fbln5","GSM2545348",475
"Trp53inp2","GSM2545348",13022
"Slc7a3","GSM2545348",413
"Dnase1l2","GSM2545348",485
"Icosl","GSM2545348",442
"Rmnd1","GSM2545348",1242
"Tssk5","GSM2545348",108
"Pycr1","GSM2545348",87
"Pla2g3","GSM2545348",140
"Vmn2r1","GSM2545348",35
"Gm29797","GSM2545348",105
"Phyhd1","GSM2545348",945
"Gpr146","GSM2545348",981
"Mag","GSM2545348",8967
"Tufm","GSM2545348",2104
"Igdcc4","GSM2545348",2885
"Gm10654","GSM2545348",148
"Ncmap","GSM2545348",52
"Etv4","GSM2545348",520
"Fabp7","GSM2545348",837
"Cpsf4l","GSM2545348",108
"Hexa","GSM2545348",1558
"Mfge8","GSM2545348",2448
"Ccdc136","GSM2545348",3841
"Glul","GSM2545348",49099
"Hopx","GSM2545348",6319
"Pigq","GSM2545348",4339
"Vps11","GSM2545348",2874
"Proca1","GSM2545348",293
"Fbxl22","GSM2545348",281
"Sfxn5","GSM2545348",10715
"Hexim2","GSM2545348",482
"Agt","GSM2545348",3622
"Rlbp1","GSM2545348",393
"Jam2","GSM2545348",3843
"Lcat","GSM2545348",2778
"Oxct1","GSM2545348",15787
"Cacna1e","GSM2545348",12548
"Fa2h","GSM2545348",2290
"Plxnb3","GSM2545348",1122
"Lman2l","GSM2545348",1467
"Dpy19l1","GSM2545348",2696
"Kctd21","GSM2545348",828
"Thra","GSM2545348",11033
"Dok3","GSM2545348",172
"Sult1a1","GSM2545348",633
"Rpe","GSM2545348",1336
"Acrbp","GSM2545348",425
"Slc2a9","GSM2545348",69
"Emp2","GSM2545348",1580
"Aipl1","GSM2545348",13
"Uri1","GSM2545348",2100
"Bcs1l","GSM2545348",476
"Rbm3","GSM2545348",5423
"Tra2a","GSM2545348",5084
"Prex1","GSM2545348",5535
"Josd2","GSM2545348",1698
"Tmco3","GSM2545348",1652
"Srebf1","GSM2545348",1988
"Acer2","GSM2545348",321
"Tsga10","GSM2545348",379
"Cyp3a13","GSM2545348",72
"Relt","GSM2545348",525
"Nrep","GSM2545348",47535
"Slc14a1","GSM2545348",1704
"Pnpla2","GSM2545348",1158
"Map6d1","GSM2545348",2391
"Ier5","GSM2545348",755
"Bfsp2","GSM2545348",175
"Idi1","GSM2545348",666
"Kat2b","GSM2545348",5506
"Rmdn3","GSM2545348",5029
"Eif4b","GSM2545348",8599
"Grm4","GSM2545348",20680
"Pink1","GSM2545348",15723
"Mettl16","GSM2545348",1088
"Fam193b","GSM2545348",3197
"Rtca","GSM2545348",1349
"Fgfbp1","GSM2545348",64
"Pigs","GSM2545348",2990
"Cfp","GSM2545348",972
"Desi1","GSM2545348",6675
"Gbp4","GSM2545348",85
"Nid1","GSM2545348",1780
"Armcx5","GSM2545348",570
"Cryab","GSM2545348",3644
"Prss53","GSM2545348",175
"Car4","GSM2545348",6156
"Gm6277","GSM2545348",239
"Amt","GSM2545348",1313
"Zc3h6","GSM2545348",1194
"Aqp4","GSM2545348",22601
"Tmem198b","GSM2545348",958
"Abi3bp","GSM2545348",1204
"Xpa","GSM2545348",371
"Aldh6a1","GSM2545348",3762
"Adam1a","GSM2545348",787
"Dynlt1a","GSM2545348",601
"Gatm","GSM2545348",4389
"H2-Q4","GSM2545348",132
"Nras","GSM2545348",2272
"Pla2g4e","GSM2545348",319
"Lpar1","GSM2545348",2349
"Il12rb1","GSM2545348",57
"Enpp6","GSM2545348",861
"Ermn","GSM2545348",4416
"Marcksl1","GSM2545348",1618
"Ubqln4","GSM2545348",3596
"Glt8d1","GSM2545348",1581
"Ddx25","GSM2545348",1311
"Gpr17","GSM2545348",1391
"Cat","GSM2545348",2427
"Wwox","GSM2545348",790
"Phkg1","GSM2545348",786
"Ppp1r3f","GSM2545348",955
"Mrpl35","GSM2545348",1246
"Nudt9","GSM2545348",1432
"Lypd6","GSM2545348",1328
"Spice1","GSM2545348",737
"Tuba8","GSM2545348",1599
"Spon1","GSM2545348",3907
"Nfya","GSM2545348",1140
"Sc5d","GSM2545348",4597
"Aldh18a1","GSM2545348",1030
"Ebp","GSM2545348",1198
"Srr","GSM2545348",3292
"Gm14827","GSM2545348",369
"Gm31135","GSM2545348",75
"Adam17","GSM2545348",1393
"Slc39a2","GSM2545348",907
"Snn","GSM2545348",4459
"Hnrnpc","GSM2545348",10379
"Srbd1","GSM2545348",524
"Ptp4a1","GSM2545348",1741
"Tppp","GSM2545348",12140
"Stac3","GSM2545348",209
"Emid1","GSM2545348",559
"Cotl1","GSM2545348",3274
"Ovgp1","GSM2545348",619
"Ssx2ip","GSM2545348",3109
"Hsd3b7","GSM2545348",946
"Kazald1","GSM2545348",199
"Omd","GSM2545348",172
"Bcas1","GSM2545348",7352
"Gm9925","GSM2545348",325
"Dleu2","GSM2545348",441
"Chil3","GSM2545348",20
"Deaf1","GSM2545348",2264
"Dusp19","GSM2545348",339
"Gkn3","GSM2545348",112
"Pllp","GSM2545348",1850
"Sox2ot","GSM2545348",1015
"Ntf3","GSM2545348",276
"Lum","GSM2545348",300
"Gm20751","GSM2545348",83
"Thnsl2","GSM2545348",124
"Slc2a4rg-ps","GSM2545348",561
"Agpat5","GSM2545348",4079
"Mdk","GSM2545348",995
"Penk","GSM2545348",3072
"Cirbp","GSM2545348",2575
"Aloxe3","GSM2545348",352
"Nudt5","GSM2545348",553
"Serpinb1a","GSM2545348",569
"Mt1","GSM2545348",8135
"Fgfr3","GSM2545348",3973
"Myo1d","GSM2545348",777
"Cd99l2","GSM2545348",3582
"C2cd2","GSM2545348",1026
"Brsk2","GSM2545348",6422
"Mrrf","GSM2545348",661
"Snhg4","GSM2545348",203
"Hmgcs1","GSM2545348",8283
"Stk17b","GSM2545348",4878
"Cyp51","GSM2545348",2917
"Gria4","GSM2545348",28221
"Ttyh1","GSM2545348",23075
"Slc13a1","GSM2545348",163
"Phf7","GSM2545348",166
"Get4","GSM2545348",1287
"Gstm1","GSM2545348",7693
"Fbxo31","GSM2545348",2770
"Padi2","GSM2545348",1345
"Gnmt","GSM2545348",198
"Paip2b","GSM2545348",3775
"Slc17a9","GSM2545348",18
"Vopp1","GSM2545348",1782
"Ogdhl","GSM2545348",3823
"Dcaf12","GSM2545348",3076
"Rorc","GSM2545348",964
"Cp","GSM2545348",1293
"Jade2","GSM2545348",2060
"Nbl1","GSM2545348",2679
"Hsph1","GSM2545348",5567
"Serf2","GSM2545348",3989
"Rasgef1a","GSM2545348",3937
"Prrg1","GSM2545348",612
"Etnppl","GSM2545348",4116
"Cyp4f15","GSM2545348",138
"Ankrd29","GSM2545348",1245
"Gm27252","GSM2545348",74
"Kctd2","GSM2545348",3178
"Iigp1","GSM2545348",83
"Ak4","GSM2545348",5416
"Idh2","GSM2545348",1344
"Camkk1","GSM2545348",2636
"Rftn2","GSM2545348",1396
"Igtp","GSM2545348",111
"Bche","GSM2545348",446
"Marcks","GSM2545348",8427
"Pabpc4","GSM2545348",870
"Pmp22","GSM2545348",1846
"Car14","GSM2545348",779
"Serpinh1","GSM2545348",1445
"Ppp1r13b","GSM2545348",3024
"Tfrc","GSM2545348",6146
"Smox","GSM2545348",2310
"Tjap1","GSM2545348",1074
"Msmo1","GSM2545348",2497
"Slc26a8","GSM2545348",101
"Eml3","GSM2545348",1128
"Csf2ra","GSM2545348",583
"Rnf141","GSM2545348",3748
"Slc25a16","GSM2545348",1377
"Echdc1","GSM2545348",1456
"Eid2b","GSM2545348",757
"Piga","GSM2545348",583
"Ccdc149","GSM2545348",991
"Car15","GSM2545348",839
"Eny2","GSM2545348",2661
"Mroh1","GSM2545348",3899
"Pcyox1l","GSM2545348",844
"Ankrd39","GSM2545348",400
"Timeless","GSM2545348",372
"Sparc","GSM2545348",38140
"Slc7a10","GSM2545348",1915
"Ppp1r2","GSM2545348",4401
"Psmf1","GSM2545348",1264
"Adat1","GSM2545348",293
"Slc6a12","GSM2545348",231
"Snhg3","GSM2545348",246
"Prg4","GSM2545348",484
"Plod1","GSM2545348",1188
"Whamm","GSM2545348",973
"Ttpa","GSM2545348",588
"Thbs3","GSM2545348",178
"Gltp","GSM2545348",1988
"Pex6","GSM2545348",1830
"Aim2","GSM2545348",121
"Ednrb","GSM2545348",6952
"Nuf2","GSM2545348",209
"Mog","GSM2545348",4252
"Ccl27a","GSM2545348",2203
"Tac4","GSM2545348",11
"Snhg8","GSM2545348",320
"Ak6","GSM2545348",353
"Kctd20","GSM2545348",3222
"Itgb4","GSM2545348",796
"Zfp810","GSM2545348",598
"Gm33489","GSM2545348",223
"Gna12","GSM2545348",1940
"Cyp4v3","GSM2545348",672
"Pkp4","GSM2545348",12903
"Agpat1","GSM2545348",2894
"Gipr","GSM2545348",39
"Edn3","GSM2545348",365
"Prr15","GSM2545348",37
"Traf1","GSM2545348",257
"Pim2","GSM2545348",1375
"Lrrc8a","GSM2545348",3487
"Erp44","GSM2545348",1996
"Tmem33","GSM2545348",6591
"Fen1","GSM2545348",659
"Tfap4","GSM2545348",277
"Lman2","GSM2545348",3799
"Senp8","GSM2545348",312
"Alg14","GSM2545348",796
"Ddah1","GSM2545348",4700
"Pomt1","GSM2545348",708
"Rab3b","GSM2545348",340
"Lrrc29","GSM2545348",74
"Nqo1","GSM2545348",406
"Gpr137b","GSM2545348",591
"Pcif1","GSM2545348",2289
"Qdpr","GSM2545348",6189
"Dcdc2b","GSM2545348",371
"Rap2a","GSM2545348",2927
"Cnpy4","GSM2545348",581
"Wdr41","GSM2545348",1615
"Gm20627","GSM2545348",41
"Mmaa","GSM2545348",1638
"Gm13562","GSM2545348",34
"Cd70","GSM2545348",55
"Itm2a","GSM2545348",2673
"Avil","GSM2545348",70
"Zscan22","GSM2545348",640
"Itgb3","GSM2545348",140
"Col11a2","GSM2545348",666
"Apoc1","GSM2545348",66
"Tmeff2","GSM2545348",2667
"Tyro3","GSM2545348",7284
"Ift22","GSM2545348",1251
"Mtmr7","GSM2545348",2395
"Gabrr2","GSM2545348",47
"Ube2v2","GSM2545348",2127
"C77080","GSM2545348",1152
"Elovl5","GSM2545348",4668
"Serinc5","GSM2545348",3354
"Pyroxd2","GSM2545348",197
"Ypel2","GSM2545348",2219
"Parp3","GSM2545348",340
"Xpo1","GSM2545348",6317
"Polr2a","GSM2545348",5102
"Tspyl4","GSM2545348",28833
"Irgm1","GSM2545348",228
"Cep131","GSM2545348",863
"Sema4d","GSM2545348",4303
"Gbp6","GSM2545348",147
"Zfp119b","GSM2545348",190
"Eps15","GSM2545348",14486
"Pxmp2","GSM2545348",202
"Tomm40l","GSM2545348",2123
"Atat1","GSM2545348",1303
"Chrac1","GSM2545348",404
"Mrpl24","GSM2545348",1649
"Ipo9","GSM2545348",7130
"Actg1","GSM2545348",8482
"Noxred1","GSM2545348",81
"Gm20501","GSM2545348",107
"H2-K1","GSM2545348",883
"Lig1","GSM2545348",506
"Morn2","GSM2545348",290
"Dcakd","GSM2545348",1320
"Nop14","GSM2545348",996
"Bbs1","GSM2545348",1656
"Tada2b","GSM2545348",1285
"Gal3st1","GSM2545348",359
"Xpc","GSM2545348",787
"Irf2bp2","GSM2545348",3179
"Spns2","GSM2545348",2079
"Pole","GSM2545348",82
"Fam78b","GSM2545348",2185
"Ggcx","GSM2545348",1046
"Anks1","GSM2545348",2672
"Pgm2","GSM2545348",3531
"Zgrf1","GSM2545348",415
"Alkbh3","GSM2545348",415
"Dnd1","GSM2545348",90
"Lime1","GSM2545348",2662
"Trim23","GSM2545348",3969
"Abhd14a","GSM2545348",619
"Zkscan3","GSM2545348",2103
"Fam131b","GSM2545348",9035
"Elovl1","GSM2545348",951
"Trim72","GSM2545348",44
"Klhdc9","GSM2545348",110
"Iqck","GSM2545348",100
"Smim14","GSM2545348",6125
"Kcnab3","GSM2545348",1385
"Ing5","GSM2545348",566
"Cnnm3","GSM2545348",2236
"Fn3k","GSM2545348",1184
"Cnp","GSM2545348",19668
"Uros","GSM2545348",754
"Eml1","GSM2545348",3185
"Lgals3","GSM2545348",73
"Gjb1","GSM2545348",800
"Dynll1","GSM2545348",2682
"Cyp2j12","GSM2545348",165
"Crip3","GSM2545348",31
"Sbk1","GSM2545348",27478
"Camkk2","GSM2545348",13335
"Setd7","GSM2545348",19176
"Btf3l4","GSM2545348",2030
"Acbd4","GSM2545348",1257
"Gm16835","GSM2545348",182
"Gpr37","GSM2545348",2414
"Prr5l","GSM2545348",779
"Slain1","GSM2545348",2295
"Calr","GSM2545348",13150
"Bst1","GSM2545348",7
"Fmnl3","GSM2545348",357
"Gpr89","GSM2545348",648
"Zranb1","GSM2545348",6662
"Col27a1","GSM2545348",1123
"Emc8","GSM2545348",3299
"Ormdl3","GSM2545348",2705
"Capg","GSM2545348",87
"Zbtb21","GSM2545348",1032
"Sord","GSM2545348",741
"Tsc22d1","GSM2545348",11882
"Gpld1","GSM2545348",2714
"Cdh4","GSM2545348",824
"Hkdc1","GSM2545348",75
"Ggact","GSM2545348",1240
"Zfp493","GSM2545348",191
"Mkks","GSM2545348",1432
"Gm15423","GSM2545348",73
"Npas2","GSM2545348",158
"Plin4","GSM2545348",462
"Rragc","GSM2545348",2752
"Nsun3","GSM2545348",561
"Hgsnat","GSM2545348",2865
"Acr","GSM2545348",41
"Ccdc167","GSM2545348",1417
"Thap1","GSM2545348",453
"Egfl8","GSM2545348",157
"Vps33a","GSM2545348",4658
"Igbp1","GSM2545348",1188
"Tbx6","GSM2545348",87
"Dcst2","GSM2545348",21
"Rbm28","GSM2545348",2153
"Pms1","GSM2545348",361
"Rtcb","GSM2545348",3875
"Smad9","GSM2545348",1657
"Ubxn2b","GSM2545348",895
"Rnf170","GSM2545348",1514
"Pithd1","GSM2545348",2212
"Steap3","GSM2545348",140
"Tomm20","GSM2545348",8648
"Klf15","GSM2545348",1622
"Amz2","GSM2545348",2040
"Folh1","GSM2545348",526
"Ubfd1","GSM2545348",3177
"Gpx3","GSM2545348",297
"C4b","GSM2545348",659
"Mdfi","GSM2545348",545
"Nucb2","GSM2545348",259
"Clip4","GSM2545348",1236
"Tipin","GSM2545348",580
"Amy1","GSM2545348",838
"Efhd1","GSM2545348",1852
"Smim15","GSM2545348",2152
"Zfp658","GSM2545348",890
"E2f6","GSM2545348",1934
"Lix1","GSM2545348",522
"Coq4","GSM2545348",343
"Otoa","GSM2545348",51
"Mex3a","GSM2545348",225
"Tmem132c","GSM2545348",1100
"Dclk1","GSM2545348",18998
"Eml2","GSM2545348",2985
"Glyr1","GSM2545348",8093
"Gm1976","GSM2545348",361
"Smyd3","GSM2545348",1328
"Dcaf8","GSM2545348",7534
"Lias","GSM2545348",1049
"Msn","GSM2545348",3167
"Timmdc1","GSM2545348",645
"H2-Q6","GSM2545348",29
"Asic3","GSM2545348",47
"Col5a3","GSM2545348",302
"Stx3","GSM2545348",2526
"AW046200","GSM2545348",163
"Hsf1","GSM2545348",1584
"Colq","GSM2545348",178
"Rcor3","GSM2545348",1355
"Slc6a20a","GSM2545348",842
"Prps1","GSM2545348",2157
"Keap1","GSM2545348",2019
"Tap2","GSM2545348",313
"Slc16a7","GSM2545348",1615
"Eif2b3","GSM2545348",526
"Flywch1","GSM2545348",11719
"Amigo2","GSM2545348",836
"Hspd1","GSM2545348",7286
"Sost","GSM2545348",62
"Gm8615","GSM2545348",39
"Kcnk13","GSM2545348",225
"Tspyl2","GSM2545348",4651
"Spsb3","GSM2545348",2570
"Gm8493","GSM2545348",35
"Fgf22","GSM2545348",70
"Slc6a6","GSM2545348",4688
"Xist","GSM2545348",42144
"Ddx3y","GSM2545348",1
"Eif2s3y","GSM2545348",0
"Kdm5d","GSM2545348",0
"Uty","GSM2545348",1
"Eif2s3x","GSM2545348",2222
"Kdm6a","GSM2545348",3339
"Casp12","GSM2545348",307
"Ddx3x","GSM2545348",23606
"Prl2c3","GSM2545348",79
"Casp1","GSM2545348",61
"Pbdc1","GSM2545348",488
"Kdm5c","GSM2545348",5500
"Ctxn2","GSM2545348",120
"Ldoc1","GSM2545348",362
"Gpr179","GSM2545348",27
"Pou4f1","GSM2545348",34
"Tmprss3","GSM2545348",55
"Prl2c2","GSM2545348",12
"Slc35b1","GSM2545348",1594
"Myoc","GSM2545348",510
"Cartpt","GSM2545348",32
"Tchh","GSM2545348",73
"H2-Q2","GSM2545348",19
"Ascl1","GSM2545348",105
"Crhr1","GSM2545348",2765
"Gm4017","GSM2545348",12
"Impg1","GSM2545348",54
"Rxfp3","GSM2545348",25
"AI504432","GSM2545348",1124
"Mpo","GSM2545348",12
"Oxtr","GSM2545348",39
"Usp2","GSM2545348",4370
"Lor","GSM2545348",19
"Srrm4","GSM2545348",3808
"Slc35g1","GSM2545348",195
"Tceal6","GSM2545348",1117
"Dach2","GSM2545348",127
"Lgr6","GSM2545348",288
"Kcna4","GSM2545348",198
"Zfyve28","GSM2545348",3109
"Hps4","GSM2545348",904
"Ucp3","GSM2545348",95
"Mettl17","GSM2545348",833
"Atg9b","GSM2545348",47
"Usp3","GSM2545348",4786
"Acta2","GSM2545348",298
"Wdr24","GSM2545348",608
"Zw10","GSM2545348",1539
"Ubtd2","GSM2545348",2947
"Slc6a4","GSM2545348",9
"Cog1","GSM2545348",2147
"S100a9","GSM2545348",78
"Nadk","GSM2545348",2633
"Col6a1","GSM2545348",639
"Susd2","GSM2545348",301
"Fam53b","GSM2545348",2447
"Npas1","GSM2545348",12
"Rhbdf1","GSM2545348",542
"Cacnb1","GSM2545348",858
"Zfp579","GSM2545348",1056
"Dtx4","GSM2545348",1226
"Chrm3","GSM2545348",138
"Plcl2","GSM2545348",1577
"Ptprj","GSM2545348",3495
"Cyhr1","GSM2545348",6490
"Stx5a","GSM2545348",2552
"Smim8","GSM2545348",426
"Pappa2","GSM2545348",8
"Stbd1","GSM2545348",52
"Rln3","GSM2545348",1
"Ldlr","GSM2545348",1465
"Bmp2","GSM2545348",58
"Itga10","GSM2545348",307
"Unc45a","GSM2545348",1612
"Hap1","GSM2545348",3153
"Gm35339","GSM2545348",396
"Serpinb8","GSM2545348",149
"Tmem200c","GSM2545348",256
"Ngb","GSM2545348",75
"Myh11","GSM2545348",264
"Ass1","GSM2545348",381
"Ccdc28b","GSM2545348",1850
"Vsx2","GSM2545348",1
"Klhl1","GSM2545348",288
"Slit1","GSM2545348",210
"Rbm10","GSM2545348",3194
"Sgk1","GSM2545348",6190
"Zbtb24","GSM2545348",731
"Kif5a","GSM2545348",37367
"Alox8","GSM2545348",145
"Rgcc","GSM2545348",384
"Olfr1033","GSM2545348",64
"Lrrn4","GSM2545348",11
"Trim59","GSM2545348",822
"Pnma2","GSM2545348",347
"Arc","GSM2545348",782
"Lypd6b","GSM2545348",126
"Prkar2b","GSM2545348",812
"Gabrd","GSM2545348",6366
"Sh3gl1","GSM2545348",1828
"Rab9b","GSM2545348",942
"Slc9a2","GSM2545348",210
"Gata3","GSM2545348",39
"Rnd3","GSM2545348",559
"Tdgf1","GSM2545348",259
"Tph2","GSM2545348",44
"Gprc5c","GSM2545348",2587
"Syt16","GSM2545348",250
"Cdyl","GSM2545348",525
"St8sia2","GSM2545348",88
"Usp19","GSM2545348",6421
"Foxj2","GSM2545348",2591
"Wdfy2","GSM2545348",1902
"Fibcd1","GSM2545348",55
"Hs3st4","GSM2545348",129
"Rab27b","GSM2545348",401
"Gm4988","GSM2545348",123
"Hebp1","GSM2545348",294
"Mrgpre","GSM2545348",90
"Slc22a4","GSM2545348",2657
"Txndc11","GSM2545348",1348
"Pgr15l","GSM2545348",18
"Evpl","GSM2545348",40
"Pax7","GSM2545348",16
"Trim65","GSM2545348",170
"Gm33533","GSM2545348",18
"Otof","GSM2545348",137
"Alk","GSM2545348",54
"Acap3","GSM2545348",4055
"Erdr1","GSM2545348",467
"Kcnq5","GSM2545348",157
"Msln","GSM2545348",66
"Tbc1d20","GSM2545348",1364
"Slc16a10","GSM2545348",276
"Errfi1","GSM2545348",2127
"Nr2e1","GSM2545348",10
"Gpr149","GSM2545348",13
"Plcxd1","GSM2545348",164
"Lrch3","GSM2545348",5394
"Morc2b","GSM2545348",154
"Elfn1","GSM2545348",98
"Rnf180","GSM2545348",385
"Pcdhb8","GSM2545348",202
"Creg2","GSM2545348",317
"Erich3","GSM2545348",737
"Rpp25","GSM2545348",136
"Fgfr1","GSM2545348",6555
"Sfrp2","GSM2545348",42
"Rprm","GSM2545348",78
"Tmem120b","GSM2545348",524
"Tpra1","GSM2545348",1989
"Igsf9","GSM2545348",26
"Jakmip1","GSM2545348",771
"Hsf4","GSM2545348",149
"Pcbd1","GSM2545348",136
"Rasgrf2","GSM2545348",584
"Dgkk","GSM2545348",74
"Paxip1","GSM2545348",1904
"Smtn","GSM2545348",279
"Cmpk2","GSM2545348",609
"Drd4","GSM2545348",10
"Samd11","GSM2545348",33
"Magel2","GSM2545348",36
"Csrnp3","GSM2545348",1802
"Zfp941","GSM2545348",723
"Lrrc1","GSM2545348",711
"Tmie","GSM2545348",246
"Pcdh8","GSM2545348",128
"Glra2","GSM2545348",218
"Gpatch8","GSM2545348",5671
"Slc6a16","GSM2545348",20
"Grm7","GSM2545348",1047
"Ybx3","GSM2545348",2011
"Tenm3","GSM2545348",855
"Npffr1","GSM2545348",11
"Slc39a11","GSM2545348",358
"Otp","GSM2545348",1
"Hoga1","GSM2545348",83
"Egfl6","GSM2545348",8
"Plch2","GSM2545348",9701
"Pde11a","GSM2545348",58
"Zfp335","GSM2545348",1445
"Gpr61","GSM2545348",213
"Tox","GSM2545348",116
"Gabrr1","GSM2545348",10
"Jun","GSM2545348",3150
"Cox7b2","GSM2545348",34
"Mn1","GSM2545348",166
"Tmem130","GSM2545348",3930
"Dusp11","GSM2545348",8952
"Tmem91","GSM2545348",122
"Rbms2","GSM2545348",950
"Inpp5j","GSM2545348",5903
"Vstm2a","GSM2545348",1129
"C1qtnf2","GSM2545348",40
"Ctns","GSM2545348",1298
"Smarcd2","GSM2545348",3184
"Dbpht2","GSM2545348",107
"Ltbp2","GSM2545348",1317
"Drd1","GSM2545348",11
"Dact2","GSM2545348",181
"E4f1","GSM2545348",1260
"Zfp598","GSM2545348",2568
"Zcchc12","GSM2545348",797
"Zfp263","GSM2545348",1391
"Tspyl3","GSM2545348",599
"Arhgap10","GSM2545348",782
"Plxnb2","GSM2545348",6519
"Doc2a","GSM2545348",106
"Tmem29","GSM2545348",512
"Dpf2","GSM2545348",3180
"Foxl2os","GSM2545348",37
"Slc47a1","GSM2545348",447
"Nap1l5","GSM2545348",19589
"Mapk7","GSM2545348",1289
"Grem2","GSM2545348",138
"Pcdh10","GSM2545348",1755
"Nol3","GSM2545348",287
"Gpr83","GSM2545348",79
"Nrsn2","GSM2545348",1896
"Prss16","GSM2545348",26
"Pcdh18","GSM2545348",138
"Emx2","GSM2545348",10
"Ccdc81","GSM2545348",66
"Rwdd2a","GSM2545348",325
"Mpped1","GSM2545348",250
"Galnt7","GSM2545348",2022
"S100a8","GSM2545348",57
"Mau2","GSM2545348",5289
"Ptpn23","GSM2545348",2674
"Sstr1","GSM2545348",163
"Wdfy4","GSM2545348",34
"Anxa3","GSM2545348",403
"C3","GSM2545348",50
"Tead4","GSM2545348",244
"Clvs2","GSM2545348",313
"Gaa","GSM2545348",6741
"Zfp219","GSM2545348",6360
"Bves","GSM2545348",14
"Tmem161a","GSM2545348",942
"Unc5d","GSM2545348",531
"Cd180","GSM2545348",43
"Scml4","GSM2545348",38
"Stk38","GSM2545348",2500
"Sox17","GSM2545348",302
"Srsf9","GSM2545348",1618
"Herpud1","GSM2545348",3090
"Hmbs","GSM2545348",528
"Gm2824","GSM2545348",55
"Mir1901","GSM2545348",55
"Adamts19","GSM2545348",18
"Zfp36l1","GSM2545348",1467
"Impact","GSM2545348",7293
"Trmt6","GSM2545348",1650
"Plekhm1","GSM2545348",1786
"Basp1","GSM2545348",1261
"Grid1","GSM2545348",919
"Zdbf2","GSM2545348",571
"Tal1","GSM2545348",85
"Raf1","GSM2545348",4263
"Pgpep1l","GSM2545348",17
"Fzd4","GSM2545348",1163
"Tfdp1","GSM2545348",2004
"Pdzrn4","GSM2545348",90
"Ier3","GSM2545348",398
"Mir378a","GSM2545348",4
"Magee2","GSM2545348",88
"Plekhg2","GSM2545348",304
"Boc","GSM2545348",3825
"Ddx39b","GSM2545348",5564
"H2-T24","GSM2545348",74
"Insm1","GSM2545348",28
"Vstm5","GSM2545348",81
"Kctd4","GSM2545348",153
"Oprm1","GSM2545348",131
"Zfand6","GSM2545348",2636
"Cx3cl1","GSM2545348",2835
"Tacr3","GSM2545348",41
"Gpr4","GSM2545348",145
"Ptgis","GSM2545348",89
"Ccdc28a","GSM2545348",465
"Ido2","GSM2545348",12
"Elfn2","GSM2545348",1010
"Ngp","GSM2545348",57
"Ptpro","GSM2545348",303
"Neto1","GSM2545348",187
"Col6a2","GSM2545348",550
"Fev","GSM2545348",2
"Mmab","GSM2545348",668
"Resp18","GSM2545348",667
"Amn","GSM2545348",17
"Tmem132b","GSM2545348",572
"St6gal2","GSM2545348",234
"Tbc1d25","GSM2545348",778
"Pdcd2l","GSM2545348",589
"Acot3","GSM2545348",17
"Gm5468","GSM2545348",3
"Atg16l1","GSM2545348",2171
"Rpl14-ps1","GSM2545348",23
"Glra3","GSM2545348",175
"Plekhh3","GSM2545348",1911
"Pcdhga1","GSM2545348",164
"Gm9899","GSM2545348",1478
"Eps8l1","GSM2545348",337
"Serpina3g","GSM2545348",18
"Pcdh17","GSM2545348",1271
"Riok3","GSM2545348",3807
"Dcaf12l2","GSM2545348",13
"Ankrd6","GSM2545348",567
"Dhrs11","GSM2545348",513
"Zdhhc22","GSM2545348",269
"Hmgb3","GSM2545348",419
"Mid1","GSM2545348",262
"Celf3","GSM2545348",1920
"Akap5","GSM2545348",285
"Phlda3","GSM2545348",552
"Arfgap2","GSM2545348",3523
"Gabpb1","GSM2545348",1161
"Mybpc1","GSM2545348",2949
"Nfkbia","GSM2545348",1099
"Gabra3","GSM2545348",803
"Gtpbp2","GSM2545348",2848
"Ptgdr","GSM2545348",34
"Myh15","GSM2545348",28
"Ciz1","GSM2545348",1560
"Tmem62","GSM2545348",3237
"Pan3","GSM2545348",4849
"Pld3","GSM2545348",2673
"Trim3","GSM2545348",7006
"Spata2l","GSM2545348",709
"Gm2223","GSM2545348",26
"Dnah1","GSM2545348",97
"Pnoc","GSM2545348",101
"Dzank1","GSM2545348",7858
"Safb2","GSM2545348",3041
"Rnf128","GSM2545348",1063
"Jpx","GSM2545348",356
"Il16","GSM2545348",7876
"Slc26a7","GSM2545348",329
"Rspo1","GSM2545348",15
"Hcfc2","GSM2545348",1828
"Gm35315","GSM2545348",55
"Tyrp1","GSM2545348",10
"Pank4","GSM2545348",1829
"Ngef","GSM2545348",672
"Llgl1","GSM2545348",3527
"Usp12","GSM2545348",2564
"Ppp2r2d","GSM2545348",2345
"Zfp677","GSM2545348",162
"Heyl","GSM2545348",115
"Sin3b","GSM2545348",2555
"Sidt1","GSM2545348",2039
"Spin2c","GSM2545348",120
"Wasf2","GSM2545348",1411
"Tmem14a","GSM2545348",706
"Cntnap5a","GSM2545348",623
"Ccm2l","GSM2545348",172
"Sema3e","GSM2545348",756
"Il18bp","GSM2545348",374
"Slc35f1","GSM2545348",1326
"Best1","GSM2545348",28
"Pde8b","GSM2545348",728
"Htr7","GSM2545348",58
"Cfap57","GSM2545348",37
"Sgsm1","GSM2545348",4146
"Scn3b","GSM2545348",328
"Mark3","GSM2545348",3843
"Acsl5","GSM2545348",555
"Qpct","GSM2545348",177
"Iqcc","GSM2545348",638
"Noc2l","GSM2545348",2333
"Slc25a27","GSM2545348",4663
"Kdm4b","GSM2545348",2714
"Pde1b","GSM2545348",1329
"Pcdha10","GSM2545348",74
"Gja5","GSM2545348",24
"Irs4","GSM2545348",23
"Mamdc4","GSM2545348",191
"Mthfd2l","GSM2545348",254
"Lrrtm1","GSM2545348",288
"Tacr1","GSM2545348",56
"Lmo3","GSM2545348",194
"Psg16","GSM2545348",1029
"Abcc8","GSM2545348",2578
"Epc1","GSM2545348",2956
"Slc6a7","GSM2545348",420
"Col4a5","GSM2545348",493
"Gm8013","GSM2545348",6
"Clpx","GSM2545348",1943
"Dffb","GSM2545348",386
"Senp3","GSM2545348",2842
"Hhex","GSM2545348",55
"Per2","GSM2545348",2950
"Rnpep","GSM2545348",1473
"Ttll1","GSM2545348",746
"Ppp1r1c","GSM2545348",9
"Moxd1","GSM2545348",304
"Susd6","GSM2545348",5477
"Ighm","GSM2545348",109
"Fam131a","GSM2545348",3525
"Zfp92","GSM2545348",44
"Kirrel","GSM2545348",524
"Npsr1","GSM2545348",5
"Kcnj16","GSM2545348",1233
"Atg10","GSM2545348",289
"Vwc2l","GSM2545348",66
"Sox14","GSM2545348",29
"Zc3h3","GSM2545348",527
"Gak","GSM2545348",4453
"Tox2","GSM2545348",195
"Tenm2","GSM2545348",979
"Begain","GSM2545348",850
"Dsc3","GSM2545348",12
"Fbll1","GSM2545348",348
"Dnah7a","GSM2545348",17
"Gm3764","GSM2545348",4286
"Strip1","GSM2545348",2966
"Nmnat3","GSM2545348",36
"Lims2","GSM2545348",442
"Fam43b","GSM2545348",225
"Ccnl2","GSM2545348",9666
"Gm11627","GSM2545348",10
"Rabl2","GSM2545348",1068
"Kcnj3","GSM2545348",5418
"Zfp36","GSM2545348",192
"Slc2a1","GSM2545348",5670
"Cnksr3","GSM2545348",3138
"AW551984","GSM2545348",283
"Hykk","GSM2545348",226
"Rnasel","GSM2545348",112
"Shc1","GSM2545348",459
"Ppp1r12c","GSM2545348",3439
"Syne4","GSM2545348",416
"Arrdc2","GSM2545348",879
"Usp28","GSM2545348",2921
"Slfn4","GSM2545348",7
"Pomt2","GSM2545348",1366
"Gm10432","GSM2545348",120
"Cngb1","GSM2545348",14
"Dot1l","GSM2545348",6864
"Gmnn","GSM2545348",124
"Ccdc160","GSM2545348",62
"Ptpn5","GSM2545348",853
"Mal2","GSM2545348",357
"Arap3","GSM2545348",260
"Mib2","GSM2545348",2958
"Itgb1bp2","GSM2545348",47
"Stk32b","GSM2545348",44
"Dgkb","GSM2545348",1201
"Pcgf6","GSM2545348",1189
"Serinc2","GSM2545348",949
"Arhgef37","GSM2545348",758
"Ltf","GSM2545348",36
"Timp2","GSM2545348",3764
"Snora41","GSM2545348",10
"F3","GSM2545348",2383
"Tgfbi","GSM2545348",232
"Rab44","GSM2545348",8
"Lclat1","GSM2545348",1056
"Arid5b","GSM2545348",2132
"Col25a1","GSM2545348",276
"Inpp5b","GSM2545348",2984
"Dhfr","GSM2545348",340
"Phkg2","GSM2545348",1951
"Bcl11a","GSM2545348",631
"Nr2f1","GSM2545348",1523
"Trhr","GSM2545348",37
"Msc","GSM2545348",14
"Mndal","GSM2545348",206
"Pou3f2","GSM2545348",667
"Gm9962","GSM2545348",21
"Atg16l2","GSM2545348",993
"Gm16425","GSM2545348",4
"Ap1m1","GSM2545348",2090
"Trpv3","GSM2545348",16
"Inpp5k","GSM2545348",2445
"D11Wsu47e","GSM2545348",231
"Fkbp1b","GSM2545348",297
"Syvn1","GSM2545348",2247
"Aldh3a2","GSM2545348",3042
"Dtd2","GSM2545348",291
"Pcdh19","GSM2545348",318
"Gm5526","GSM2545348",18
"Nsun5","GSM2545348",574
"Hrh2","GSM2545348",270
"Lmbr1l","GSM2545348",650
"Pkn1","GSM2545348",1337
"Nptx2","GSM2545348",93
"Ctxn1","GSM2545348",256
"Rp1","GSM2545348",3
"Gm7357","GSM2545348",3
"Mrpl15","GSM2545348",1247
"Lypla1","GSM2545348",2210
"Tcea1","GSM2545348",3217
"Gm6104","GSM2545348",1
"Atp6v1h","GSM2545348",4703
"Oprk1","GSM2545348",62
"Npbwr1","GSM2545348",4
"Rb1cc1","GSM2545348",6281
"Gm2147","GSM2545348",5
"Gm26901","GSM2545348",3
"Sntg1","GSM2545348",352
"Gm6187","GSM2545348",1
"Rrs1","GSM2545348",734
"Mcmdc2","GSM2545348",44
"Snhg6","GSM2545348",282
"Snord87","GSM2545348",3
"Tcf24","GSM2545348",17
"Ppp1r42","GSM2545348",22
"Arfgef1","GSM2545348",5841
"Cpa6","GSM2545348",2
"Ncoa2","GSM2545348",4948
"Tram1","GSM2545348",1922
"Gm5523","GSM2545348",2
"Eya1","GSM2545348",342
"Smt3h2-ps4","GSM2545348",3
"Trpa1","GSM2545348",4
"Gm10566","GSM2545348",1
"Terf1","GSM2545348",595
"Rdh10","GSM2545348",1059
"Stau2","GSM2545348",3511
"Ly96","GSM2545348",41
"Jph1","GSM2545348",1547
"Gdap1","GSM2545348",5852
"Rbm6-ps1","GSM2545348",14
"Pi15","GSM2545348",25
"Gm28154","GSM2545348",14
"Gm16070","GSM2545348",3
"Gm15825","GSM2545348",3
"Tfap2d","GSM2545348",229
"Tfap2b","GSM2545348",2016
"Pkhd1","GSM2545348",4
"Mir133b","GSM2545348",4
"Il17f","GSM2545348",1
"Paqr8","GSM2545348",18972
"Tram2","GSM2545348",10
"Gm7658","GSM2545348",12
"Gm7761","GSM2545348",10
"Mir30c-2","GSM2545348",12
"Ogfrl1","GSM2545348",10258
"Smap1","GSM2545348",3466
"Fam135a","GSM2545348",3540
"Col19a1","GSM2545348",1236
"Lmbrd1","GSM2545348",9713
"Gm20172","GSM2545348",3
"Gm29214","GSM2545348",5
"Gm7846","GSM2545348",3
"Gm5525","GSM2545348",39
"Phf3","GSM2545348",4674
"Khdrbs2","GSM2545348",288
"Gm5415","GSM2545348",1
"Zfp451","GSM2545348",1438
"Gm15455","GSM2545348",14
"Bend6","GSM2545348",9296
"Ptpn18","GSM2545348",36
"Cfc1","GSM2545348",6
"Amer3","GSM2545348",2413
"Fam168b","GSM2545348",13219
"Gm33222","GSM2545348",4
"Kansl3","GSM2545348",4075
"Fer1l5","GSM2545348",2
"Cnnm4","GSM2545348",1365
"Sema4c","GSM2545348",1258
"Cox5b","GSM2545348",5455
"Zap70","GSM2545348",18
"Tmem131","GSM2545348",3706
"Cnga3","GSM2545348",3
"Unc50","GSM2545348",1528
"Lipt1","GSM2545348",94
"Mrpl30","GSM2545348",1231
"Lyg2","GSM2545348",10
"Txndc9","GSM2545348",1894
"Eif5b","GSM2545348",5105
"Gm16150","GSM2545348",9
"Gm16152","GSM2545348",6
"Pdcl3","GSM2545348",1140
"Rpl31","GSM2545348",2848
"Tbc1d8","GSM2545348",2003
"Cnot11","GSM2545348",1481
"Snord89","GSM2545348",20
"Rnf149","GSM2545348",1101
"Rfx8","GSM2545348",6
"Gm16894","GSM2545348",19
"Il1rl2","GSM2545348",24
"Il1rl1","GSM2545348",8
"Il18r1","GSM2545348",0
"Slc9a4","GSM2545348",11
"Mfsd9","GSM2545348",174
"Tmem182","GSM2545348",6
"Gm28175","GSM2545348",22
"Pantr1","GSM2545348",252
"Pou3f3","GSM2545348",1508
"Pantr2","GSM2545348",43
"Mrps9","GSM2545348",1314
"Gpr45","GSM2545348",87
"Tgfbrap1","GSM2545348",2753
"Fhl2","GSM2545348",128
"Nck2","GSM2545348",799
"Uxs1","GSM2545348",1420
"Gm16103","GSM2545348",1
"Tpp2","GSM2545348",3167
"Tex30","GSM2545348",245
"Bivm","GSM2545348",1097
"Gulp1","GSM2545348",262
"Wdr75","GSM2545348",1170
"Dnah7b","GSM2545348",745
"Gm4852","GSM2545348",6
"Gm8337","GSM2545348",17
"Nabp1","GSM2545348",442
"Gm17767","GSM2545348",0
"Myo1b","GSM2545348",842
"Stat4","GSM2545348",6
"Stat1","GSM2545348",1494
"Gls","GSM2545348",14458
"Rps27a-ps1","GSM2545348",0
"Gm28178","GSM2545348",1
"Inpp1","GSM2545348",3672
"Mstn","GSM2545348",19
"Asnsd1","GSM2545348",748
"Gtf3c3","GSM2545348",1164
"Pgap1","GSM2545348",2082
"Gm19637","GSM2545348",0
"Ankrd44","GSM2545348",808
"Sf3b1","GSM2545348",17393
"Gm6822","GSM2545348",24
"Boll","GSM2545348",5
"Gm8292","GSM2545348",13
"Plcl1","GSM2545348",1244
"Gm6644","GSM2545348",5
"Satb2","GSM2545348",17
"BC055402","GSM2545348",2
"Tyw5","GSM2545348",493
"Spats2l","GSM2545348",379
"Aox4","GSM2545348",4
"Aox2","GSM2545348",2
"Bzw1","GSM2545348",8892
"Clk1","GSM2545348",8200
"Ppil3","GSM2545348",390
"Nif3l1","GSM2545348",847
"Cflar","GSM2545348",1504
"Casp8","GSM2545348",97
"Stradb","GSM2545348",1230
"Tmem237","GSM2545348",1005
"Cdk15","GSM2545348",13
"Fzd7","GSM2545348",2510
"Sumo1","GSM2545348",3029
"Fam117b","GSM2545348",4334
"Wdr12","GSM2545348",1055
"Nbeal1","GSM2545348",1553
"Abi2","GSM2545348",5240
"Cd28","GSM2545348",52
"Gm11581","GSM2545348",3
"Icos","GSM2545348",5
"Nrp2","GSM2545348",461
"Gm4208","GSM2545348",3
"Ndufs1","GSM2545348",7808
"Eef1b2","GSM2545348",3765
"Gpr1","GSM2545348",9
"Gm11605","GSM2545348",10
"Adam23","GSM2545348",7941
"Dytn","GSM2545348",2
"Mdh1b","GSM2545348",21
"Gm13748","GSM2545348",6
"Ccnyl1","GSM2545348",550
"Plekhm3","GSM2545348",1929
"Rpl10a-ps1","GSM2545348",20
"Cryga","GSM2545348",2
"Pikfyve","GSM2545348",2763
"Map2","GSM2545348",25973
"Unc80","GSM2545348",19228
"Kansl1l","GSM2545348",1449
"Acadl","GSM2545348",2022
"Gm15793","GSM2545348",3
"Spag16","GSM2545348",108
"Bard1","GSM2545348",25
"Abca12","GSM2545348",5
"Atic","GSM2545348",1012
"Fn1","GSM2545348",3694
"Gm5256","GSM2545348",4
"Tmem169","GSM2545348",668
"Xrcc5","GSM2545348",757
"Smarcal1","GSM2545348",3112
"Igfbp2","GSM2545348",2017
"Gm29183","GSM2545348",0
"Rufy4","GSM2545348",6
"Cxcr2","GSM2545348",3
"Arpc2","GSM2545348",4321
"Aamp","GSM2545348",4799
"Tmbim1","GSM2545348",2013
"Catip","GSM2545348",93
"Zfp142","GSM2545348",1864
"Rnf25","GSM2545348",1399
"Ttll4","GSM2545348",1995
"Prkag3","GSM2545348",26
"Gm29539","GSM2545348",3
"Wnt10a","GSM2545348",14
"Ihh","GSM2545348",9
"Slc23a3","GSM2545348",3
"Zfand2b","GSM2545348",436
"Ankzf1","GSM2545348",1124
"Glb1l","GSM2545348",449
"Ptprn","GSM2545348",5244
"Des","GSM2545348",84
"Asic4","GSM2545348",123
"Chpf","GSM2545348",2255
"Obsl1","GSM2545348",817
"Stk11ip","GSM2545348",1168
"Slc4a3","GSM2545348",3919
"Epha4","GSM2545348",1010
"Pax3","GSM2545348",292
"Mogat1","GSM2545348",7
"Kcne4","GSM2545348",56
"Gm5830","GSM2545348",17
"Scg2","GSM2545348",7325
"Mrpl44","GSM2545348",833
"Gm5529","GSM2545348",45
"Fam124b","GSM2545348",1
"Cul3","GSM2545348",8214
"Nyap2","GSM2545348",1284
"Rhbdd1","GSM2545348",540
"Col4a4","GSM2545348",87
"Col4a3","GSM2545348",90
"Mff","GSM2545348",7549
"Daw1","GSM2545348",34
"Trip12","GSM2545348",8397
"Fbxo36","GSM2545348",120
"Slc16a14","GSM2545348",254
"Gm15433","GSM2545348",1
"Rpl19-ps1","GSM2545348",2
"Sp110","GSM2545348",53
"Sp140","GSM2545348",20
"Sp100","GSM2545348",155
"Cab39","GSM2545348",8702
"Gpr55","GSM2545348",0
"Spata3","GSM2545348",22
"Htr2b","GSM2545348",2
"Armc9","GSM2545348",783
"B3gnt7","GSM2545348",17
"Snora75","GSM2545348",13
"Nmur1","GSM2545348",24
"Dis3l2","GSM2545348",884
"Gm6136","GSM2545348",21
"Ecel1","GSM2545348",26
"Prss56","GSM2545348",3
"Kcnj13","GSM2545348",606
"Inpp5d","GSM2545348",224
"Scarna6","GSM2545348",3
"Sag","GSM2545348",8
"Dgkd","GSM2545348",11236
"Gm19582","GSM2545348",77
"Usp40","GSM2545348",1502
"Ugt1a7c","GSM2545348",13
"Dnajb3","GSM2545348",31
"Mroh2a","GSM2545348",19
"Spp2","GSM2545348",6
"Gm29538","GSM2545348",6
"Glrp1","GSM2545348",1
"Sh3bp4","GSM2545348",494
"Gbx2","GSM2545348",2
"Iqca","GSM2545348",27
"Ackr3","GSM2545348",335
"Col6a3","GSM2545348",106
"Rab17","GSM2545348",2
"Ube2f","GSM2545348",1417
"Klhl30","GSM2545348",12
"Twist2","GSM2545348",2
"Hdac4","GSM2545348",2212
"Ndufa10","GSM2545348",4589
"Mir149","GSM2545348",0
"Ankmy1","GSM2545348",18
"Rnpepl1","GSM2545348",1403
"Capn10","GSM2545348",1130
"Gpr35","GSM2545348",49
"Pask","GSM2545348",184
"Hdlbp","GSM2545348",8753
"Farp2","GSM2545348",306
"Stk25","GSM2545348",5861
"Thap4","GSM2545348",502
"D2hgdh","GSM2545348",451
"Pdcd1","GSM2545348",1
"Gm7895","GSM2545348",23
"Fam174a","GSM2545348",1626
"Slco4c1","GSM2545348",12
"Panct2","GSM2545348",22
"Gm6430","GSM2545348",5
"Gin1","GSM2545348",448
"Pam","GSM2545348",2035
"Cntnap5b","GSM2545348",962
"Cdh20","GSM2545348",992
"Pign","GSM2545348",932
"Gm10193","GSM2545348",2
"Tnfrsf11a","GSM2545348",78
"Gm7160","GSM2545348",19
"Gm20753","GSM2545348",2
"Bcl2","GSM2545348",588
"Vps4b","GSM2545348",2379
"Serpinb5","GSM2545348",6
"Serpinb10","GSM2545348",1
"Gm8141","GSM2545348",5
"Cdh7","GSM2545348",1851
"Cdh19","GSM2545348",661
"Gm8173","GSM2545348",1
"Dsel","GSM2545348",379
"Gm6028","GSM2545348",3
"Nifk","GSM2545348",926
"Clasp1","GSM2545348",3612
"Inhbb","GSM2545348",261
"Gm3551","GSM2545348",2
"Gm28209","GSM2545348",1
"Cfap221","GSM2545348",12
"Sctr","GSM2545348",7
"Tmem37","GSM2545348",32
"En1","GSM2545348",273
"Insig2","GSM2545348",2459
"Ccdc93","GSM2545348",1419
"Htr5b","GSM2545348",13
"Ddx18","GSM2545348",870
"Actr3","GSM2545348",6728
"Slc35f5","GSM2545348",715
"Gpr39","GSM2545348",0
"Mgat5","GSM2545348",3893
"Gm8451","GSM2545348",37
"Tmem163","GSM2545348",2893
"Acmsd","GSM2545348",0
"Zranb3","GSM2545348",183
"Gm28800","GSM2545348",6
"Rpl28-ps1","GSM2545348",24
"Mir128-1","GSM2545348",2
"Lct","GSM2545348",14
"Gm6170","GSM2545348",45
"Thsd7b","GSM2545348",33
"Gm29428","GSM2545348",0
"Cd55","GSM2545348",293
"Gm16083","GSM2545348",13
"C4bp-ps1","GSM2545348",9
"Yod1","GSM2545348",604
"Fcamr","GSM2545348",1
"Dyrk3","GSM2545348",199
"Ikbke","GSM2545348",80
"Srgap2","GSM2545348",10198
"Slc26a9","GSM2545348",1
"Pm20d1","GSM2545348",210
"Rab29","GSM2545348",198
"Cdk18","GSM2545348",670
"Gm29695","GSM2545348",205
"Lemd1","GSM2545348",13
"Gm7241","GSM2545348",1
"Klhdc8a","GSM2545348",738
"Lrrn2","GSM2545348",3733
"Gm29257","GSM2545348",1
"Gm28609","GSM2545348",4
"Plekha6","GSM2545348",4633
"Ren1","GSM2545348",6
"Sox13","GSM2545348",322
"Zbed6","GSM2545348",1879
"Lax1","GSM2545348",8
"Optc","GSM2545348",50
"Prelp","GSM2545348",1183
"Gm8618","GSM2545348",1
"Mybph","GSM2545348",30
"Myog","GSM2545348",1
"Ppfia4","GSM2545348",11694
"Tmem183a","GSM2545348",3076
"Kdm5b","GSM2545348",2424
"Ppp1r12b","GSM2545348",3668
"Ube2t","GSM2545348",71
"Ptprv","GSM2545348",4
"Timm17a","GSM2545348",1540
"Csrp1","GSM2545348",9916
"Tnni1","GSM2545348",131
"Lad1","GSM2545348",18
"Pkp1","GSM2545348",3
"Ascl5","GSM2545348",1
"Cacna1s","GSM2545348",51
"Gm15850","GSM2545348",1
"Kif21b","GSM2545348",1403
"Camsap2","GSM2545348",8287
"Kif14","GSM2545348",12
"Gm29485","GSM2545348",5
"Gm19705","GSM2545348",33
"Mif-ps1","GSM2545348",2
"Nr5a2","GSM2545348",0
"Ptprc","GSM2545348",105
"Lhx9","GSM2545348",306
"Dennd1b","GSM2545348",1011
"Crb1","GSM2545348",19
"Zbtb41","GSM2545348",1781
"Cfhr2","GSM2545348",6
"Gm5837","GSM2545348",8
"Kcnt2","GSM2545348",69
"Gm5835","GSM2545348",56
"Cdc73","GSM2545348",953
"B3galt2","GSM2545348",752
"Glrx2","GSM2545348",2250
"Rgs1","GSM2545348",0
"Gm7266","GSM2545348",8
"Rgs18","GSM2545348",5
"Brinp3","GSM2545348",952
"Ptgs2os","GSM2545348",0
"Ptgs2","GSM2545348",56
"Tpr","GSM2545348",6323
"Swt1","GSM2545348",786
"Mir7682","GSM2545348",1
"Rnf2","GSM2545348",1535
"Gm36527","GSM2545348",2
"Edem3","GSM2545348",3943
"Tsen15","GSM2545348",561
"Colgalt2","GSM2545348",113
"Rgl1","GSM2545348",1416
"Arpc5","GSM2545348",2432
"Ncf2","GSM2545348",80
"Nmnat2","GSM2545348",9914
"Lamc2","GSM2545348",78
"Dhx9","GSM2545348",6968
"Rgs16","GSM2545348",682
"Rgsl1","GSM2545348",17
"Zfp648","GSM2545348",3
"Gm9530","GSM2545348",19
"Stx6","GSM2545348",1960
"Xpr1","GSM2545348",3966
"Gm5532","GSM2545348",3
"Acbd6","GSM2545348",887
"Lhx4","GSM2545348",0
"Cep350","GSM2545348",3718
"Fam163a","GSM2545348",44
"Tdrd5","GSM2545348",38
"Nphs2","GSM2545348",8
"Gm2000","GSM2545348",9
"Soat1","GSM2545348",703
"Abl2","GSM2545348",2213
"Fam20b","GSM2545348",3438
"Ralgps2","GSM2545348",2024
"Angptl1","GSM2545348",12
"Rasal2","GSM2545348",2717
"Brinp2","GSM2545348",1175
"Gm4953","GSM2545348",3
"Gm31256","GSM2545348",1
"Rabgap1l","GSM2545348",6617
"Gm6177","GSM2545348",3
"Rc3h1","GSM2545348",3639
"Serpinc1","GSM2545348",2
"Snord47","GSM2545348",17
"Dars2","GSM2545348",760
"Cenpl","GSM2545348",101
"Fasl","GSM2545348",23
"Dnm3","GSM2545348",11034
"Dnm3os","GSM2545348",5
"Prrc2c","GSM2545348",7916
"Fmo2","GSM2545348",331
"Mettl11b","GSM2545348",6
"BC055324","GSM2545348",105
"Sele","GSM2545348",1
"Selp","GSM2545348",1
"F5","GSM2545348",769
"Nme7","GSM2545348",441
"Atp1b1","GSM2545348",59544
"Gm26685","GSM2545348",3
"Dpt","GSM2545348",5
"Gm20743","GSM2545348",222
"Sft2d2","GSM2545348",1371
"Tiprl","GSM2545348",1968
"Rcsd1","GSM2545348",191
"Gm32999","GSM2545348",2
"Dusp27","GSM2545348",11
"Mael","GSM2545348",6
"Gm16418","GSM2545348",15
"Gm16701","GSM2545348",201
"Aldh9a1","GSM2545348",1740
"Mgst3","GSM2545348",1988
"Lrrc52","GSM2545348",10
"Rxrg","GSM2545348",30
"Lmx1a","GSM2545348",71
"Pbx1","GSM2545348",4137
"Asl","GSM2545349",481
"Apod","GSM2545349",11812
"Cyp2d22","GSM2545349",2014
"Klk6","GSM2545349",881
"Fcrls","GSM2545349",233
"Slc2a4","GSM2545349",304
"Exd2","GSM2545349",2486
"Gjc2","GSM2545349",670
"Plp1","GSM2545349",82722
"Gnb4","GSM2545349",1759
"Tnc","GSM2545349",992
"Trf","GSM2545349",20628
"Tubb2b","GSM2545349",4160
"Fads1","GSM2545349",8685
"Lxn","GSM2545349",2605
"Prr18","GSM2545349",2410
"Cmtm5","GSM2545349",2217
"Enpp1","GSM2545349",669
"Clic4","GSM2545349",8344
"Tm6sf2","GSM2545349",138
"Slc20a2","GSM2545349",5717
"Itih3","GSM2545349",2366
"Ptn","GSM2545349",7632
"Prodh","GSM2545349",1012
"Msantd1","GSM2545349",173
"Ugt8a","GSM2545349",3588
"Fbln5","GSM2545349",413
"Trp53inp2","GSM2545349",11263
"Slc7a3","GSM2545349",442
"Dnase1l2","GSM2545349",418
"Icosl","GSM2545349",464
"Rmnd1","GSM2545349",1103
"Tssk5","GSM2545349",85
"Pycr1","GSM2545349",76
"Pla2g3","GSM2545349",101
"Vmn2r1","GSM2545349",34
"Gm29797","GSM2545349",69
"Phyhd1","GSM2545349",788
"Gpr146","GSM2545349",969
"Mag","GSM2545349",8405
"Tufm","GSM2545349",1979
"Igdcc4","GSM2545349",3085
"Gm10654","GSM2545349",189
"Ncmap","GSM2545349",44
"Etv4","GSM2545349",552
"Fabp7","GSM2545349",977
"Cpsf4l","GSM2545349",122
"Hexa","GSM2545349",1513
"Mfge8","GSM2545349",2282
"Ccdc136","GSM2545349",3420
"Glul","GSM2545349",46293
"Hopx","GSM2545349",5945
"Pigq","GSM2545349",4161
"Vps11","GSM2545349",2925
"Proca1","GSM2545349",259
"Fbxl22","GSM2545349",208
"Sfxn5","GSM2545349",11032
"Hexim2","GSM2545349",449
"Agt","GSM2545349",2720
"Rlbp1","GSM2545349",380
"Jam2","GSM2545349",3861
"Lcat","GSM2545349",2639
"Oxct1","GSM2545349",14601
"Cacna1e","GSM2545349",10254
"Fa2h","GSM2545349",1939
"Plxnb3","GSM2545349",1286
"Lman2l","GSM2545349",1383
"Dpy19l1","GSM2545349",2502
"Kctd21","GSM2545349",790
"Thra","GSM2545349",10977
"Dok3","GSM2545349",177
"Sult1a1","GSM2545349",383
"Rpe","GSM2545349",1173
"Acrbp","GSM2545349",371
"Slc2a9","GSM2545349",87
"Emp2","GSM2545349",1591
"Aipl1","GSM2545349",14
"Uri1","GSM2545349",2046
"Bcs1l","GSM2545349",491
"Rbm3","GSM2545349",5424
"Tra2a","GSM2545349",4711
"Prex1","GSM2545349",5377
"Josd2","GSM2545349",1657
"Tmco3","GSM2545349",1547
"Srebf1","GSM2545349",2386
"Acer2","GSM2545349",268
"Tsga10","GSM2545349",301
"Cyp3a13","GSM2545349",99
"Relt","GSM2545349",651
"Nrep","GSM2545349",37412
"Slc14a1","GSM2545349",1683
"Pnpla2","GSM2545349",1115
"Map6d1","GSM2545349",2233
"Ier5","GSM2545349",692
"Bfsp2","GSM2545349",149
"Idi1","GSM2545349",604
"Kat2b","GSM2545349",5288
"Rmdn3","GSM2545349",4784
"Eif4b","GSM2545349",8465
"Grm4","GSM2545349",17717
"Pink1","GSM2545349",16458
"Mettl16","GSM2545349",1050
"Fam193b","GSM2545349",3055
"Rtca","GSM2545349",1357
"Fgfbp1","GSM2545349",55
"Pigs","GSM2545349",2822
"Cfp","GSM2545349",901
"Desi1","GSM2545349",6367
"Gbp4","GSM2545349",160
"Nid1","GSM2545349",1359
"Armcx5","GSM2545349",648
"Cryab","GSM2545349",3179
"Prss53","GSM2545349",189
"Car4","GSM2545349",5751
"Gm6277","GSM2545349",226
"Amt","GSM2545349",1102
"Zc3h6","GSM2545349",1145
"Aqp4","GSM2545349",21204
"Tmem198b","GSM2545349",1136
"Abi3bp","GSM2545349",1242
"Xpa","GSM2545349",366
"Aldh6a1","GSM2545349",3502
"Adam1a","GSM2545349",673
"Dynlt1a","GSM2545349",497
"Gatm","GSM2545349",4858
"H2-Q4","GSM2545349",193
"Nras","GSM2545349",1964
"Pla2g4e","GSM2545349",319
"Lpar1","GSM2545349",2069
"Il12rb1","GSM2545349",40
"Enpp6","GSM2545349",714
"Ermn","GSM2545349",4221
"Marcksl1","GSM2545349",1207
"Ubqln4","GSM2545349",3629
"Glt8d1","GSM2545349",1468
"Ddx25","GSM2545349",1324
"Gpr17","GSM2545349",1005
"Cat","GSM2545349",2417
"Wwox","GSM2545349",819
"Phkg1","GSM2545349",773
"Ppp1r3f","GSM2545349",1028
"Mrpl35","GSM2545349",1175
"Nudt9","GSM2545349",1320
"Lypd6","GSM2545349",1251
"Spice1","GSM2545349",693
"Tuba8","GSM2545349",1518
"Spon1","GSM2545349",4254
"Nfya","GSM2545349",1115
"Sc5d","GSM2545349",4010
"Aldh18a1","GSM2545349",1011
"Ebp","GSM2545349",1104
"Srr","GSM2545349",2711
"Gm14827","GSM2545349",408
"Gm31135","GSM2545349",74
"Adam17","GSM2545349",1281
"Slc39a2","GSM2545349",817
"Snn","GSM2545349",4736
"Hnrnpc","GSM2545349",9308
"Srbd1","GSM2545349",512
"Ptp4a1","GSM2545349",1624
"Tppp","GSM2545349",11005
"Stac3","GSM2545349",172
"Emid1","GSM2545349",458
"Cotl1","GSM2545349",3129
"Ovgp1","GSM2545349",635
"Ssx2ip","GSM2545349",3087
"Hsd3b7","GSM2545349",748
"Kazald1","GSM2545349",184
"Omd","GSM2545349",199
"Bcas1","GSM2545349",7227
"Gm9925","GSM2545349",302
"Dleu2","GSM2545349",445
"Chil3","GSM2545349",8
"Deaf1","GSM2545349",2201
"Dusp19","GSM2545349",300
"Gkn3","GSM2545349",128
"Pllp","GSM2545349",1935
"Sox2ot","GSM2545349",1083
"Ntf3","GSM2545349",259
"Lum","GSM2545349",297
"Gm20751","GSM2545349",94
"Thnsl2","GSM2545349",141
"Slc2a4rg-ps","GSM2545349",646
"Agpat5","GSM2545349",3729
"Mdk","GSM2545349",928
"Penk","GSM2545349",3009
"Cirbp","GSM2545349",2847
"Aloxe3","GSM2545349",369
"Nudt5","GSM2545349",533
"Serpinb1a","GSM2545349",728
"Mt1","GSM2545349",6392
"Fgfr3","GSM2545349",3932
"Myo1d","GSM2545349",927
"Cd99l2","GSM2545349",3641
"C2cd2","GSM2545349",935
"Brsk2","GSM2545349",6569
"Mrrf","GSM2545349",584
"Snhg4","GSM2545349",222
"Hmgcs1","GSM2545349",7153
"Stk17b","GSM2545349",4632
"Cyp51","GSM2545349",2635
"Gria4","GSM2545349",24931
"Ttyh1","GSM2545349",21047
"Slc13a1","GSM2545349",139
"Phf7","GSM2545349",159
"Get4","GSM2545349",1246
"Gstm1","GSM2545349",7539
"Fbxo31","GSM2545349",2533
"Padi2","GSM2545349",1251
"Gnmt","GSM2545349",172
"Paip2b","GSM2545349",3728
"Slc17a9","GSM2545349",24
"Vopp1","GSM2545349",1736
"Ogdhl","GSM2545349",3830
"Dcaf12","GSM2545349",2584
"Rorc","GSM2545349",1123
"Cp","GSM2545349",1250
"Jade2","GSM2545349",2190
"Nbl1","GSM2545349",2749
"Hsph1","GSM2545349",5243
"Serf2","GSM2545349",3628
"Rasgef1a","GSM2545349",3859
"Prrg1","GSM2545349",544
"Etnppl","GSM2545349",4104
"Cyp4f15","GSM2545349",113
"Ankrd29","GSM2545349",1222
"Gm27252","GSM2545349",49
"Kctd2","GSM2545349",3088
"Iigp1","GSM2545349",101
"Ak4","GSM2545349",5870
"Idh2","GSM2545349",1378
"Camkk1","GSM2545349",2757
"Rftn2","GSM2545349",1328
"Igtp","GSM2545349",154
"Bche","GSM2545349",514
"Marcks","GSM2545349",7160
"Pabpc4","GSM2545349",855
"Pmp22","GSM2545349",1797
"Car14","GSM2545349",909
"Serpinh1","GSM2545349",1260
"Ppp1r13b","GSM2545349",2687
"Tfrc","GSM2545349",5511
"Smox","GSM2545349",1907
"Tjap1","GSM2545349",990
"Msmo1","GSM2545349",2149
"Slc26a8","GSM2545349",111
"Eml3","GSM2545349",1245
"Csf2ra","GSM2545349",580
"Rnf141","GSM2545349",3434
"Slc25a16","GSM2545349",1426
"Echdc1","GSM2545349",1412
"Eid2b","GSM2545349",811
"Piga","GSM2545349",553
"Ccdc149","GSM2545349",1064
"Car15","GSM2545349",803
"Eny2","GSM2545349",2775
"Mroh1","GSM2545349",3919
"Pcyox1l","GSM2545349",800
"Ankrd39","GSM2545349",431
"Timeless","GSM2545349",356
"Sparc","GSM2545349",32543
"Slc7a10","GSM2545349",1957
"Ppp1r2","GSM2545349",4539
"Psmf1","GSM2545349",1221
"Adat1","GSM2545349",274
"Slc6a12","GSM2545349",224
"Snhg3","GSM2545349",212
"Prg4","GSM2545349",482
"Plod1","GSM2545349",1059
"Whamm","GSM2545349",995
"Ttpa","GSM2545349",523
"Thbs3","GSM2545349",206
"Gltp","GSM2545349",1874
"Pex6","GSM2545349",1906
"Aim2","GSM2545349",141
"Ednrb","GSM2545349",6656
"Nuf2","GSM2545349",172
"Mog","GSM2545349",3119
"Ccl27a","GSM2545349",1980
"Tac4","GSM2545349",13
"Snhg8","GSM2545349",313
"Ak6","GSM2545349",348
"Kctd20","GSM2545349",3070
"Itgb4","GSM2545349",867
"Zfp810","GSM2545349",626
"Gm33489","GSM2545349",196
"Gna12","GSM2545349",1992
"Cyp4v3","GSM2545349",586
"Pkp4","GSM2545349",12435
"Agpat1","GSM2545349",2829
"Gipr","GSM2545349",61
"Edn3","GSM2545349",394
"Prr15","GSM2545349",30
"Traf1","GSM2545349",251
"Pim2","GSM2545349",1375
"Lrrc8a","GSM2545349",3119
"Erp44","GSM2545349",1845
"Tmem33","GSM2545349",5998
"Fen1","GSM2545349",611
"Tfap4","GSM2545349",250
"Lman2","GSM2545349",3594
"Senp8","GSM2545349",312
"Alg14","GSM2545349",843
"Ddah1","GSM2545349",4292
"Pomt1","GSM2545349",675
"Rab3b","GSM2545349",356
"Lrrc29","GSM2545349",78
"Nqo1","GSM2545349",339
"Gpr137b","GSM2545349",664
"Pcif1","GSM2545349",2438
"Qdpr","GSM2545349",6473
"Dcdc2b","GSM2545349",376
"Rap2a","GSM2545349",2558
"Cnpy4","GSM2545349",536
"Wdr41","GSM2545349",1627
"Gm20627","GSM2545349",27
"Mmaa","GSM2545349",1566
"Gm13562","GSM2545349",36
"Cd70","GSM2545349",57
"Itm2a","GSM2545349",2690
"Avil","GSM2545349",82
"Zscan22","GSM2545349",582
"Itgb3","GSM2545349",103
"Col11a2","GSM2545349",789
"Apoc1","GSM2545349",69
"Tmeff2","GSM2545349",2407
"Tyro3","GSM2545349",7813
"Ift22","GSM2545349",1098
"Mtmr7","GSM2545349",2673
"Gabrr2","GSM2545349",36
"Ube2v2","GSM2545349",2053
"C77080","GSM2545349",1257
"Elovl5","GSM2545349",4873
"Serinc5","GSM2545349",3179
"Pyroxd2","GSM2545349",184
"Ypel2","GSM2545349",1960
"Parp3","GSM2545349",356
"Xpo1","GSM2545349",5784
"Polr2a","GSM2545349",5349
"Tspyl4","GSM2545349",29131
"Irgm1","GSM2545349",300
"Cep131","GSM2545349",845
"Sema4d","GSM2545349",4111
"Gbp6","GSM2545349",189
"Zfp119b","GSM2545349",215
"Eps15","GSM2545349",14144
"Pxmp2","GSM2545349",214
"Tomm40l","GSM2545349",2067
"Atat1","GSM2545349",1321
"Chrac1","GSM2545349",356
"Mrpl24","GSM2545349",1593
"Ipo9","GSM2545349",7015
"Actg1","GSM2545349",8718
"Noxred1","GSM2545349",66
"Gm20501","GSM2545349",97
"H2-K1","GSM2545349",1087
"Lig1","GSM2545349",580
"Morn2","GSM2545349",288
"Dcakd","GSM2545349",1160
"Nop14","GSM2545349",960
"Bbs1","GSM2545349",1544
"Tada2b","GSM2545349",1467
"Gal3st1","GSM2545349",336
"Xpc","GSM2545349",780
"Irf2bp2","GSM2545349",3080
"Spns2","GSM2545349",1966
"Pole","GSM2545349",87
"Fam78b","GSM2545349",1946
"Ggcx","GSM2545349",992
"Anks1","GSM2545349",2748
"Pgm2","GSM2545349",3283
"Zgrf1","GSM2545349",405
"Alkbh3","GSM2545349",485
"Dnd1","GSM2545349",84
"Lime1","GSM2545349",2587
"Trim23","GSM2545349",3571
"Abhd14a","GSM2545349",573
"Zkscan3","GSM2545349",2029
"Fam131b","GSM2545349",8406
"Elovl1","GSM2545349",767
"Trim72","GSM2545349",45
"Klhdc9","GSM2545349",113
"Iqck","GSM2545349",82
"Smim14","GSM2545349",6126
"Kcnab3","GSM2545349",1609
"Ing5","GSM2545349",527
"Cnnm3","GSM2545349",2230
"Fn3k","GSM2545349",1049
"Cnp","GSM2545349",16938
"Uros","GSM2545349",763
"Eml1","GSM2545349",2910
"Lgals3","GSM2545349",71
"Gjb1","GSM2545349",837
"Dynll1","GSM2545349",2530
"Cyp2j12","GSM2545349",163
"Crip3","GSM2545349",54
"Sbk1","GSM2545349",26011
"Camkk2","GSM2545349",12622
"Setd7","GSM2545349",17202
"Btf3l4","GSM2545349",1871
"Acbd4","GSM2545349",1390
"Gm16835","GSM2545349",179
"Gpr37","GSM2545349",2632
"Prr5l","GSM2545349",753
"Slain1","GSM2545349",2433
"Calr","GSM2545349",12277
"Bst1","GSM2545349",10
"Fmnl3","GSM2545349",437
"Gpr89","GSM2545349",590
"Zranb1","GSM2545349",6315
"Col27a1","GSM2545349",1210
"Emc8","GSM2545349",3189
"Ormdl3","GSM2545349",2425
"Capg","GSM2545349",84
"Zbtb21","GSM2545349",1049
"Sord","GSM2545349",745
"Tsc22d1","GSM2545349",11305
"Gpld1","GSM2545349",2660
"Cdh4","GSM2545349",853
"Hkdc1","GSM2545349",80
"Ggact","GSM2545349",1343
"Zfp493","GSM2545349",187
"Mkks","GSM2545349",1406
"Gm15423","GSM2545349",78
"Npas2","GSM2545349",132
"Plin4","GSM2545349",241
"Rragc","GSM2545349",2756
"Nsun3","GSM2545349",568
"Hgsnat","GSM2545349",2827
"Acr","GSM2545349",39
"Ccdc167","GSM2545349",1285
"Thap1","GSM2545349",416
"Egfl8","GSM2545349",129
"Vps33a","GSM2545349",4354
"Igbp1","GSM2545349",1077
"Tbx6","GSM2545349",71
"Dcst2","GSM2545349",22
"Rbm28","GSM2545349",2137
"Pms1","GSM2545349",393
"Rtcb","GSM2545349",3794
"Smad9","GSM2545349",1652
"Ubxn2b","GSM2545349",769
"Rnf170","GSM2545349",1570
"Pithd1","GSM2545349",1996
"Steap3","GSM2545349",157
"Tomm20","GSM2545349",8824
"Klf15","GSM2545349",1472
"Amz2","GSM2545349",1724
"Folh1","GSM2545349",498
"Ubfd1","GSM2545349",3149
"Gpx3","GSM2545349",215
"C4b","GSM2545349",600
"Mdfi","GSM2545349",473
"Nucb2","GSM2545349",234
"Clip4","GSM2545349",1397
"Tipin","GSM2545349",638
"Amy1","GSM2545349",810
"Efhd1","GSM2545349",1773
"Smim15","GSM2545349",2006
"Zfp658","GSM2545349",881
"E2f6","GSM2545349",2017
"Lix1","GSM2545349",422
"Coq4","GSM2545349",332
"Otoa","GSM2545349",38
"Mex3a","GSM2545349",190
"Tmem132c","GSM2545349",1175
"Dclk1","GSM2545349",19016
"Eml2","GSM2545349",3373
"Glyr1","GSM2545349",7963
"Gm1976","GSM2545349",348
"Smyd3","GSM2545349",1306
"Dcaf8","GSM2545349",7283
"Lias","GSM2545349",961
"Msn","GSM2545349",2928
"Timmdc1","GSM2545349",594
"H2-Q6","GSM2545349",43
"Asic3","GSM2545349",39
"Col5a3","GSM2545349",273
"Stx3","GSM2545349",2431
"AW046200","GSM2545349",132
"Hsf1","GSM2545349",1700
"Colq","GSM2545349",213
"Rcor3","GSM2545349",1289
"Slc6a20a","GSM2545349",949
"Prps1","GSM2545349",2091
"Keap1","GSM2545349",2055
"Tap2","GSM2545349",357
"Slc16a7","GSM2545349",1407
"Eif2b3","GSM2545349",573
"Flywch1","GSM2545349",11875
"Amigo2","GSM2545349",744
"Hspd1","GSM2545349",7579
"Sost","GSM2545349",83
"Gm8615","GSM2545349",36
"Kcnk13","GSM2545349",247
"Tspyl2","GSM2545349",4703
"Spsb3","GSM2545349",2309
"Gm8493","GSM2545349",35
"Fgf22","GSM2545349",63
"Slc6a6","GSM2545349",5699
"Xist","GSM2545349",1
"Ddx3y","GSM2545349",4441
"Eif2s3y","GSM2545349",2616
"Kdm5d","GSM2545349",1342
"Uty","GSM2545349",1344
"Eif2s3x","GSM2545349",1523
"Kdm6a","GSM2545349",2010
"Casp12","GSM2545349",246
"Ddx3x","GSM2545349",17462
"Prl2c3","GSM2545349",49
"Casp1","GSM2545349",72
"Pbdc1","GSM2545349",410
"Kdm5c","GSM2545349",4145
"Ctxn2","GSM2545349",111
"Ldoc1","GSM2545349",507
"Gpr179","GSM2545349",14
"Pou4f1","GSM2545349",8
"Tmprss3","GSM2545349",42
"Prl2c2","GSM2545349",10
"Slc35b1","GSM2545349",1572
"Myoc","GSM2545349",300
"Cartpt","GSM2545349",6
"Tchh","GSM2545349",58
"H2-Q2","GSM2545349",8
"Ascl1","GSM2545349",79
"Crhr1","GSM2545349",3752
"Gm4017","GSM2545349",29
"Impg1","GSM2545349",41
"Rxfp3","GSM2545349",7
"AI504432","GSM2545349",1016
"Mpo","GSM2545349",1
"Oxtr","GSM2545349",25
"Usp2","GSM2545349",4584
"Lor","GSM2545349",11
"Srrm4","GSM2545349",4964
"Slc35g1","GSM2545349",199
"Tceal6","GSM2545349",1104
"Dach2","GSM2545349",83
"Lgr6","GSM2545349",282
"Kcna4","GSM2545349",128
"Zfyve28","GSM2545349",3473
"Hps4","GSM2545349",941
"Ucp3","GSM2545349",66
"Mettl17","GSM2545349",907
"Atg9b","GSM2545349",34
"Usp3","GSM2545349",4819
"Acta2","GSM2545349",406
"Wdr24","GSM2545349",666
"Zw10","GSM2545349",1518
"Ubtd2","GSM2545349",2608
"Slc6a4","GSM2545349",9
"Cog1","GSM2545349",2212
"S100a9","GSM2545349",50
"Nadk","GSM2545349",2570
"Col6a1","GSM2545349",799
"Susd2","GSM2545349",213
"Fam53b","GSM2545349",2787
"Npas1","GSM2545349",8
"Rhbdf1","GSM2545349",646
"Cacnb1","GSM2545349",821
"Zfp579","GSM2545349",1090
"Dtx4","GSM2545349",985
"Chrm3","GSM2545349",104
"Plcl2","GSM2545349",2308
"Ptprj","GSM2545349",3655
"Cyhr1","GSM2545349",6162
"Stx5a","GSM2545349",2586
"Smim8","GSM2545349",409
"Pappa2","GSM2545349",6
"Stbd1","GSM2545349",75
"Rln3","GSM2545349",1
"Ldlr","GSM2545349",1086
"Bmp2","GSM2545349",51
"Itga10","GSM2545349",388
"Unc45a","GSM2545349",1743
"Hap1","GSM2545349",2902
"Gm35339","GSM2545349",415
"Serpinb8","GSM2545349",159
"Tmem200c","GSM2545349",257
"Ngb","GSM2545349",36
"Myh11","GSM2545349",402
"Ass1","GSM2545349",427
"Ccdc28b","GSM2545349",1717
"Vsx2","GSM2545349",1
"Klhl1","GSM2545349",231
"Slit1","GSM2545349",130
"Rbm10","GSM2545349",3126
"Sgk1","GSM2545349",6343
"Zbtb24","GSM2545349",826
"Kif5a","GSM2545349",34569
"Alox8","GSM2545349",140
"Rgcc","GSM2545349",349
"Olfr1033","GSM2545349",89
"Lrrn4","GSM2545349",3
"Trim59","GSM2545349",882
"Pnma2","GSM2545349",283
"Arc","GSM2545349",748
"Lypd6b","GSM2545349",91
"Prkar2b","GSM2545349",786
"Gabrd","GSM2545349",6464
"Sh3gl1","GSM2545349",1785
"Rab9b","GSM2545349",843
"Slc9a2","GSM2545349",255
"Gata3","GSM2545349",18
"Rnd3","GSM2545349",519
"Tdgf1","GSM2545349",202
"Tph2","GSM2545349",37
"Gprc5c","GSM2545349",2941
"Syt16","GSM2545349",196
"Cdyl","GSM2545349",557
"St8sia2","GSM2545349",67
"Usp19","GSM2545349",6899
"Foxj2","GSM2545349",2631
"Wdfy2","GSM2545349",1828
"Fibcd1","GSM2545349",32
"Hs3st4","GSM2545349",90
"Rab27b","GSM2545349",317
"Gm4988","GSM2545349",102
"Hebp1","GSM2545349",253
"Mrgpre","GSM2545349",96
"Slc22a4","GSM2545349",2594
"Txndc11","GSM2545349",1427
"Pgr15l","GSM2545349",5
"Evpl","GSM2545349",39
"Pax7","GSM2545349",2
"Trim65","GSM2545349",182
"Gm33533","GSM2545349",8
"Otof","GSM2545349",116
"Alk","GSM2545349",46
"Acap3","GSM2545349",4043
"Erdr1","GSM2545349",207
"Kcnq5","GSM2545349",120
"Msln","GSM2545349",88
"Tbc1d20","GSM2545349",1360
"Slc16a10","GSM2545349",218
"Errfi1","GSM2545349",2180
"Nr2e1","GSM2545349",7
"Gpr149","GSM2545349",6
"Plcxd1","GSM2545349",131
"Lrch3","GSM2545349",5461
"Morc2b","GSM2545349",163
"Elfn1","GSM2545349",92
"Rnf180","GSM2545349",299
"Pcdhb8","GSM2545349",146
"Creg2","GSM2545349",411
"Erich3","GSM2545349",709
"Rpp25","GSM2545349",173
"Fgfr1","GSM2545349",7434
"Sfrp2","GSM2545349",34
"Rprm","GSM2545349",68
"Tmem120b","GSM2545349",566
"Tpra1","GSM2545349",2062
"Igsf9","GSM2545349",12
"Jakmip1","GSM2545349",779
"Hsf4","GSM2545349",163
"Pcbd1","GSM2545349",107
"Rasgrf2","GSM2545349",447
"Dgkk","GSM2545349",31
"Paxip1","GSM2545349",1889
"Smtn","GSM2545349",306
"Cmpk2","GSM2545349",562
"Drd4","GSM2545349",30
"Samd11","GSM2545349",21
"Magel2","GSM2545349",37
"Csrnp3","GSM2545349",1567
"Zfp941","GSM2545349",728
"Lrrc1","GSM2545349",767
"Tmie","GSM2545349",225
"Pcdh8","GSM2545349",113
"Glra2","GSM2545349",170
"Gpatch8","GSM2545349",5621
"Slc6a16","GSM2545349",13
"Grm7","GSM2545349",988
"Ybx3","GSM2545349",1834
"Tenm3","GSM2545349",692
"Npffr1","GSM2545349",3
"Slc39a11","GSM2545349",341
"Otp","GSM2545349",5
"Hoga1","GSM2545349",65
"Egfl6","GSM2545349",9
"Plch2","GSM2545349",9795
"Pde11a","GSM2545349",53
"Zfp335","GSM2545349",1529
"Gpr61","GSM2545349",193
"Tox","GSM2545349",82
"Gabrr1","GSM2545349",2
"Jun","GSM2545349",2428
"Cox7b2","GSM2545349",34
"Mn1","GSM2545349",173
"Tmem130","GSM2545349",3637
"Dusp11","GSM2545349",8571
"Tmem91","GSM2545349",105
"Rbms2","GSM2545349",1117
"Inpp5j","GSM2545349",6167
"Vstm2a","GSM2545349",1015
"C1qtnf2","GSM2545349",47
"Ctns","GSM2545349",1266
"Smarcd2","GSM2545349",2949
"Dbpht2","GSM2545349",65
"Ltbp2","GSM2545349",2048
"Drd1","GSM2545349",3
"Dact2","GSM2545349",178
"E4f1","GSM2545349",1393
"Zfp598","GSM2545349",2826
"Zcchc12","GSM2545349",611
"Zfp263","GSM2545349",1369
"Tspyl3","GSM2545349",564
"Arhgap10","GSM2545349",753
"Plxnb2","GSM2545349",6313
"Doc2a","GSM2545349",62
"Tmem29","GSM2545349",433
"Dpf2","GSM2545349",3032
"Foxl2os","GSM2545349",55
"Slc47a1","GSM2545349",503
"Nap1l5","GSM2545349",18467
"Mapk7","GSM2545349",1261
"Grem2","GSM2545349",144
"Pcdh10","GSM2545349",1589
"Nol3","GSM2545349",253
"Gpr83","GSM2545349",49
"Nrsn2","GSM2545349",2106
"Prss16","GSM2545349",26
"Pcdh18","GSM2545349",121
"Emx2","GSM2545349",3
"Ccdc81","GSM2545349",44
"Rwdd2a","GSM2545349",264
"Mpped1","GSM2545349",210
"Galnt7","GSM2545349",2212
"S100a8","GSM2545349",39
"Mau2","GSM2545349",5100
"Ptpn23","GSM2545349",3161
"Sstr1","GSM2545349",155
"Wdfy4","GSM2545349",31
"Anxa3","GSM2545349",418
"C3","GSM2545349",25
"Tead4","GSM2545349",280
"Clvs2","GSM2545349",324
"Gaa","GSM2545349",6728
"Zfp219","GSM2545349",5919
"Bves","GSM2545349",3
"Tmem161a","GSM2545349",1020
"Unc5d","GSM2545349",472
"Cd180","GSM2545349",43
"Scml4","GSM2545349",19
"Stk38","GSM2545349",2458
"Sox17","GSM2545349",286
"Srsf9","GSM2545349",1627
"Herpud1","GSM2545349",3051
"Hmbs","GSM2545349",540
"Gm2824","GSM2545349",45
"Mir1901","GSM2545349",68
"Adamts19","GSM2545349",7
"Zfp36l1","GSM2545349",1437
"Impact","GSM2545349",7390
"Trmt6","GSM2545349",1701
"Plekhm1","GSM2545349",1746
"Basp1","GSM2545349",907
"Grid1","GSM2545349",875
"Zdbf2","GSM2545349",445
"Tal1","GSM2545349",80
"Raf1","GSM2545349",4348
"Pgpep1l","GSM2545349",12
"Fzd4","GSM2545349",1162
"Tfdp1","GSM2545349",2036
"Pdzrn4","GSM2545349",53
"Ier3","GSM2545349",423
"Mir378a","GSM2545349",12
"Magee2","GSM2545349",84
"Plekhg2","GSM2545349",329
"Boc","GSM2545349",3907
"Ddx39b","GSM2545349",5608
"H2-T24","GSM2545349",71
"Insm1","GSM2545349",18
"Vstm5","GSM2545349",87
"Kctd4","GSM2545349",162
"Oprm1","GSM2545349",79
"Zfand6","GSM2545349",2763
"Cx3cl1","GSM2545349",2720
"Tacr3","GSM2545349",28
"Gpr4","GSM2545349",183
"Ptgis","GSM2545349",120
"Ccdc28a","GSM2545349",420
"Ido2","GSM2545349",6
"Elfn2","GSM2545349",1013
"Ngp","GSM2545349",27
"Ptpro","GSM2545349",256
"Neto1","GSM2545349",229
"Col6a2","GSM2545349",575
"Fev","GSM2545349",6
"Mmab","GSM2545349",568
"Resp18","GSM2545349",717
"Amn","GSM2545349",18
"Tmem132b","GSM2545349",500
"St6gal2","GSM2545349",186
"Tbc1d25","GSM2545349",829
"Pdcd2l","GSM2545349",623
"Acot3","GSM2545349",13
"Gm5468","GSM2545349",3
"Atg16l1","GSM2545349",2057
"Rpl14-ps1","GSM2545349",25
"Glra3","GSM2545349",73
"Plekhh3","GSM2545349",1938
"Pcdhga1","GSM2545349",233
"Gm9899","GSM2545349",1432
"Eps8l1","GSM2545349",386
"Serpina3g","GSM2545349",18
"Pcdh17","GSM2545349",1262
"Riok3","GSM2545349",3887
"Dcaf12l2","GSM2545349",8
"Ankrd6","GSM2545349",481
"Dhrs11","GSM2545349",540
"Zdhhc22","GSM2545349",270
"Hmgb3","GSM2545349",405
"Mid1","GSM2545349",196
"Celf3","GSM2545349",2105
"Akap5","GSM2545349",256
"Phlda3","GSM2545349",535
"Arfgap2","GSM2545349",3764
"Gabpb1","GSM2545349",1193
"Mybpc1","GSM2545349",1950
"Nfkbia","GSM2545349",1295
"Gabra3","GSM2545349",851
"Gtpbp2","GSM2545349",2880
"Ptgdr","GSM2545349",56
"Myh15","GSM2545349",25
"Ciz1","GSM2545349",1617
"Tmem62","GSM2545349",2977
"Pan3","GSM2545349",4519
"Pld3","GSM2545349",2623
"Trim3","GSM2545349",6989
"Spata2l","GSM2545349",759
"Gm2223","GSM2545349",10
"Dnah1","GSM2545349",69
"Pnoc","GSM2545349",73
"Dzank1","GSM2545349",7785
"Safb2","GSM2545349",3422
"Rnf128","GSM2545349",1008
"Jpx","GSM2545349",289
"Il16","GSM2545349",7309
"Slc26a7","GSM2545349",372
"Rspo1","GSM2545349",8
"Hcfc2","GSM2545349",1923
"Gm35315","GSM2545349",51
"Tyrp1","GSM2545349",10
"Pank4","GSM2545349",1810
"Ngef","GSM2545349",602
"Llgl1","GSM2545349",3441
"Usp12","GSM2545349",2673
"Ppp2r2d","GSM2545349",2346
"Zfp677","GSM2545349",188
"Heyl","GSM2545349",122
"Sin3b","GSM2545349",2423
"Sidt1","GSM2545349",1988
"Spin2c","GSM2545349",152
"Wasf2","GSM2545349",1383
"Tmem14a","GSM2545349",650
"Cntnap5a","GSM2545349",655
"Ccm2l","GSM2545349",167
"Sema3e","GSM2545349",752
"Il18bp","GSM2545349",443
"Slc35f1","GSM2545349",1302
"Best1","GSM2545349",29
"Pde8b","GSM2545349",734
"Htr7","GSM2545349",75
"Cfap57","GSM2545349",22
"Sgsm1","GSM2545349",4513
"Scn3b","GSM2545349",241
"Mark3","GSM2545349",3708
"Acsl5","GSM2545349",560
"Qpct","GSM2545349",124
"Iqcc","GSM2545349",632
"Noc2l","GSM2545349",2630
"Slc25a27","GSM2545349",4785
"Kdm4b","GSM2545349",2905
"Pde1b","GSM2545349",1339
"Pcdha10","GSM2545349",66
"Gja5","GSM2545349",33
"Irs4","GSM2545349",7
"Mamdc4","GSM2545349",256
"Mthfd2l","GSM2545349",234
"Lrrtm1","GSM2545349",283
"Tacr1","GSM2545349",21
"Lmo3","GSM2545349",171
"Psg16","GSM2545349",941
"Abcc8","GSM2545349",2657
"Epc1","GSM2545349",2972
"Slc6a7","GSM2545349",482
"Col4a5","GSM2545349",492
"Gm8013","GSM2545349",5
"Clpx","GSM2545349",1980
"Dffb","GSM2545349",434
"Senp3","GSM2545349",2835
"Hhex","GSM2545349",36
"Per2","GSM2545349",3235
"Rnpep","GSM2545349",1544
"Ttll1","GSM2545349",735
"Ppp1r1c","GSM2545349",1
"Moxd1","GSM2545349",337
"Susd6","GSM2545349",5224
"Ighm","GSM2545349",147
"Fam131a","GSM2545349",3880
"Zfp92","GSM2545349",27
"Kirrel","GSM2545349",570
"Npsr1","GSM2545349",3
"Kcnj16","GSM2545349",1118
"Atg10","GSM2545349",284
"Vwc2l","GSM2545349",46
"Sox14","GSM2545349",18
"Zc3h3","GSM2545349",584
"Gak","GSM2545349",4550
"Tox2","GSM2545349",201
"Tenm2","GSM2545349",943
"Begain","GSM2545349",831
"Dsc3","GSM2545349",6
"Fbll1","GSM2545349",272
"Dnah7a","GSM2545349",11
"Gm3764","GSM2545349",5175
"Strip1","GSM2545349",3142
"Nmnat3","GSM2545349",35
"Lims2","GSM2545349",380
"Fam43b","GSM2545349",196
"Ccnl2","GSM2545349",8254
"Gm11627","GSM2545349",6
"Rabl2","GSM2545349",943
"Kcnj3","GSM2545349",6082
"Zfp36","GSM2545349",370
"Slc2a1","GSM2545349",4790
"Cnksr3","GSM2545349",2663
"AW551984","GSM2545349",155
"Hykk","GSM2545349",206
"Rnasel","GSM2545349",109
"Shc1","GSM2545349",566
"Ppp1r12c","GSM2545349",3544
"Syne4","GSM2545349",378
"Arrdc2","GSM2545349",673
"Usp28","GSM2545349",2566
"Slfn4","GSM2545349",2
"Pomt2","GSM2545349",1385
"Gm10432","GSM2545349",128
"Cngb1","GSM2545349",15
"Dot1l","GSM2545349",6953
"Gmnn","GSM2545349",112
"Ccdc160","GSM2545349",51
"Ptpn5","GSM2545349",861
"Mal2","GSM2545349",275
"Arap3","GSM2545349",342
"Mib2","GSM2545349",3032
"Itgb1bp2","GSM2545349",77
"Stk32b","GSM2545349",28
"Dgkb","GSM2545349",1274
"Pcgf6","GSM2545349",1143
"Serinc2","GSM2545349",945
"Arhgef37","GSM2545349",673
"Ltf","GSM2545349",19
"Timp2","GSM2545349",3580
"Snora41","GSM2545349",24
"F3","GSM2545349",2689
"Tgfbi","GSM2545349",271
"Rab44","GSM2545349",6
"Lclat1","GSM2545349",1082
"Arid5b","GSM2545349",2321
"Col25a1","GSM2545349",237
"Inpp5b","GSM2545349",2853
"Dhfr","GSM2545349",343
"Phkg2","GSM2545349",1912
"Bcl11a","GSM2545349",612
"Nr2f1","GSM2545349",1778
"Trhr","GSM2545349",30
"Msc","GSM2545349",11
"Mndal","GSM2545349",192
"Pou3f2","GSM2545349",693
"Gm9962","GSM2545349",9
"Atg16l2","GSM2545349",1092
"Gm16425","GSM2545349",6
"Ap1m1","GSM2545349",2163
"Trpv3","GSM2545349",27
"Inpp5k","GSM2545349",2487
"D11Wsu47e","GSM2545349",258
"Fkbp1b","GSM2545349",264
"Syvn1","GSM2545349",2386
"Aldh3a2","GSM2545349",3192
"Dtd2","GSM2545349",248
"Pcdh19","GSM2545349",323
"Gm5526","GSM2545349",26
"Nsun5","GSM2545349",597
"Hrh2","GSM2545349",273
"Lmbr1l","GSM2545349",584
"Pkn1","GSM2545349",1383
"Nptx2","GSM2545349",66
"Ctxn1","GSM2545349",209
"Rp1","GSM2545349",6
"Gm7357","GSM2545349",6
"Mrpl15","GSM2545349",1171
"Lypla1","GSM2545349",2091
"Tcea1","GSM2545349",3362
"Gm6104","GSM2545349",6
"Atp6v1h","GSM2545349",4845
"Oprk1","GSM2545349",61
"Npbwr1","GSM2545349",1
"Rb1cc1","GSM2545349",5559
"Gm2147","GSM2545349",1
"Gm26901","GSM2545349",2
"Sntg1","GSM2545349",393
"Gm6187","GSM2545349",3
"Rrs1","GSM2545349",753
"Mcmdc2","GSM2545349",39
"Snhg6","GSM2545349",235
"Snord87","GSM2545349",4
"Tcf24","GSM2545349",6
"Ppp1r42","GSM2545349",13
"Arfgef1","GSM2545349",5764
"Cpa6","GSM2545349",4
"Ncoa2","GSM2545349",4775
"Tram1","GSM2545349",1706
"Gm5523","GSM2545349",2
"Eya1","GSM2545349",349
"Smt3h2-ps4","GSM2545349",4
"Trpa1","GSM2545349",0
"Gm10566","GSM2545349",2
"Terf1","GSM2545349",648
"Rdh10","GSM2545349",945
"Stau2","GSM2545349",3682
"Ly96","GSM2545349",41
"Jph1","GSM2545349",1311
"Gdap1","GSM2545349",5635
"Rbm6-ps1","GSM2545349",9
"Pi15","GSM2545349",33
"Gm28154","GSM2545349",22
"Gm16070","GSM2545349",3
"Gm15825","GSM2545349",2
"Tfap2d","GSM2545349",181
"Tfap2b","GSM2545349",2158
"Pkhd1","GSM2545349",1
"Mir133b","GSM2545349",6
"Il17f","GSM2545349",2
"Paqr8","GSM2545349",16161
"Tram2","GSM2545349",18
"Gm7658","GSM2545349",5
"Gm7761","GSM2545349",12
"Mir30c-2","GSM2545349",8
"Ogfrl1","GSM2545349",9998
"Smap1","GSM2545349",3230
"Fam135a","GSM2545349",3195
"Col19a1","GSM2545349",1147
"Lmbrd1","GSM2545349",9649
"Gm20172","GSM2545349",3
"Gm29214","GSM2545349",5
"Gm7846","GSM2545349",8
"Gm5525","GSM2545349",20
"Phf3","GSM2545349",4219
"Khdrbs2","GSM2545349",237
"Gm5415","GSM2545349",2
"Zfp451","GSM2545349",1339
"Gm15455","GSM2545349",2
"Bend6","GSM2545349",9275
"Ptpn18","GSM2545349",38
"Cfc1","GSM2545349",3
"Amer3","GSM2545349",2358
"Fam168b","GSM2545349",12692
"Gm33222","GSM2545349",6
"Kansl3","GSM2545349",3930
"Fer1l5","GSM2545349",5
"Cnnm4","GSM2545349",1182
"Sema4c","GSM2545349",1174
"Cox5b","GSM2545349",5120
"Zap70","GSM2545349",13
"Tmem131","GSM2545349",3628
"Cnga3","GSM2545349",1
"Unc50","GSM2545349",1445
"Lipt1","GSM2545349",94
"Mrpl30","GSM2545349",1099
"Lyg2","GSM2545349",8
"Txndc9","GSM2545349",1756
"Eif5b","GSM2545349",5391
"Gm16150","GSM2545349",23
"Gm16152","GSM2545349",6
"Pdcl3","GSM2545349",1104
"Rpl31","GSM2545349",2896
"Tbc1d8","GSM2545349",1960
"Cnot11","GSM2545349",1365
"Snord89","GSM2545349",7
"Rnf149","GSM2545349",1135
"Rfx8","GSM2545349",5
"Gm16894","GSM2545349",14
"Il1rl2","GSM2545349",24
"Il1rl1","GSM2545349",9
"Il18r1","GSM2545349",0
"Slc9a4","GSM2545349",9
"Mfsd9","GSM2545349",183
"Tmem182","GSM2545349",11
"Gm28175","GSM2545349",16
"Pantr1","GSM2545349",224
"Pou3f3","GSM2545349",1464
"Pantr2","GSM2545349",53
"Mrps9","GSM2545349",1257
"Gpr45","GSM2545349",79
"Tgfbrap1","GSM2545349",2782
"Fhl2","GSM2545349",122
"Nck2","GSM2545349",775
"Uxs1","GSM2545349",1402
"Gm16103","GSM2545349",1
"Tpp2","GSM2545349",3000
"Tex30","GSM2545349",213
"Bivm","GSM2545349",967
"Gulp1","GSM2545349",251
"Wdr75","GSM2545349",1236
"Dnah7b","GSM2545349",673
"Gm4852","GSM2545349",2
"Gm8337","GSM2545349",28
"Nabp1","GSM2545349",416
"Gm17767","GSM2545349",2
"Myo1b","GSM2545349",857
"Stat4","GSM2545349",5
"Stat1","GSM2545349",1517
"Gls","GSM2545349",14738
"Rps27a-ps1","GSM2545349",3
"Gm28178","GSM2545349",1
"Inpp1","GSM2545349",3598
"Mstn","GSM2545349",23
"Asnsd1","GSM2545349",730
"Gtf3c3","GSM2545349",1056
"Pgap1","GSM2545349",1935
"Gm19637","GSM2545349",0
"Ankrd44","GSM2545349",822
"Sf3b1","GSM2545349",16050
"Gm6822","GSM2545349",10
"Boll","GSM2545349",12
"Gm8292","GSM2545349",11
"Plcl1","GSM2545349",1293
"Gm6644","GSM2545349",1
"Satb2","GSM2545349",22
"BC055402","GSM2545349",8
"Tyw5","GSM2545349",467
"Spats2l","GSM2545349",403
"Aox4","GSM2545349",1
"Aox2","GSM2545349",2
"Bzw1","GSM2545349",8903
"Clk1","GSM2545349",7217
"Ppil3","GSM2545349",408
"Nif3l1","GSM2545349",795
"Cflar","GSM2545349",1239
"Casp8","GSM2545349",99
"Stradb","GSM2545349",1094
"Tmem237","GSM2545349",920
"Cdk15","GSM2545349",10
"Fzd7","GSM2545349",2272
"Sumo1","GSM2545349",2923
"Fam117b","GSM2545349",3940
"Wdr12","GSM2545349",1000
"Nbeal1","GSM2545349",1472
"Abi2","GSM2545349",5106
"Cd28","GSM2545349",57
"Gm11581","GSM2545349",1
"Icos","GSM2545349",0
"Nrp2","GSM2545349",523
"Gm4208","GSM2545349",0
"Ndufs1","GSM2545349",7518
"Eef1b2","GSM2545349",3519
"Gpr1","GSM2545349",4
"Gm11605","GSM2545349",4
"Adam23","GSM2545349",8032
"Dytn","GSM2545349",2
"Mdh1b","GSM2545349",20
"Gm13748","GSM2545349",6
"Ccnyl1","GSM2545349",507
"Plekhm3","GSM2545349",1926
"Rpl10a-ps1","GSM2545349",31
"Cryga","GSM2545349",1
"Pikfyve","GSM2545349",2580
"Map2","GSM2545349",24044
"Unc80","GSM2545349",19221
"Kansl1l","GSM2545349",1275
"Acadl","GSM2545349",2078
"Gm15793","GSM2545349",4
"Spag16","GSM2545349",93
"Bard1","GSM2545349",14
"Abca12","GSM2545349",4
"Atic","GSM2545349",1047
"Fn1","GSM2545349",3602
"Gm5256","GSM2545349",0
"Tmem169","GSM2545349",685
"Xrcc5","GSM2545349",766
"Smarcal1","GSM2545349",2946
"Igfbp2","GSM2545349",1922
"Gm29183","GSM2545349",3
"Rufy4","GSM2545349",7
"Cxcr2","GSM2545349",4
"Arpc2","GSM2545349",4113
"Aamp","GSM2545349",4717
"Tmbim1","GSM2545349",2153
"Catip","GSM2545349",93
"Zfp142","GSM2545349",1892
"Rnf25","GSM2545349",1431
"Ttll4","GSM2545349",2072
"Prkag3","GSM2545349",20
"Gm29539","GSM2545349",0
"Wnt10a","GSM2545349",8
"Ihh","GSM2545349",5
"Slc23a3","GSM2545349",7
"Zfand2b","GSM2545349",434
"Ankzf1","GSM2545349",1103
"Glb1l","GSM2545349",361
"Ptprn","GSM2545349",5549
"Des","GSM2545349",76
"Asic4","GSM2545349",87
"Chpf","GSM2545349",2393
"Obsl1","GSM2545349",872
"Stk11ip","GSM2545349",1098
"Slc4a3","GSM2545349",4048
"Epha4","GSM2545349",1233
"Pax3","GSM2545349",333
"Mogat1","GSM2545349",4
"Kcne4","GSM2545349",76
"Gm5830","GSM2545349",12
"Scg2","GSM2545349",7389
"Mrpl44","GSM2545349",813
"Gm5529","GSM2545349",23
"Fam124b","GSM2545349",0
"Cul3","GSM2545349",8038
"Nyap2","GSM2545349",1216
"Rhbdd1","GSM2545349",614
"Col4a4","GSM2545349",95
"Col4a3","GSM2545349",69
"Mff","GSM2545349",7104
"Daw1","GSM2545349",27
"Trip12","GSM2545349",8075
"Fbxo36","GSM2545349",122
"Slc16a14","GSM2545349",190
"Gm15433","GSM2545349",0
"Rpl19-ps1","GSM2545349",2
"Sp110","GSM2545349",63
"Sp140","GSM2545349",34
"Sp100","GSM2545349",196
"Cab39","GSM2545349",8681
"Gpr55","GSM2545349",4
"Spata3","GSM2545349",21
"Htr2b","GSM2545349",1
"Armc9","GSM2545349",789
"B3gnt7","GSM2545349",15
"Snora75","GSM2545349",4
"Nmur1","GSM2545349",30
"Dis3l2","GSM2545349",943
"Gm6136","GSM2545349",14
"Ecel1","GSM2545349",32
"Prss56","GSM2545349",0
"Kcnj13","GSM2545349",633
"Inpp5d","GSM2545349",177
"Scarna6","GSM2545349",5
"Sag","GSM2545349",3
"Dgkd","GSM2545349",10201
"Gm19582","GSM2545349",93
"Usp40","GSM2545349",1334
"Ugt1a7c","GSM2545349",11
"Dnajb3","GSM2545349",27
"Mroh2a","GSM2545349",18
"Spp2","GSM2545349",9
"Gm29538","GSM2545349",5
"Glrp1","GSM2545349",3
"Sh3bp4","GSM2545349",510
"Gbx2","GSM2545349",1
"Iqca","GSM2545349",23
"Ackr3","GSM2545349",293
"Col6a3","GSM2545349",131
"Rab17","GSM2545349",2
"Ube2f","GSM2545349",1342
"Klhl30","GSM2545349",14
"Twist2","GSM2545349",1
"Hdac4","GSM2545349",2001
"Ndufa10","GSM2545349",4573
"Mir149","GSM2545349",0
"Ankmy1","GSM2545349",19
"Rnpepl1","GSM2545349",1326
"Capn10","GSM2545349",1038
"Gpr35","GSM2545349",34
"Pask","GSM2545349",168
"Hdlbp","GSM2545349",8486
"Farp2","GSM2545349",323
"Stk25","GSM2545349",5653
"Thap4","GSM2545349",522
"D2hgdh","GSM2545349",453
"Pdcd1","GSM2545349",4
"Gm7895","GSM2545349",19
"Fam174a","GSM2545349",1605
"Slco4c1","GSM2545349",10
"Panct2","GSM2545349",23
"Gm6430","GSM2545349",0
"Gin1","GSM2545349",365
"Pam","GSM2545349",1971
"Cntnap5b","GSM2545349",917
"Cdh20","GSM2545349",1061
"Pign","GSM2545349",987
"Gm10193","GSM2545349",1
"Tnfrsf11a","GSM2545349",102
"Gm7160","GSM2545349",15
"Gm20753","GSM2545349",3
"Bcl2","GSM2545349",829
"Vps4b","GSM2545349",2192
"Serpinb5","GSM2545349",3
"Serpinb10","GSM2545349",0
"Gm8141","GSM2545349",16
"Cdh7","GSM2545349",1729
"Cdh19","GSM2545349",499
"Gm8173","GSM2545349",0
"Dsel","GSM2545349",375
"Gm6028","GSM2545349",2
"Nifk","GSM2545349",866
"Clasp1","GSM2545349",3731
"Inhbb","GSM2545349",318
"Gm3551","GSM2545349",2
"Gm28209","GSM2545349",3
"Cfap221","GSM2545349",13
"Sctr","GSM2545349",11
"Tmem37","GSM2545349",31
"En1","GSM2545349",143
"Insig2","GSM2545349",2327
"Ccdc93","GSM2545349",1351
"Htr5b","GSM2545349",11
"Ddx18","GSM2545349",875
"Actr3","GSM2545349",6711
"Slc35f5","GSM2545349",731
"Gpr39","GSM2545349",3
"Mgat5","GSM2545349",4060
"Gm8451","GSM2545349",33
"Tmem163","GSM2545349",2569
"Acmsd","GSM2545349",3
"Zranb3","GSM2545349",191
"Gm28800","GSM2545349",1
"Rpl28-ps1","GSM2545349",28
"Mir128-1","GSM2545349",1
"Lct","GSM2545349",11
"Gm6170","GSM2545349",23
"Thsd7b","GSM2545349",33
"Gm29428","GSM2545349",0
"Cd55","GSM2545349",263
"Gm16083","GSM2545349",14
"C4bp-ps1","GSM2545349",11
"Yod1","GSM2545349",574
"Fcamr","GSM2545349",0
"Dyrk3","GSM2545349",159
"Ikbke","GSM2545349",74
"Srgap2","GSM2545349",9216
"Slc26a9","GSM2545349",1
"Pm20d1","GSM2545349",214
"Rab29","GSM2545349",201
"Cdk18","GSM2545349",709
"Gm29695","GSM2545349",153
"Lemd1","GSM2545349",7
"Gm7241","GSM2545349",2
"Klhdc8a","GSM2545349",859
"Lrrn2","GSM2545349",3745
"Gm29257","GSM2545349",2
"Gm28609","GSM2545349",10
"Plekha6","GSM2545349",5022
"Ren1","GSM2545349",3
"Sox13","GSM2545349",389
"Zbed6","GSM2545349",1502
"Lax1","GSM2545349",3
"Optc","GSM2545349",38
"Prelp","GSM2545349",1291
"Gm8618","GSM2545349",1
"Mybph","GSM2545349",15
"Myog","GSM2545349",3
"Ppfia4","GSM2545349",11563
"Tmem183a","GSM2545349",2753
"Kdm5b","GSM2545349",2244
"Ppp1r12b","GSM2545349",3486
"Ube2t","GSM2545349",60
"Ptprv","GSM2545349",3
"Timm17a","GSM2545349",1543
"Csrp1","GSM2545349",9868
"Tnni1","GSM2545349",115
"Lad1","GSM2545349",20
"Pkp1","GSM2545349",1
"Ascl5","GSM2545349",1
"Cacna1s","GSM2545349",50
"Gm15850","GSM2545349",2
"Kif21b","GSM2545349",1717
"Camsap2","GSM2545349",7730
"Kif14","GSM2545349",16
"Gm29485","GSM2545349",2
"Gm19705","GSM2545349",31
"Mif-ps1","GSM2545349",2
"Nr5a2","GSM2545349",1
"Ptprc","GSM2545349",113
"Lhx9","GSM2545349",269
"Dennd1b","GSM2545349",894
"Crb1","GSM2545349",12
"Zbtb41","GSM2545349",1615
"Cfhr2","GSM2545349",1
"Gm5837","GSM2545349",5
"Kcnt2","GSM2545349",64
"Gm5835","GSM2545349",35
"Cdc73","GSM2545349",846
"B3galt2","GSM2545349",778
"Glrx2","GSM2545349",2211
"Rgs1","GSM2545349",4
"Gm7266","GSM2545349",1
"Rgs18","GSM2545349",3
"Brinp3","GSM2545349",778
"Ptgs2os","GSM2545349",0
"Ptgs2","GSM2545349",45
"Tpr","GSM2545349",6152
"Swt1","GSM2545349",691
"Mir7682","GSM2545349",3
"Rnf2","GSM2545349",1573
"Gm36527","GSM2545349",1
"Edem3","GSM2545349",3541
"Tsen15","GSM2545349",585
"Colgalt2","GSM2545349",140
"Rgl1","GSM2545349",1431
"Arpc5","GSM2545349",2268
"Ncf2","GSM2545349",82
"Nmnat2","GSM2545349",10565
"Lamc2","GSM2545349",56
"Dhx9","GSM2545349",6840
"Rgs16","GSM2545349",789
"Rgsl1","GSM2545349",15
"Zfp648","GSM2545349",4
"Gm9530","GSM2545349",15
"Stx6","GSM2545349",1787
"Xpr1","GSM2545349",4115
"Gm5532","GSM2545349",2
"Acbd6","GSM2545349",917
"Lhx4","GSM2545349",1
"Cep350","GSM2545349",3396
"Fam163a","GSM2545349",71
"Tdrd5","GSM2545349",65
"Nphs2","GSM2545349",21
"Gm2000","GSM2545349",20
"Soat1","GSM2545349",772
"Abl2","GSM2545349",2292
"Fam20b","GSM2545349",3495
"Ralgps2","GSM2545349",2030
"Angptl1","GSM2545349",22
"Rasal2","GSM2545349",2759
"Brinp2","GSM2545349",1158
"Gm4953","GSM2545349",2
"Gm31256","GSM2545349",4
"Rabgap1l","GSM2545349",6122
"Gm6177","GSM2545349",1
"Rc3h1","GSM2545349",3307
"Serpinc1","GSM2545349",1
"Snord47","GSM2545349",21
"Dars2","GSM2545349",721
"Cenpl","GSM2545349",108
"Fasl","GSM2545349",8
"Dnm3","GSM2545349",11396
"Dnm3os","GSM2545349",14
"Prrc2c","GSM2545349",7467
"Fmo2","GSM2545349",323
"Mettl11b","GSM2545349",12
"BC055324","GSM2545349",111
"Sele","GSM2545349",0
"Selp","GSM2545349",0
"F5","GSM2545349",803
"Nme7","GSM2545349",461
"Atp1b1","GSM2545349",59094
"Gm26685","GSM2545349",1
"Dpt","GSM2545349",2
"Gm20743","GSM2545349",219
"Sft2d2","GSM2545349",1432
"Tiprl","GSM2545349",1913
"Rcsd1","GSM2545349",208
"Gm32999","GSM2545349",1
"Dusp27","GSM2545349",12
"Mael","GSM2545349",2
"Gm16418","GSM2545349",10
"Gm16701","GSM2545349",190
"Aldh9a1","GSM2545349",1775
"Mgst3","GSM2545349",1764
"Lrrc52","GSM2545349",2
"Rxrg","GSM2545349",29
"Lmx1a","GSM2545349",99
"Pbx1","GSM2545349",4417
"Asl","GSM2545350",666
"Apod","GSM2545350",15816
"Cyp2d22","GSM2545350",2417
"Klk6","GSM2545350",828
"Fcrls","GSM2545350",231
"Slc2a4","GSM2545350",349
"Exd2","GSM2545350",2812
"Gjc2","GSM2545350",603
"Plp1","GSM2545350",91642
"Gnb4","GSM2545350",1984
"Tnc","GSM2545350",824
"Trf","GSM2545350",18206
"Tubb2b","GSM2545350",3776
"Fads1","GSM2545350",8280
"Lxn","GSM2545350",2487
"Prr18","GSM2545350",2095
"Cmtm5","GSM2545350",1993
"Enpp1","GSM2545350",632
"Clic4","GSM2545350",9218
"Tm6sf2","GSM2545350",136
"Slc20a2","GSM2545350",6466
"Itih3","GSM2545350",3935
"Ptn","GSM2545350",6957
"Prodh","GSM2545350",1660
"Msantd1","GSM2545350",194
"Ugt8a","GSM2545350",3567
"Fbln5","GSM2545350",625
"Trp53inp2","GSM2545350",12872
"Slc7a3","GSM2545350",363
"Dnase1l2","GSM2545350",551
"Icosl","GSM2545350",756
"Rmnd1","GSM2545350",1197
"Tssk5","GSM2545350",89
"Pycr1","GSM2545350",69
"Pla2g3","GSM2545350",170
"Vmn2r1","GSM2545350",46
"Gm29797","GSM2545350",116
"Phyhd1","GSM2545350",1457
"Gpr146","GSM2545350",1047
"Mag","GSM2545350",7443
"Tufm","GSM2545350",2268
"Igdcc4","GSM2545350",3038
"Gm10654","GSM2545350",151
"Ncmap","GSM2545350",69
"Etv4","GSM2545350",413
"Fabp7","GSM2545350",456
"Cpsf4l","GSM2545350",107
"Hexa","GSM2545350",1674
"Mfge8","GSM2545350",2203
"Ccdc136","GSM2545350",4476
"Glul","GSM2545350",67586
"Hopx","GSM2545350",5176
"Pigq","GSM2545350",4431
"Vps11","GSM2545350",3430
"Proca1","GSM2545350",249
"Fbxl22","GSM2545350",285
"Sfxn5","GSM2545350",11346
"Hexim2","GSM2545350",537
"Agt","GSM2545350",4230
"Rlbp1","GSM2545350",330
"Jam2","GSM2545350",4170
"Lcat","GSM2545350",2648
"Oxct1","GSM2545350",17249
"Cacna1e","GSM2545350",10876
"Fa2h","GSM2545350",1932
"Plxnb3","GSM2545350",1080
"Lman2l","GSM2545350",1716
"Dpy19l1","GSM2545350",2756
"Kctd21","GSM2545350",942
"Thra","GSM2545350",13331
"Dok3","GSM2545350",194
"Sult1a1","GSM2545350",734
"Rpe","GSM2545350",1436
"Acrbp","GSM2545350",429
"Slc2a9","GSM2545350",64
"Emp2","GSM2545350",1493
"Aipl1","GSM2545350",7
"Uri1","GSM2545350",2392
"Bcs1l","GSM2545350",498
"Rbm3","GSM2545350",4848
"Tra2a","GSM2545350",5266
"Prex1","GSM2545350",6311
"Josd2","GSM2545350",1633
"Tmco3","GSM2545350",1835
"Srebf1","GSM2545350",2472
"Acer2","GSM2545350",534
"Tsga10","GSM2545350",379
"Cyp3a13","GSM2545350",91
"Relt","GSM2545350",743
"Nrep","GSM2545350",41710
"Slc14a1","GSM2545350",1767
"Pnpla2","GSM2545350",1464
"Map6d1","GSM2545350",2558
"Ier5","GSM2545350",942
"Bfsp2","GSM2545350",203
"Idi1","GSM2545350",579
"Kat2b","GSM2545350",6836
"Rmdn3","GSM2545350",5353
"Eif4b","GSM2545350",9741
"Grm4","GSM2545350",19445
"Pink1","GSM2545350",18175
"Mettl16","GSM2545350",1250
"Fam193b","GSM2545350",3447
"Rtca","GSM2545350",1476
"Fgfbp1","GSM2545350",90
"Pigs","GSM2545350",3210
"Cfp","GSM2545350",995
"Desi1","GSM2545350",7156
"Gbp4","GSM2545350",150
"Nid1","GSM2545350",1608
"Armcx5","GSM2545350",568
"Cryab","GSM2545350",4113
"Prss53","GSM2545350",222
"Car4","GSM2545350",6117
"Gm6277","GSM2545350",215
"Amt","GSM2545350",1319
"Zc3h6","GSM2545350",1251
"Aqp4","GSM2545350",21210
"Tmem198b","GSM2545350",899
"Abi3bp","GSM2545350",1298
"Xpa","GSM2545350",452
"Aldh6a1","GSM2545350",4291
"Adam1a","GSM2545350",835
"Dynlt1a","GSM2545350",588
"Gatm","GSM2545350",4666
"H2-Q4","GSM2545350",188
"Nras","GSM2545350",2000
"Pla2g4e","GSM2545350",316
"Lpar1","GSM2545350",2330
"Il12rb1","GSM2545350",61
"Enpp6","GSM2545350",674
"Ermn","GSM2545350",4903
"Marcksl1","GSM2545350",1262
"Ubqln4","GSM2545350",4317
"Glt8d1","GSM2545350",1470
"Ddx25","GSM2545350",1579
"Gpr17","GSM2545350",1347
"Cat","GSM2545350",2367
"Wwox","GSM2545350",955
"Phkg1","GSM2545350",705
"Ppp1r3f","GSM2545350",1116
"Mrpl35","GSM2545350",1459
"Nudt9","GSM2545350",1685
"Lypd6","GSM2545350",1341
"Spice1","GSM2545350",829
"Tuba8","GSM2545350",1767
"Spon1","GSM2545350",4839
"Nfya","GSM2545350",1311
"Sc5d","GSM2545350",4427
"Aldh18a1","GSM2545350",1145
"Ebp","GSM2545350",1260
"Srr","GSM2545350",3375
"Gm14827","GSM2545350",355
"Gm31135","GSM2545350",59
"Adam17","GSM2545350",1264
"Slc39a2","GSM2545350",914
"Snn","GSM2545350",4932
"Hnrnpc","GSM2545350",11428
"Srbd1","GSM2545350",626
"Ptp4a1","GSM2545350",1804
"Tppp","GSM2545350",13550
"Stac3","GSM2545350",171
"Emid1","GSM2545350",469
"Cotl1","GSM2545350",3745
"Ovgp1","GSM2545350",669
"Ssx2ip","GSM2545350",3541
"Hsd3b7","GSM2545350",939
"Kazald1","GSM2545350",210
"Omd","GSM2545350",239
"Bcas1","GSM2545350",6793
"Gm9925","GSM2545350",344
"Dleu2","GSM2545350",575
"Chil3","GSM2545350",28
"Deaf1","GSM2545350",2278
"Dusp19","GSM2545350",392
"Gkn3","GSM2545350",84
"Pllp","GSM2545350",1295
"Sox2ot","GSM2545350",1111
"Ntf3","GSM2545350",252
"Lum","GSM2545350",287
"Gm20751","GSM2545350",79
"Thnsl2","GSM2545350",151
"Slc2a4rg-ps","GSM2545350",605
"Agpat5","GSM2545350",4489
"Mdk","GSM2545350",902
"Penk","GSM2545350",4054
"Cirbp","GSM2545350",2305
"Aloxe3","GSM2545350",404
"Nudt5","GSM2545350",661
"Serpinb1a","GSM2545350",553
"Mt1","GSM2545350",10288
"Fgfr3","GSM2545350",4878
"Myo1d","GSM2545350",819
"Cd99l2","GSM2545350",4032
"C2cd2","GSM2545350",1064
"Brsk2","GSM2545350",7623
"Mrrf","GSM2545350",650
"Snhg4","GSM2545350",240
"Hmgcs1","GSM2545350",6317
"Stk17b","GSM2545350",5235
"Cyp51","GSM2545350",2400
"Gria4","GSM2545350",28999
"Ttyh1","GSM2545350",28988
"Slc13a1","GSM2545350",132
"Phf7","GSM2545350",170
"Get4","GSM2545350",1339
"Gstm1","GSM2545350",9355
"Fbxo31","GSM2545350",3019
"Padi2","GSM2545350",1225
"Gnmt","GSM2545350",182
"Paip2b","GSM2545350",4618
"Slc17a9","GSM2545350",19
"Vopp1","GSM2545350",2144
"Ogdhl","GSM2545350",4702
"Dcaf12","GSM2545350",3154
"Rorc","GSM2545350",1159
"Cp","GSM2545350",1839
"Jade2","GSM2545350",2658
"Nbl1","GSM2545350",3506
"Hsph1","GSM2545350",8870
"Serf2","GSM2545350",4202
"Rasgef1a","GSM2545350",4528
"Prrg1","GSM2545350",534
"Etnppl","GSM2545350",6423
"Cyp4f15","GSM2545350",149
"Ankrd29","GSM2545350",1388
"Gm27252","GSM2545350",68
"Kctd2","GSM2545350",3483
"Iigp1","GSM2545350",109
"Ak4","GSM2545350",6289
"Idh2","GSM2545350",1444
"Camkk1","GSM2545350",3085
"Rftn2","GSM2545350",1551
"Igtp","GSM2545350",224
"Bche","GSM2545350",423
"Marcks","GSM2545350",7738
"Pabpc4","GSM2545350",959
"Pmp22","GSM2545350",1689
"Car14","GSM2545350",899
"Serpinh1","GSM2545350",1780
"Ppp1r13b","GSM2545350",3321
"Tfrc","GSM2545350",6001
"Smox","GSM2545350",2831
"Tjap1","GSM2545350",1200
"Msmo1","GSM2545350",1871
"Slc26a8","GSM2545350",81
"Eml3","GSM2545350",1131
"Csf2ra","GSM2545350",583
"Rnf141","GSM2545350",3553
"Slc25a16","GSM2545350",1543
"Echdc1","GSM2545350",1678
"Eid2b","GSM2545350",1002
"Piga","GSM2545350",723
"Ccdc149","GSM2545350",1113
"Car15","GSM2545350",791
"Eny2","GSM2545350",2756
"Mroh1","GSM2545350",4255
"Pcyox1l","GSM2545350",908
"Ankrd39","GSM2545350",490
"Timeless","GSM2545350",401
"Sparc","GSM2545350",50113
"Slc7a10","GSM2545350",1691
"Ppp1r2","GSM2545350",5430
"Psmf1","GSM2545350",1354
"Adat1","GSM2545350",332
"Slc6a12","GSM2545350",268
"Snhg3","GSM2545350",194
"Prg4","GSM2545350",634
"Plod1","GSM2545350",1275
"Whamm","GSM2545350",1135
"Ttpa","GSM2545350",510
"Thbs3","GSM2545350",174
"Gltp","GSM2545350",1851
"Pex6","GSM2545350",2140
"Aim2","GSM2545350",138
"Ednrb","GSM2545350",6514
"Nuf2","GSM2545350",197
"Mog","GSM2545350",3004
"Ccl27a","GSM2545350",2073
"Tac4","GSM2545350",31
"Snhg8","GSM2545350",367
"Ak6","GSM2545350",378
"Kctd20","GSM2545350",3683
"Itgb4","GSM2545350",835
"Zfp810","GSM2545350",559
"Gm33489","GSM2545350",194
"Gna12","GSM2545350",2199
"Cyp4v3","GSM2545350",784
"Pkp4","GSM2545350",14246
"Agpat1","GSM2545350",3117
"Gipr","GSM2545350",58
"Edn3","GSM2545350",341
"Prr15","GSM2545350",29
"Traf1","GSM2545350",238
"Pim2","GSM2545350",1606
"Lrrc8a","GSM2545350",4133
"Erp44","GSM2545350",2240
"Tmem33","GSM2545350",7264
"Fen1","GSM2545350",746
"Tfap4","GSM2545350",351
"Lman2","GSM2545350",4346
"Senp8","GSM2545350",316
"Alg14","GSM2545350",756
"Ddah1","GSM2545350",5094
"Pomt1","GSM2545350",736
"Rab3b","GSM2545350",491
"Lrrc29","GSM2545350",62
"Nqo1","GSM2545350",433
"Gpr137b","GSM2545350",550
"Pcif1","GSM2545350",2794
"Qdpr","GSM2545350",6021
"Dcdc2b","GSM2545350",383
"Rap2a","GSM2545350",3043
"Cnpy4","GSM2545350",675
"Wdr41","GSM2545350",1691
"Gm20627","GSM2545350",55
"Mmaa","GSM2545350",1711
"Gm13562","GSM2545350",45
"Cd70","GSM2545350",43
"Itm2a","GSM2545350",2433
"Avil","GSM2545350",84
"Zscan22","GSM2545350",619
"Itgb3","GSM2545350",75
"Col11a2","GSM2545350",544
"Apoc1","GSM2545350",81
"Tmeff2","GSM2545350",2701
"Tyro3","GSM2545350",8695
"Ift22","GSM2545350",1277
"Mtmr7","GSM2545350",3199
"Gabrr2","GSM2545350",84
"Ube2v2","GSM2545350",2347
"C77080","GSM2545350",1400
"Elovl5","GSM2545350",5631
"Serinc5","GSM2545350",3063
"Pyroxd2","GSM2545350",165
"Ypel2","GSM2545350",2432
"Parp3","GSM2545350",400
"Xpo1","GSM2545350",7189
"Polr2a","GSM2545350",6492
"Tspyl4","GSM2545350",36109
"Irgm1","GSM2545350",479
"Cep131","GSM2545350",858
"Sema4d","GSM2545350",5024
"Gbp6","GSM2545350",328
"Zfp119b","GSM2545350",224
"Eps15","GSM2545350",16098
"Pxmp2","GSM2545350",247
"Tomm40l","GSM2545350",2217
"Atat1","GSM2545350",1270
"Chrac1","GSM2545350",395
"Mrpl24","GSM2545350",1661
"Ipo9","GSM2545350",8460
"Actg1","GSM2545350",8177
"Noxred1","GSM2545350",125
"Gm20501","GSM2545350",119
"H2-K1","GSM2545350",1145
"Lig1","GSM2545350",610
"Morn2","GSM2545350",277
"Dcakd","GSM2545350",1449
"Nop14","GSM2545350",1186
"Bbs1","GSM2545350",1796
"Tada2b","GSM2545350",1636
"Gal3st1","GSM2545350",323
"Xpc","GSM2545350",858
"Irf2bp2","GSM2545350",3390
"Spns2","GSM2545350",2338
"Pole","GSM2545350",92
"Fam78b","GSM2545350",2256
"Ggcx","GSM2545350",1040
"Anks1","GSM2545350",2964
"Pgm2","GSM2545350",4251
"Zgrf1","GSM2545350",402
"Alkbh3","GSM2545350",465
"Dnd1","GSM2545350",99
"Lime1","GSM2545350",2887
"Trim23","GSM2545350",4270
"Abhd14a","GSM2545350",617
"Zkscan3","GSM2545350",2325
"Fam131b","GSM2545350",9670
"Elovl1","GSM2545350",828
"Trim72","GSM2545350",44
"Klhdc9","GSM2545350",90
"Iqck","GSM2545350",99
"Smim14","GSM2545350",6694
"Kcnab3","GSM2545350",1684
"Ing5","GSM2545350",622
"Cnnm3","GSM2545350",2538
"Fn3k","GSM2545350",1275
"Cnp","GSM2545350",17239
"Uros","GSM2545350",768
"Eml1","GSM2545350",3387
"Lgals3","GSM2545350",55
"Gjb1","GSM2545350",756
"Dynll1","GSM2545350",3196
"Cyp2j12","GSM2545350",142
"Crip3","GSM2545350",43
"Sbk1","GSM2545350",30448
"Camkk2","GSM2545350",14076
"Setd7","GSM2545350",25822
"Btf3l4","GSM2545350",1992
"Acbd4","GSM2545350",1504
"Gm16835","GSM2545350",160
"Gpr37","GSM2545350",2290
"Prr5l","GSM2545350",729
"Slain1","GSM2545350",2405
"Calr","GSM2545350",19860
"Bst1","GSM2545350",21
"Fmnl3","GSM2545350",475
"Gpr89","GSM2545350",748
"Zranb1","GSM2545350",6658
"Col27a1","GSM2545350",1125
"Emc8","GSM2545350",3863
"Ormdl3","GSM2545350",3244
"Capg","GSM2545350",108
"Zbtb21","GSM2545350",1125
"Sord","GSM2545350",782
"Tsc22d1","GSM2545350",12024
"Gpld1","GSM2545350",3327
"Cdh4","GSM2545350",791
"Hkdc1","GSM2545350",68
"Ggact","GSM2545350",1351
"Zfp493","GSM2545350",181
"Mkks","GSM2545350",1510
"Gm15423","GSM2545350",61
"Npas2","GSM2545350",252
"Plin4","GSM2545350",777
"Rragc","GSM2545350",3459
"Nsun3","GSM2545350",606
"Hgsnat","GSM2545350",3140
"Acr","GSM2545350",22
"Ccdc167","GSM2545350",1581
"Thap1","GSM2545350",486
"Egfl8","GSM2545350",133
"Vps33a","GSM2545350",5258
"Igbp1","GSM2545350",1329
"Tbx6","GSM2545350",106
"Dcst2","GSM2545350",15
"Rbm28","GSM2545350",2621
"Pms1","GSM2545350",448
"Rtcb","GSM2545350",4406
"Smad9","GSM2545350",2148
"Ubxn2b","GSM2545350",1042
"Rnf170","GSM2545350",1834
"Pithd1","GSM2545350",2376
"Steap3","GSM2545350",109
"Tomm20","GSM2545350",9554
"Klf15","GSM2545350",1932
"Amz2","GSM2545350",2180
"Folh1","GSM2545350",885
"Ubfd1","GSM2545350",3886
"Gpx3","GSM2545350",419
"C4b","GSM2545350",978
"Mdfi","GSM2545350",565
"Nucb2","GSM2545350",298
"Clip4","GSM2545350",1698
"Tipin","GSM2545350",656
"Amy1","GSM2545350",880
"Efhd1","GSM2545350",1755
"Smim15","GSM2545350",2299
"Zfp658","GSM2545350",1057
"E2f6","GSM2545350",2023
"Lix1","GSM2545350",535
"Coq4","GSM2545350",368
"Otoa","GSM2545350",58
"Mex3a","GSM2545350",243
"Tmem132c","GSM2545350",1484
"Dclk1","GSM2545350",24019
"Eml2","GSM2545350",3505
"Glyr1","GSM2545350",9348
"Gm1976","GSM2545350",405
"Smyd3","GSM2545350",1517
"Dcaf8","GSM2545350",8534
"Lias","GSM2545350",1136
"Msn","GSM2545350",3529
"Timmdc1","GSM2545350",742
"H2-Q6","GSM2545350",48
"Asic3","GSM2545350",46
"Col5a3","GSM2545350",357
"Stx3","GSM2545350",2813
"AW046200","GSM2545350",224
"Hsf1","GSM2545350",1822
"Colq","GSM2545350",233
"Rcor3","GSM2545350",1483
"Slc6a20a","GSM2545350",840
"Prps1","GSM2545350",2391
"Keap1","GSM2545350",2317
"Tap2","GSM2545350",381
"Slc16a7","GSM2545350",1657
"Eif2b3","GSM2545350",581
"Flywch1","GSM2545350",14496
"Amigo2","GSM2545350",986
"Hspd1","GSM2545350",8742
"Sost","GSM2545350",42
"Gm8615","GSM2545350",48
"Kcnk13","GSM2545350",226
"Tspyl2","GSM2545350",5256
"Spsb3","GSM2545350",2665
"Gm8493","GSM2545350",39
"Fgf22","GSM2545350",66
"Slc6a6","GSM2545350",6982
"Xist","GSM2545350",7
"Ddx3y","GSM2545350",5416
"Eif2s3y","GSM2545350",2943
"Kdm5d","GSM2545350",1605
"Uty","GSM2545350",1706
"Eif2s3x","GSM2545350",1847
"Kdm6a","GSM2545350",2662
"Casp12","GSM2545350",255
"Ddx3x","GSM2545350",21333
"Prl2c3","GSM2545350",83
"Casp1","GSM2545350",89
"Pbdc1","GSM2545350",477
"Kdm5c","GSM2545350",5499
"Ctxn2","GSM2545350",120
"Ldoc1","GSM2545350",589
"Gpr179","GSM2545350",20
"Pou4f1","GSM2545350",12
"Tmprss3","GSM2545350",33
"Prl2c2","GSM2545350",13
"Slc35b1","GSM2545350",1970
"Myoc","GSM2545350",338
"Cartpt","GSM2545350",2
"Tchh","GSM2545350",69
"H2-Q2","GSM2545350",15
"Ascl1","GSM2545350",71
"Crhr1","GSM2545350",3567
"Gm4017","GSM2545350",26
"Impg1","GSM2545350",57
"Rxfp3","GSM2545350",23
"AI504432","GSM2545350",1247
"Mpo","GSM2545350",6
"Oxtr","GSM2545350",29
"Usp2","GSM2545350",4758
"Lor","GSM2545350",8
"Srrm4","GSM2545350",6594
"Slc35g1","GSM2545350",205
"Tceal6","GSM2545350",1284
"Dach2","GSM2545350",73
"Lgr6","GSM2545350",340
"Kcna4","GSM2545350",223
"Zfyve28","GSM2545350",3808
"Hps4","GSM2545350",1081
"Ucp3","GSM2545350",82
"Mettl17","GSM2545350",1004
"Atg9b","GSM2545350",51
"Usp3","GSM2545350",6113
"Acta2","GSM2545350",330
"Wdr24","GSM2545350",772
"Zw10","GSM2545350",1704
"Ubtd2","GSM2545350",3099
"Slc6a4","GSM2545350",7
"Cog1","GSM2545350",2464
"S100a9","GSM2545350",67
"Nadk","GSM2545350",3112
"Col6a1","GSM2545350",623
"Susd2","GSM2545350",234
"Fam53b","GSM2545350",2985
"Npas1","GSM2545350",11
"Rhbdf1","GSM2545350",588
"Cacnb1","GSM2545350",876
"Zfp579","GSM2545350",1227
"Dtx4","GSM2545350",1226
"Chrm3","GSM2545350",117
"Plcl2","GSM2545350",2341
"Ptprj","GSM2545350",4596
"Cyhr1","GSM2545350",7056
"Stx5a","GSM2545350",2717
"Smim8","GSM2545350",397
"Pappa2","GSM2545350",6
"Stbd1","GSM2545350",46
"Rln3","GSM2545350",0
"Ldlr","GSM2545350",1043
"Bmp2","GSM2545350",45
"Itga10","GSM2545350",387
"Unc45a","GSM2545350",1711
"Hap1","GSM2545350",3207
"Gm35339","GSM2545350",485
"Serpinb8","GSM2545350",219
"Tmem200c","GSM2545350",239
"Ngb","GSM2545350",48
"Myh11","GSM2545350",434
"Ass1","GSM2545350",482
"Ccdc28b","GSM2545350",1846
"Vsx2","GSM2545350",3
"Klhl1","GSM2545350",312
"Slit1","GSM2545350",196
"Rbm10","GSM2545350",3852
"Sgk1","GSM2545350",7430
"Zbtb24","GSM2545350",815
"Kif5a","GSM2545350",44448
"Alox8","GSM2545350",97
"Rgcc","GSM2545350",362
"Olfr1033","GSM2545350",55
"Lrrn4","GSM2545350",3
"Trim59","GSM2545350",856
"Pnma2","GSM2545350",413
"Arc","GSM2545350",877
"Lypd6b","GSM2545350",91
"Prkar2b","GSM2545350",875
"Gabrd","GSM2545350",7088
"Sh3gl1","GSM2545350",1979
"Rab9b","GSM2545350",1307
"Slc9a2","GSM2545350",263
"Gata3","GSM2545350",9
"Rnd3","GSM2545350",543
"Tdgf1","GSM2545350",242
"Tph2","GSM2545350",32
"Gprc5c","GSM2545350",2711
"Syt16","GSM2545350",204
"Cdyl","GSM2545350",603
"St8sia2","GSM2545350",115
"Usp19","GSM2545350",8238
"Foxj2","GSM2545350",3257
"Wdfy2","GSM2545350",2160
"Fibcd1","GSM2545350",52
"Hs3st4","GSM2545350",116
"Rab27b","GSM2545350",462
"Gm4988","GSM2545350",111
"Hebp1","GSM2545350",193
"Mrgpre","GSM2545350",100
"Slc22a4","GSM2545350",2877
"Txndc11","GSM2545350",1819
"Pgr15l","GSM2545350",7
"Evpl","GSM2545350",63
"Pax7","GSM2545350",10
"Trim65","GSM2545350",226
"Gm33533","GSM2545350",14
"Otof","GSM2545350",114
"Alk","GSM2545350",47
"Acap3","GSM2545350",4179
"Erdr1","GSM2545350",763
"Kcnq5","GSM2545350",149
"Msln","GSM2545350",81
"Tbc1d20","GSM2545350",1605
"Slc16a10","GSM2545350",266
"Errfi1","GSM2545350",2908
"Nr2e1","GSM2545350",3
"Gpr149","GSM2545350",8
"Plcxd1","GSM2545350",143
"Lrch3","GSM2545350",6642
"Morc2b","GSM2545350",214
"Elfn1","GSM2545350",109
"Rnf180","GSM2545350",319
"Pcdhb8","GSM2545350",167
"Creg2","GSM2545350",464
"Erich3","GSM2545350",757
"Rpp25","GSM2545350",167
"Fgfr1","GSM2545350",8400
"Sfrp2","GSM2545350",24
"Rprm","GSM2545350",68
"Tmem120b","GSM2545350",611
"Tpra1","GSM2545350",2249
"Igsf9","GSM2545350",24
"Jakmip1","GSM2545350",839
"Hsf4","GSM2545350",172
"Pcbd1","GSM2545350",124
"Rasgrf2","GSM2545350",576
"Dgkk","GSM2545350",65
"Paxip1","GSM2545350",2159
"Smtn","GSM2545350",272
"Cmpk2","GSM2545350",742
"Drd4","GSM2545350",22
"Samd11","GSM2545350",20
"Magel2","GSM2545350",36
"Csrnp3","GSM2545350",1981
"Zfp941","GSM2545350",740
"Lrrc1","GSM2545350",966
"Tmie","GSM2545350",222
"Pcdh8","GSM2545350",158
"Glra2","GSM2545350",265
"Gpatch8","GSM2545350",7034
"Slc6a16","GSM2545350",20
"Grm7","GSM2545350",1164
"Ybx3","GSM2545350",2186
"Tenm3","GSM2545350",1025
"Npffr1","GSM2545350",12
"Slc39a11","GSM2545350",376
"Otp","GSM2545350",0
"Hoga1","GSM2545350",63
"Egfl6","GSM2545350",16
"Plch2","GSM2545350",11561
"Pde11a","GSM2545350",63
"Zfp335","GSM2545350",1806
"Gpr61","GSM2545350",221
"Tox","GSM2545350",94
"Gabrr1","GSM2545350",9
"Jun","GSM2545350",2872
"Cox7b2","GSM2545350",38
"Mn1","GSM2545350",178
"Tmem130","GSM2545350",4441
"Dusp11","GSM2545350",9521
"Tmem91","GSM2545350",115
"Rbms2","GSM2545350",1225
"Inpp5j","GSM2545350",7159
"Vstm2a","GSM2545350",1204
"C1qtnf2","GSM2545350",45
"Ctns","GSM2545350",1303
"Smarcd2","GSM2545350",3341
"Dbpht2","GSM2545350",103
"Ltbp2","GSM2545350",1946
"Drd1","GSM2545350",17
"Dact2","GSM2545350",208
"E4f1","GSM2545350",1534
"Zfp598","GSM2545350",2893
"Zcchc12","GSM2545350",813
"Zfp263","GSM2545350",1549
"Tspyl3","GSM2545350",687
"Arhgap10","GSM2545350",851
"Plxnb2","GSM2545350",7630
"Doc2a","GSM2545350",85
"Tmem29","GSM2545350",555
"Dpf2","GSM2545350",3574
"Foxl2os","GSM2545350",43
"Slc47a1","GSM2545350",330
"Nap1l5","GSM2545350",22678
"Mapk7","GSM2545350",1457
"Grem2","GSM2545350",147
"Pcdh10","GSM2545350",2122
"Nol3","GSM2545350",285
"Gpr83","GSM2545350",59
"Nrsn2","GSM2545350",2349
"Prss16","GSM2545350",19
"Pcdh18","GSM2545350",172
"Emx2","GSM2545350",5
"Ccdc81","GSM2545350",85
"Rwdd2a","GSM2545350",270
"Mpped1","GSM2545350",262
"Galnt7","GSM2545350",2894
"S100a8","GSM2545350",67
"Mau2","GSM2545350",6217
"Ptpn23","GSM2545350",3472
"Sstr1","GSM2545350",183
"Wdfy4","GSM2545350",45
"Anxa3","GSM2545350",578
"C3","GSM2545350",66
"Tead4","GSM2545350",366
"Clvs2","GSM2545350",366
"Gaa","GSM2545350",7942
"Zfp219","GSM2545350",7289
"Bves","GSM2545350",11
"Tmem161a","GSM2545350",1100
"Unc5d","GSM2545350",850
"Cd180","GSM2545350",41
"Scml4","GSM2545350",31
"Stk38","GSM2545350",2703
"Sox17","GSM2545350",325
"Srsf9","GSM2545350",1737
"Herpud1","GSM2545350",3916
"Hmbs","GSM2545350",591
"Gm2824","GSM2545350",74
"Mir1901","GSM2545350",62
"Adamts19","GSM2545350",9
"Zfp36l1","GSM2545350",1611
"Impact","GSM2545350",8072
"Trmt6","GSM2545350",1886
"Plekhm1","GSM2545350",2176
"Basp1","GSM2545350",1106
"Grid1","GSM2545350",1196
"Zdbf2","GSM2545350",614
"Tal1","GSM2545350",99
"Raf1","GSM2545350",4721
"Pgpep1l","GSM2545350",10
"Fzd4","GSM2545350",1242
"Tfdp1","GSM2545350",2563
"Pdzrn4","GSM2545350",86
"Ier3","GSM2545350",493
"Mir378a","GSM2545350",17
"Magee2","GSM2545350",74
"Plekhg2","GSM2545350",313
"Boc","GSM2545350",4740
"Ddx39b","GSM2545350",6200
"H2-T24","GSM2545350",135
"Insm1","GSM2545350",23
"Vstm5","GSM2545350",81
"Kctd4","GSM2545350",141
"Oprm1","GSM2545350",127
"Zfand6","GSM2545350",3097
"Cx3cl1","GSM2545350",3130
"Tacr3","GSM2545350",64
"Gpr4","GSM2545350",212
"Ptgis","GSM2545350",100
"Ccdc28a","GSM2545350",444
"Ido2","GSM2545350",6
"Elfn2","GSM2545350",1196
"Ngp","GSM2545350",50
"Ptpro","GSM2545350",310
"Neto1","GSM2545350",233
"Col6a2","GSM2545350",530
"Fev","GSM2545350",1
"Mmab","GSM2545350",659
"Resp18","GSM2545350",724
"Amn","GSM2545350",16
"Tmem132b","GSM2545350",631
"St6gal2","GSM2545350",215
"Tbc1d25","GSM2545350",882
"Pdcd2l","GSM2545350",722
"Acot3","GSM2545350",12
"Gm5468","GSM2545350",3
"Atg16l1","GSM2545350",2407
"Rpl14-ps1","GSM2545350",25
"Glra3","GSM2545350",122
"Plekhh3","GSM2545350",1902
"Pcdhga1","GSM2545350",226
"Gm9899","GSM2545350",1783
"Eps8l1","GSM2545350",203
"Serpina3g","GSM2545350",10
"Pcdh17","GSM2545350",1848
"Riok3","GSM2545350",4246
"Dcaf12l2","GSM2545350",17
"Ankrd6","GSM2545350",659
"Dhrs11","GSM2545350",559
"Zdhhc22","GSM2545350",273
"Hmgb3","GSM2545350",475
"Mid1","GSM2545350",429
"Celf3","GSM2545350",2329
"Akap5","GSM2545350",278
"Phlda3","GSM2545350",496
"Arfgap2","GSM2545350",4016
"Gabpb1","GSM2545350",1343
"Mybpc1","GSM2545350",3629
"Nfkbia","GSM2545350",1297
"Gabra3","GSM2545350",911
"Gtpbp2","GSM2545350",3368
"Ptgdr","GSM2545350",49
"Myh15","GSM2545350",32
"Ciz1","GSM2545350",1983
"Tmem62","GSM2545350",3375
"Pan3","GSM2545350",5328
"Pld3","GSM2545350",2920
"Trim3","GSM2545350",7566
"Spata2l","GSM2545350",802
"Gm2223","GSM2545350",17
"Dnah1","GSM2545350",78
"Pnoc","GSM2545350",99
"Dzank1","GSM2545350",9669
"Safb2","GSM2545350",3707
"Rnf128","GSM2545350",1216
"Jpx","GSM2545350",318
"Il16","GSM2545350",9141
"Slc26a7","GSM2545350",369
"Rspo1","GSM2545350",20
"Hcfc2","GSM2545350",2276
"Gm35315","GSM2545350",58
"Tyrp1","GSM2545350",23
"Pank4","GSM2545350",2078
"Ngef","GSM2545350",607
"Llgl1","GSM2545350",3654
"Usp12","GSM2545350",3093
"Ppp2r2d","GSM2545350",2639
"Zfp677","GSM2545350",191
"Heyl","GSM2545350",113
"Sin3b","GSM2545350",2793
"Sidt1","GSM2545350",2676
"Spin2c","GSM2545350",119
"Wasf2","GSM2545350",1524
"Tmem14a","GSM2545350",654
"Cntnap5a","GSM2545350",662
"Ccm2l","GSM2545350",197
"Sema3e","GSM2545350",931
"Il18bp","GSM2545350",530
"Slc35f1","GSM2545350",1723
"Best1","GSM2545350",20
"Pde8b","GSM2545350",956
"Htr7","GSM2545350",77
"Cfap57","GSM2545350",30
"Sgsm1","GSM2545350",5386
"Scn3b","GSM2545350",327
"Mark3","GSM2545350",4551
"Acsl5","GSM2545350",592
"Qpct","GSM2545350",141
"Iqcc","GSM2545350",919
"Noc2l","GSM2545350",2862
"Slc25a27","GSM2545350",5952
"Kdm4b","GSM2545350",3571
"Pde1b","GSM2545350",1520
"Pcdha10","GSM2545350",104
"Gja5","GSM2545350",38
"Irs4","GSM2545350",27
"Mamdc4","GSM2545350",187
"Mthfd2l","GSM2545350",276
"Lrrtm1","GSM2545350",301
"Tacr1","GSM2545350",58
"Lmo3","GSM2545350",181
"Psg16","GSM2545350",1079
"Abcc8","GSM2545350",3160
"Epc1","GSM2545350",3222
"Slc6a7","GSM2545350",377
"Col4a5","GSM2545350",475
"Gm8013","GSM2545350",1
"Clpx","GSM2545350",2194
"Dffb","GSM2545350",464
"Senp3","GSM2545350",3282
"Hhex","GSM2545350",44
"Per2","GSM2545350",4471
"Rnpep","GSM2545350",1684
"Ttll1","GSM2545350",867
"Ppp1r1c","GSM2545350",9
"Moxd1","GSM2545350",288
"Susd6","GSM2545350",6646
"Ighm","GSM2545350",131
"Fam131a","GSM2545350",4330
"Zfp92","GSM2545350",53
"Kirrel","GSM2545350",643
"Npsr1","GSM2545350",8
"Kcnj16","GSM2545350",1741
"Atg10","GSM2545350",313
"Vwc2l","GSM2545350",64
"Sox14","GSM2545350",20
"Zc3h3","GSM2545350",572
"Gak","GSM2545350",5296
"Tox2","GSM2545350",213
"Tenm2","GSM2545350",1360
"Begain","GSM2545350",931
"Dsc3","GSM2545350",11
"Fbll1","GSM2545350",365
"Dnah7a","GSM2545350",11
"Gm3764","GSM2545350",4927
"Strip1","GSM2545350",3748
"Nmnat3","GSM2545350",36
"Lims2","GSM2545350",381
"Fam43b","GSM2545350",273
"Ccnl2","GSM2545350",10143
"Gm11627","GSM2545350",8
"Rabl2","GSM2545350",1089
"Kcnj3","GSM2545350",7572
"Zfp36","GSM2545350",257
"Slc2a1","GSM2545350",6688
"Cnksr3","GSM2545350",3466
"AW551984","GSM2545350",244
"Hykk","GSM2545350",220
"Rnasel","GSM2545350",97
"Shc1","GSM2545350",523
"Ppp1r12c","GSM2545350",3948
"Syne4","GSM2545350",376
"Arrdc2","GSM2545350",719
"Usp28","GSM2545350",3398
"Slfn4","GSM2545350",10
"Pomt2","GSM2545350",1659
"Gm10432","GSM2545350",87
"Cngb1","GSM2545350",23
"Dot1l","GSM2545350",8520
"Gmnn","GSM2545350",119
"Ccdc160","GSM2545350",52
"Ptpn5","GSM2545350",918
"Mal2","GSM2545350",335
"Arap3","GSM2545350",322
"Mib2","GSM2545350",3369
"Itgb1bp2","GSM2545350",54
"Stk32b","GSM2545350",45
"Dgkb","GSM2545350",1466
"Pcgf6","GSM2545350",1398
"Serinc2","GSM2545350",1068
"Arhgef37","GSM2545350",948
"Ltf","GSM2545350",18
"Timp2","GSM2545350",3711
"Snora41","GSM2545350",18
"F3","GSM2545350",2762
"Tgfbi","GSM2545350",248
"Rab44","GSM2545350",7
"Lclat1","GSM2545350",1221
"Arid5b","GSM2545350",3100
"Col25a1","GSM2545350",286
"Inpp5b","GSM2545350",3239
"Dhfr","GSM2545350",353
"Phkg2","GSM2545350",2089
"Bcl11a","GSM2545350",709
"Nr2f1","GSM2545350",1902
"Trhr","GSM2545350",48
"Msc","GSM2545350",10
"Mndal","GSM2545350",215
"Pou3f2","GSM2545350",867
"Gm9962","GSM2545350",12
"Atg16l2","GSM2545350",1242
"Gm16425","GSM2545350",6
"Ap1m1","GSM2545350",2370
"Trpv3","GSM2545350",14
"Inpp5k","GSM2545350",2711
"D11Wsu47e","GSM2545350",282
"Fkbp1b","GSM2545350",266
"Syvn1","GSM2545350",2888
"Aldh3a2","GSM2545350",3452
"Dtd2","GSM2545350",256
"Pcdh19","GSM2545350",368
"Gm5526","GSM2545350",17
"Nsun5","GSM2545350",629
"Hrh2","GSM2545350",349
"Lmbr1l","GSM2545350",681
"Pkn1","GSM2545350",1602
"Nptx2","GSM2545350",85
"Ctxn1","GSM2545350",242
"Rp1","GSM2545350",5
"Gm7357","GSM2545350",3
"Mrpl15","GSM2545350",1331
"Lypla1","GSM2545350",2532
"Tcea1","GSM2545350",3920
"Gm6104","GSM2545350",1
"Atp6v1h","GSM2545350",5231
"Oprk1","GSM2545350",72
"Npbwr1","GSM2545350",3
"Rb1cc1","GSM2545350",7764
"Gm2147","GSM2545350",1
"Gm26901","GSM2545350",1
"Sntg1","GSM2545350",471
"Gm6187","GSM2545350",1
"Rrs1","GSM2545350",870
"Mcmdc2","GSM2545350",31
"Snhg6","GSM2545350",252
"Snord87","GSM2545350",2
"Tcf24","GSM2545350",12
"Ppp1r42","GSM2545350",16
"Arfgef1","GSM2545350",7616
"Cpa6","GSM2545350",3
"Ncoa2","GSM2545350",6808
"Tram1","GSM2545350",2002
"Gm5523","GSM2545350",1
"Eya1","GSM2545350",400
"Smt3h2-ps4","GSM2545350",2
"Trpa1","GSM2545350",1
"Gm10566","GSM2545350",0
"Terf1","GSM2545350",682
"Rdh10","GSM2545350",1024
"Stau2","GSM2545350",4165
"Ly96","GSM2545350",29
"Jph1","GSM2545350",1879
"Gdap1","GSM2545350",6715
"Rbm6-ps1","GSM2545350",17
"Pi15","GSM2545350",51
"Gm28154","GSM2545350",19
"Gm16070","GSM2545350",5
"Gm15825","GSM2545350",0
"Tfap2d","GSM2545350",208
"Tfap2b","GSM2545350",2873
"Pkhd1","GSM2545350",1
"Mir133b","GSM2545350",4
"Il17f","GSM2545350",0
"Paqr8","GSM2545350",24123
"Tram2","GSM2545350",18
"Gm7658","GSM2545350",11
"Gm7761","GSM2545350",15
"Mir30c-2","GSM2545350",11
"Ogfrl1","GSM2545350",12728
"Smap1","GSM2545350",3946
"Fam135a","GSM2545350",3352
"Col19a1","GSM2545350",1126
"Lmbrd1","GSM2545350",11509
"Gm20172","GSM2545350",2
"Gm29214","GSM2545350",3
"Gm7846","GSM2545350",12
"Gm5525","GSM2545350",20
"Phf3","GSM2545350",6205
"Khdrbs2","GSM2545350",313
"Gm5415","GSM2545350",0
"Zfp451","GSM2545350",1791
"Gm15455","GSM2545350",11
"Bend6","GSM2545350",9850
"Ptpn18","GSM2545350",36
"Cfc1","GSM2545350",4
"Amer3","GSM2545350",2517
"Fam168b","GSM2545350",15872
"Gm33222","GSM2545350",12
"Kansl3","GSM2545350",4792
"Fer1l5","GSM2545350",3
"Cnnm4","GSM2545350",1349
"Sema4c","GSM2545350",1273
"Cox5b","GSM2545350",5871
"Zap70","GSM2545350",21
"Tmem131","GSM2545350",5082
"Cnga3","GSM2545350",1
"Unc50","GSM2545350",1647
"Lipt1","GSM2545350",116
"Mrpl30","GSM2545350",1210
"Lyg2","GSM2545350",8
"Txndc9","GSM2545350",2025
"Eif5b","GSM2545350",6319
"Gm16150","GSM2545350",12
"Gm16152","GSM2545350",5
"Pdcl3","GSM2545350",1238
"Rpl31","GSM2545350",2970
"Tbc1d8","GSM2545350",2170
"Cnot11","GSM2545350",1740
"Snord89","GSM2545350",16
"Rnf149","GSM2545350",1200
"Rfx8","GSM2545350",4
"Gm16894","GSM2545350",21
"Il1rl2","GSM2545350",23
"Il1rl1","GSM2545350",6
"Il18r1","GSM2545350",0
"Slc9a4","GSM2545350",13
"Mfsd9","GSM2545350",147
"Tmem182","GSM2545350",22
"Gm28175","GSM2545350",16
"Pantr1","GSM2545350",294
"Pou3f3","GSM2545350",1981
"Pantr2","GSM2545350",49
"Mrps9","GSM2545350",1328
"Gpr45","GSM2545350",94
"Tgfbrap1","GSM2545350",3203
"Fhl2","GSM2545350",94
"Nck2","GSM2545350",889
"Uxs1","GSM2545350",1728
"Gm16103","GSM2545350",2
"Tpp2","GSM2545350",3624
"Tex30","GSM2545350",307
"Bivm","GSM2545350",1240
"Gulp1","GSM2545350",223
"Wdr75","GSM2545350",1299
"Dnah7b","GSM2545350",810
"Gm4852","GSM2545350",5
"Gm8337","GSM2545350",38
"Nabp1","GSM2545350",479
"Gm17767","GSM2545350",0
"Myo1b","GSM2545350",1056
"Stat4","GSM2545350",9
"Stat1","GSM2545350",2420
"Gls","GSM2545350",18327
"Rps27a-ps1","GSM2545350",2
"Gm28178","GSM2545350",0
"Inpp1","GSM2545350",4277
"Mstn","GSM2545350",20
"Asnsd1","GSM2545350",807
"Gtf3c3","GSM2545350",1284
"Pgap1","GSM2545350",2705
"Gm19637","GSM2545350",0
"Ankrd44","GSM2545350",851
"Sf3b1","GSM2545350",19660
"Gm6822","GSM2545350",9
"Boll","GSM2545350",7
"Gm8292","GSM2545350",7
"Plcl1","GSM2545350",1866
"Gm6644","GSM2545350",1
"Satb2","GSM2545350",36
"BC055402","GSM2545350",4
"Tyw5","GSM2545350",483
"Spats2l","GSM2545350",431
"Aox4","GSM2545350",8
"Aox2","GSM2545350",2
"Bzw1","GSM2545350",9904
"Clk1","GSM2545350",8778
"Ppil3","GSM2545350",390
"Nif3l1","GSM2545350",848
"Cflar","GSM2545350",1640
"Casp8","GSM2545350",84
"Stradb","GSM2545350",1256
"Tmem237","GSM2545350",940
"Cdk15","GSM2545350",11
"Fzd7","GSM2545350",2872
"Sumo1","GSM2545350",3379
"Fam117b","GSM2545350",5187
"Wdr12","GSM2545350",1227
"Nbeal1","GSM2545350",2308
"Abi2","GSM2545350",6010
"Cd28","GSM2545350",84
"Gm11581","GSM2545350",0
"Icos","GSM2545350",2
"Nrp2","GSM2545350",672
"Gm4208","GSM2545350",0
"Ndufs1","GSM2545350",7964
"Eef1b2","GSM2545350",3850
"Gpr1","GSM2545350",1
"Gm11605","GSM2545350",6
"Adam23","GSM2545350",9832
"Dytn","GSM2545350",3
"Mdh1b","GSM2545350",33
"Gm13748","GSM2545350",4
"Ccnyl1","GSM2545350",577
"Plekhm3","GSM2545350",2513
"Rpl10a-ps1","GSM2545350",20
"Cryga","GSM2545350",0
"Pikfyve","GSM2545350",3418
"Map2","GSM2545350",32159
"Unc80","GSM2545350",25733
"Kansl1l","GSM2545350",1565
"Acadl","GSM2545350",2181
"Gm15793","GSM2545350",1
"Spag16","GSM2545350",93
"Bard1","GSM2545350",20
"Abca12","GSM2545350",6
"Atic","GSM2545350",1052
"Fn1","GSM2545350",4875
"Gm5256","GSM2545350",1
"Tmem169","GSM2545350",768
"Xrcc5","GSM2545350",711
"Smarcal1","GSM2545350",3382
"Igfbp2","GSM2545350",1696
"Gm29183","GSM2545350",3
"Rufy4","GSM2545350",5
"Cxcr2","GSM2545350",5
"Arpc2","GSM2545350",4871
"Aamp","GSM2545350",5421
"Tmbim1","GSM2545350",2110
"Catip","GSM2545350",85
"Zfp142","GSM2545350",2348
"Rnf25","GSM2545350",1531
"Ttll4","GSM2545350",2585
"Prkag3","GSM2545350",18
"Gm29539","GSM2545350",1
"Wnt10a","GSM2545350",12
"Ihh","GSM2545350",6
"Slc23a3","GSM2545350",3
"Zfand2b","GSM2545350",449
"Ankzf1","GSM2545350",1135
"Glb1l","GSM2545350",372
"Ptprn","GSM2545350",6633
"Des","GSM2545350",97
"Asic4","GSM2545350",103
"Chpf","GSM2545350",2739
"Obsl1","GSM2545350",895
"Stk11ip","GSM2545350",1218
"Slc4a3","GSM2545350",4227
"Epha4","GSM2545350",1574
"Pax3","GSM2545350",429
"Mogat1","GSM2545350",5
"Kcne4","GSM2545350",62
"Gm5830","GSM2545350",13
"Scg2","GSM2545350",9195
"Mrpl44","GSM2545350",922
"Gm5529","GSM2545350",22
"Fam124b","GSM2545350",8
"Cul3","GSM2545350",9971
"Nyap2","GSM2545350",1818
"Rhbdd1","GSM2545350",604
"Col4a4","GSM2545350",85
"Col4a3","GSM2545350",60
"Mff","GSM2545350",8449
"Daw1","GSM2545350",41
"Trip12","GSM2545350",10151
"Fbxo36","GSM2545350",90
"Slc16a14","GSM2545350",277
"Gm15433","GSM2545350",1
"Rpl19-ps1","GSM2545350",4
"Sp110","GSM2545350",56
"Sp140","GSM2545350",29
"Sp100","GSM2545350",240
"Cab39","GSM2545350",10569
"Gpr55","GSM2545350",3
"Spata3","GSM2545350",15
"Htr2b","GSM2545350",3
"Armc9","GSM2545350",871
"B3gnt7","GSM2545350",11
"Snora75","GSM2545350",5
"Nmur1","GSM2545350",33
"Dis3l2","GSM2545350",975
"Gm6136","GSM2545350",22
"Ecel1","GSM2545350",37
"Prss56","GSM2545350",2
"Kcnj13","GSM2545350",362
"Inpp5d","GSM2545350",233
"Scarna6","GSM2545350",2
"Sag","GSM2545350",10
"Dgkd","GSM2545350",13182
"Gm19582","GSM2545350",83
"Usp40","GSM2545350",1532
"Ugt1a7c","GSM2545350",9
"Dnajb3","GSM2545350",28
"Mroh2a","GSM2545350",22
"Spp2","GSM2545350",9
"Gm29538","GSM2545350",8
"Glrp1","GSM2545350",1
"Sh3bp4","GSM2545350",608
"Gbx2","GSM2545350",1
"Iqca","GSM2545350",41
"Ackr3","GSM2545350",311
"Col6a3","GSM2545350",84
"Rab17","GSM2545350",2
"Ube2f","GSM2545350",1693
"Klhl30","GSM2545350",5
"Twist2","GSM2545350",3
"Hdac4","GSM2545350",2832
"Ndufa10","GSM2545350",5263
"Mir149","GSM2545350",0
"Ankmy1","GSM2545350",29
"Rnpepl1","GSM2545350",1420
"Capn10","GSM2545350",1220
"Gpr35","GSM2545350",57
"Pask","GSM2545350",253
"Hdlbp","GSM2545350",11164
"Farp2","GSM2545350",446
"Stk25","GSM2545350",6579
"Thap4","GSM2545350",562
"D2hgdh","GSM2545350",523
"Pdcd1","GSM2545350",1
"Gm7895","GSM2545350",17
"Fam174a","GSM2545350",1759
"Slco4c1","GSM2545350",17
"Panct2","GSM2545350",23
"Gm6430","GSM2545350",2
"Gin1","GSM2545350",441
"Pam","GSM2545350",2278
"Cntnap5b","GSM2545350",1691
"Cdh20","GSM2545350",1478
"Pign","GSM2545350",1004
"Gm10193","GSM2545350",4
"Tnfrsf11a","GSM2545350",94
"Gm7160","GSM2545350",16
"Gm20753","GSM2545350",3
"Bcl2","GSM2545350",1085
"Vps4b","GSM2545350",2489
"Serpinb5","GSM2545350",4
"Serpinb10","GSM2545350",1
"Gm8141","GSM2545350",8
"Cdh7","GSM2545350",2655
"Cdh19","GSM2545350",805
"Gm8173","GSM2545350",3
"Dsel","GSM2545350",414
"Gm6028","GSM2545350",4
"Nifk","GSM2545350",983
"Clasp1","GSM2545350",4743
"Inhbb","GSM2545350",397
"Gm3551","GSM2545350",2
"Gm28209","GSM2545350",3
"Cfap221","GSM2545350",14
"Sctr","GSM2545350",12
"Tmem37","GSM2545350",21
"En1","GSM2545350",267
"Insig2","GSM2545350",2804
"Ccdc93","GSM2545350",1768
"Htr5b","GSM2545350",15
"Ddx18","GSM2545350",974
"Actr3","GSM2545350",7513
"Slc35f5","GSM2545350",743
"Gpr39","GSM2545350",2
"Mgat5","GSM2545350",5168
"Gm8451","GSM2545350",32
"Tmem163","GSM2545350",2546
"Acmsd","GSM2545350",3
"Zranb3","GSM2545350",225
"Gm28800","GSM2545350",3
"Rpl28-ps1","GSM2545350",22
"Mir128-1","GSM2545350",0
"Lct","GSM2545350",8
"Gm6170","GSM2545350",24
"Thsd7b","GSM2545350",39
"Gm29428","GSM2545350",1
"Cd55","GSM2545350",275
"Gm16083","GSM2545350",21
"C4bp-ps1","GSM2545350",13
"Yod1","GSM2545350",816
"Fcamr","GSM2545350",5
"Dyrk3","GSM2545350",207
"Ikbke","GSM2545350",64
"Srgap2","GSM2545350",11932
"Slc26a9","GSM2545350",2
"Pm20d1","GSM2545350",230
"Rab29","GSM2545350",166
"Cdk18","GSM2545350",747
"Gm29695","GSM2545350",174
"Lemd1","GSM2545350",8
"Gm7241","GSM2545350",2
"Klhdc8a","GSM2545350",782
"Lrrn2","GSM2545350",4262
"Gm29257","GSM2545350",2
"Gm28609","GSM2545350",5
"Plekha6","GSM2545350",5964
"Ren1","GSM2545350",3
"Sox13","GSM2545350",374
"Zbed6","GSM2545350",2893
"Lax1","GSM2545350",5
"Optc","GSM2545350",35
"Prelp","GSM2545350",1451
"Gm8618","GSM2545350",1
"Mybph","GSM2545350",19
"Myog","GSM2545350",2
"Ppfia4","GSM2545350",12536
"Tmem183a","GSM2545350",3507
"Kdm5b","GSM2545350",2881
"Ppp1r12b","GSM2545350",4592
"Ube2t","GSM2545350",85
"Ptprv","GSM2545350",5
"Timm17a","GSM2545350",1765
"Csrp1","GSM2545350",11168
"Tnni1","GSM2545350",124
"Lad1","GSM2545350",32
"Pkp1","GSM2545350",1
"Ascl5","GSM2545350",1
"Cacna1s","GSM2545350",53
"Gm15850","GSM2545350",1
"Kif21b","GSM2545350",1709
"Camsap2","GSM2545350",10607
"Kif14","GSM2545350",19
"Gm29485","GSM2545350",4
"Gm19705","GSM2545350",28
"Mif-ps1","GSM2545350",3
"Nr5a2","GSM2545350",2
"Ptprc","GSM2545350",117
"Lhx9","GSM2545350",353
"Dennd1b","GSM2545350",1094
"Crb1","GSM2545350",17
"Zbtb41","GSM2545350",2173
"Cfhr2","GSM2545350",6
"Gm5837","GSM2545350",1
"Kcnt2","GSM2545350",88
"Gm5835","GSM2545350",38
"Cdc73","GSM2545350",1268
"B3galt2","GSM2545350",1218
"Glrx2","GSM2545350",2523
"Rgs1","GSM2545350",1
"Gm7266","GSM2545350",7
"Rgs18","GSM2545350",6
"Brinp3","GSM2545350",1096
"Ptgs2os","GSM2545350",2
"Ptgs2","GSM2545350",189
"Tpr","GSM2545350",8029
"Swt1","GSM2545350",1008
"Mir7682","GSM2545350",2
"Rnf2","GSM2545350",1738
"Gm36527","GSM2545350",1
"Edem3","GSM2545350",4885
"Tsen15","GSM2545350",610
"Colgalt2","GSM2545350",137
"Rgl1","GSM2545350",1699
"Arpc5","GSM2545350",2513
"Ncf2","GSM2545350",106
"Nmnat2","GSM2545350",13518
"Lamc2","GSM2545350",70
"Dhx9","GSM2545350",9084
"Rgs16","GSM2545350",889
"Rgsl1","GSM2545350",17
"Zfp648","GSM2545350",0
"Gm9530","GSM2545350",15
"Stx6","GSM2545350",2093
"Xpr1","GSM2545350",5416
"Gm5532","GSM2545350",5
"Acbd6","GSM2545350",1120
"Lhx4","GSM2545350",0
"Cep350","GSM2545350",4906
"Fam163a","GSM2545350",80
"Tdrd5","GSM2545350",76
"Nphs2","GSM2545350",7
"Gm2000","GSM2545350",16
"Soat1","GSM2545350",901
"Abl2","GSM2545350",2766
"Fam20b","GSM2545350",4028
"Ralgps2","GSM2545350",2852
"Angptl1","GSM2545350",12
"Rasal2","GSM2545350",3471
"Brinp2","GSM2545350",1598
"Gm4953","GSM2545350",2
"Gm31256","GSM2545350",3
"Rabgap1l","GSM2545350",7244
"Gm6177","GSM2545350",1
"Rc3h1","GSM2545350",4323
"Serpinc1","GSM2545350",0
"Snord47","GSM2545350",21
"Dars2","GSM2545350",851
"Cenpl","GSM2545350",112
"Fasl","GSM2545350",11
"Dnm3","GSM2545350",14574
"Dnm3os","GSM2545350",11
"Prrc2c","GSM2545350",10403
"Fmo2","GSM2545350",378
"Mettl11b","GSM2545350",10
"BC055324","GSM2545350",144
"Sele","GSM2545350",10
"Selp","GSM2545350",6
"F5","GSM2545350",662
"Nme7","GSM2545350",469
"Atp1b1","GSM2545350",71866
"Gm26685","GSM2545350",3
"Dpt","GSM2545350",5
"Gm20743","GSM2545350",276
"Sft2d2","GSM2545350",1546
"Tiprl","GSM2545350",2105
"Rcsd1","GSM2545350",261
"Gm32999","GSM2545350",2
"Dusp27","GSM2545350",17
"Mael","GSM2545350",7
"Gm16418","GSM2545350",11
"Gm16701","GSM2545350",192
"Aldh9a1","GSM2545350",1832
"Mgst3","GSM2545350",1931
"Lrrc52","GSM2545350",3
"Rxrg","GSM2545350",31
"Lmx1a","GSM2545350",94
"Pbx1","GSM2545350",5321
"Asl","GSM2545351",937
"Apod","GSM2545351",29242
"Cyp2d22","GSM2545351",3678
"Klk6","GSM2545351",250
"Fcrls","GSM2545351",81
"Slc2a4","GSM2545351",715
"Exd2","GSM2545351",1491
"Gjc2","GSM2545351",237
"Plp1","GSM2545351",37654
"Gnb4","GSM2545351",1010
"Tnc","GSM2545351",268
"Trf","GSM2545351",9036
"Tubb2b","GSM2545351",2217
"Fads1","GSM2545351",6109
"Lxn","GSM2545351",1543
"Prr18","GSM2545351",1066
"Cmtm5","GSM2545351",1119
"Enpp1","GSM2545351",392
"Clic4","GSM2545351",5280
"Tm6sf2","GSM2545351",20
"Slc20a2","GSM2545351",7072
"Itih3","GSM2545351",5810
"Ptn","GSM2545351",4724
"Prodh","GSM2545351",2088
"Msantd1","GSM2545351",97
"Ugt8a","GSM2545351",1069
"Fbln5","GSM2545351",1289
"Trp53inp2","GSM2545351",8162
"Slc7a3","GSM2545351",195
"Dnase1l2","GSM2545351",166
"Icosl","GSM2545351",938
"Rmnd1","GSM2545351",763
"Tssk5","GSM2545351",284
"Pycr1","GSM2545351",14
"Pla2g3","GSM2545351",441
"Vmn2r1","GSM2545351",100
"Gm29797","GSM2545351",34
"Phyhd1","GSM2545351",1593
"Gpr146","GSM2545351",1456
"Mag","GSM2545351",4363
"Tufm","GSM2545351",1393
"Igdcc4","GSM2545351",2060
"Gm10654","GSM2545351",384
"Ncmap","GSM2545351",138
"Etv4","GSM2545351",230
"Fabp7","GSM2545351",212
"Cpsf4l","GSM2545351",29
"Hexa","GSM2545351",1010
"Mfge8","GSM2545351",1189
"Ccdc136","GSM2545351",5185
"Glul","GSM2545351",75277
"Hopx","GSM2545351",3574
"Pigq","GSM2545351",3201
"Vps11","GSM2545351",3943
"Proca1","GSM2545351",165
"Fbxl22","GSM2545351",47
"Sfxn5","GSM2545351",7809
"Hexim2","GSM2545351",691
"Agt","GSM2545351",6384
"Rlbp1","GSM2545351",212
"Jam2","GSM2545351",2747
"Lcat","GSM2545351",1315
"Oxct1","GSM2545351",10873
"Cacna1e","GSM2545351",5702
"Fa2h","GSM2545351",1249
"Plxnb3","GSM2545351",757
"Lman2l","GSM2545351",889
"Dpy19l1","GSM2545351",1853
"Kctd21","GSM2545351",534
"Thra","GSM2545351",14693
"Dok3","GSM2545351",60
"Sult1a1","GSM2545351",1456
"Rpe","GSM2545351",805
"Acrbp","GSM2545351",234
"Slc2a9","GSM2545351",186
"Emp2","GSM2545351",993
"Aipl1","GSM2545351",76
"Uri1","GSM2545351",2606
"Bcs1l","GSM2545351",295
"Rbm3","GSM2545351",9572
"Tra2a","GSM2545351",3314
"Prex1","GSM2545351",3663
"Josd2","GSM2545351",976
"Tmco3","GSM2545351",1203
"Srebf1","GSM2545351",3535
"Acer2","GSM2545351",613
"Tsga10","GSM2545351",202
"Cyp3a13","GSM2545351",208
"Relt","GSM2545351",937
"Nrep","GSM2545351",24094
"Slc14a1","GSM2545351",1299
"Pnpla2","GSM2545351",1896
"Map6d1","GSM2545351",1529
"Ier5","GSM2545351",1026
"Bfsp2","GSM2545351",52
"Idi1","GSM2545351",454
"Kat2b","GSM2545351",7514
"Rmdn3","GSM2545351",3816
"Eif4b","GSM2545351",11046
"Grm4","GSM2545351",9418
"Pink1","GSM2545351",23685
"Mettl16","GSM2545351",722
"Fam193b","GSM2545351",2095
"Rtca","GSM2545351",1797
"Fgfbp1","GSM2545351",159
"Pigs","GSM2545351",2059
"Cfp","GSM2545351",447
"Desi1","GSM2545351",4873
"Gbp4","GSM2545351",769
"Nid1","GSM2545351",764
"Armcx5","GSM2545351",1114
"Cryab","GSM2545351",2163
"Prss53","GSM2545351",92
"Car4","GSM2545351",3022
"Gm6277","GSM2545351",116
"Amt","GSM2545351",762
"Zc3h6","GSM2545351",2078
"Aqp4","GSM2545351",14543
"Tmem198b","GSM2545351",605
"Abi3bp","GSM2545351",834
"Xpa","GSM2545351",544
"Aldh6a1","GSM2545351",5581
"Adam1a","GSM2545351",388
"Dynlt1a","GSM2545351",328
"Gatm","GSM2545351",3399
"H2-Q4","GSM2545351",408
"Nras","GSM2545351",1346
"Pla2g4e","GSM2545351",911
"Lpar1","GSM2545351",1408
"Il12rb1","GSM2545351",119
"Enpp6","GSM2545351",358
"Ermn","GSM2545351",2480
"Marcksl1","GSM2545351",767
"Ubqln4","GSM2545351",2642
"Glt8d1","GSM2545351",1044
"Ddx25","GSM2545351",1718
"Gpr17","GSM2545351",434
"Cat","GSM2545351",1938
"Wwox","GSM2545351",1137
"Phkg1","GSM2545351",505
"Ppp1r3f","GSM2545351",1320
"Mrpl35","GSM2545351",979
"Nudt9","GSM2545351",1863
"Lypd6","GSM2545351",1843
"Spice1","GSM2545351",471
"Tuba8","GSM2545351",903
"Spon1","GSM2545351",5327
"Nfya","GSM2545351",779
"Sc5d","GSM2545351",3215
"Aldh18a1","GSM2545351",682
"Ebp","GSM2545351",701
"Srr","GSM2545351",2109
"Gm14827","GSM2545351",185
"Gm31135","GSM2545351",24
"Adam17","GSM2545351",907
"Slc39a2","GSM2545351",457
"Snn","GSM2545351",6238
"Hnrnpc","GSM2545351",6961
"Srbd1","GSM2545351",338
"Ptp4a1","GSM2545351",1283
"Tppp","GSM2545351",8011
"Stac3","GSM2545351",103
"Emid1","GSM2545351",222
"Cotl1","GSM2545351",4390
"Ovgp1","GSM2545351",1150
"Ssx2ip","GSM2545351",3876
"Hsd3b7","GSM2545351",535
"Kazald1","GSM2545351",289
"Omd","GSM2545351",402
"Bcas1","GSM2545351",4665
"Gm9925","GSM2545351",595
"Dleu2","GSM2545351",257
"Chil3","GSM2545351",159
"Deaf1","GSM2545351",2902
"Dusp19","GSM2545351",180
"Gkn3","GSM2545351",20
"Pllp","GSM2545351",1016
"Sox2ot","GSM2545351",542
"Ntf3","GSM2545351",124
"Lum","GSM2545351",156
"Gm20751","GSM2545351",218
"Thnsl2","GSM2545351",223
"Slc2a4rg-ps","GSM2545351",261
"Agpat5","GSM2545351",3016
"Mdk","GSM2545351",651
"Penk","GSM2545351",4133
"Cirbp","GSM2545351",6158
"Aloxe3","GSM2545351",609
"Nudt5","GSM2545351",384
"Serpinb1a","GSM2545351",271
"Mt1","GSM2545351",12943
"Fgfr3","GSM2545351",5465
"Myo1d","GSM2545351",558
"Cd99l2","GSM2545351",2963
"C2cd2","GSM2545351",723
"Brsk2","GSM2545351",7712
"Mrrf","GSM2545351",439
"Snhg4","GSM2545351",330
"Hmgcs1","GSM2545351",5210
"Stk17b","GSM2545351",3791
"Cyp51","GSM2545351",1802
"Gria4","GSM2545351",19490
"Ttyh1","GSM2545351",31016
"Slc13a1","GSM2545351",57
"Phf7","GSM2545351",318
"Get4","GSM2545351",1565
"Gstm1","GSM2545351",10754
"Fbxo31","GSM2545351",3475
"Padi2","GSM2545351",827
"Gnmt","GSM2545351",254
"Paip2b","GSM2545351",4557
"Slc17a9","GSM2545351",62
"Vopp1","GSM2545351",1430
"Ogdhl","GSM2545351",4975
"Dcaf12","GSM2545351",2203
"Rorc","GSM2545351",1506
"Cp","GSM2545351",2097
"Jade2","GSM2545351",3138
"Nbl1","GSM2545351",4673
"Hsph1","GSM2545351",3443
"Serf2","GSM2545351",2947
"Rasgef1a","GSM2545351",4751
"Prrg1","GSM2545351",333
"Etnppl","GSM2545351",8020
"Cyp4f15","GSM2545351",244
"Ankrd29","GSM2545351",971
"Gm27252","GSM2545351",148
"Kctd2","GSM2545351",4023
"Iigp1","GSM2545351",263
"Ak4","GSM2545351",3560
"Idh2","GSM2545351",1886
"Camkk1","GSM2545351",3312
"Rftn2","GSM2545351",1029
"Igtp","GSM2545351",359
"Bche","GSM2545351",355
"Marcks","GSM2545351",5491
"Pabpc4","GSM2545351",638
"Pmp22","GSM2545351",1191
"Car14","GSM2545351",1408
"Serpinh1","GSM2545351",751
"Ppp1r13b","GSM2545351",3621
"Tfrc","GSM2545351",9561
"Smox","GSM2545351",2833
"Tjap1","GSM2545351",589
"Msmo1","GSM2545351",1647
"Slc26a8","GSM2545351",165
"Eml3","GSM2545351",1597
"Csf2ra","GSM2545351",297
"Rnf141","GSM2545351",2791
"Slc25a16","GSM2545351",1945
"Echdc1","GSM2545351",1139
"Eid2b","GSM2545351",1100
"Piga","GSM2545351",419
"Ccdc149","GSM2545351",1400
"Car15","GSM2545351",403
"Eny2","GSM2545351",3556
"Mroh1","GSM2545351",5085
"Pcyox1l","GSM2545351",563
"Ankrd39","GSM2545351",586
"Timeless","GSM2545351",510
"Sparc","GSM2545351",57409
"Slc7a10","GSM2545351",1283
"Ppp1r2","GSM2545351",5330
"Psmf1","GSM2545351",1474
"Adat1","GSM2545351",215
"Slc6a12","GSM2545351",384
"Snhg3","GSM2545351",365
"Prg4","GSM2545351",1346
"Plod1","GSM2545351",762
"Whamm","GSM2545351",1369
"Ttpa","GSM2545351",401
"Thbs3","GSM2545351",374
"Gltp","GSM2545351",1213
"Pex6","GSM2545351",1343
"Aim2","GSM2545351",262
"Ednrb","GSM2545351",4935
"Nuf2","GSM2545351",81
"Mog","GSM2545351",1894
"Ccl27a","GSM2545351",1353
"Tac4","GSM2545351",33
"Snhg8","GSM2545351",535
"Ak6","GSM2545351",226
"Kctd20","GSM2545351",2552
"Itgb4","GSM2545351",515
"Zfp810","GSM2545351",948
"Gm33489","GSM2545351",78
"Gna12","GSM2545351",1456
"Cyp4v3","GSM2545351",861
"Pkp4","GSM2545351",10139
"Agpat1","GSM2545351",2150
"Gipr","GSM2545351",79
"Edn3","GSM2545351",203
"Prr15","GSM2545351",107
"Traf1","GSM2545351",135
"Pim2","GSM2545351",1097
"Lrrc8a","GSM2545351",4710
"Erp44","GSM2545351",1563
"Tmem33","GSM2545351",4949
"Fen1","GSM2545351",771
"Tfap4","GSM2545351",466
"Lman2","GSM2545351",2849
"Senp8","GSM2545351",234
"Alg14","GSM2545351",651
"Ddah1","GSM2545351",3904
"Pomt1","GSM2545351",460
"Rab3b","GSM2545351",786
"Lrrc29","GSM2545351",121
"Nqo1","GSM2545351",584
"Gpr137b","GSM2545351",430
"Pcif1","GSM2545351",2824
"Qdpr","GSM2545351",3906
"Dcdc2b","GSM2545351",200
"Rap2a","GSM2545351",2168
"Cnpy4","GSM2545351",386
"Wdr41","GSM2545351",1305
"Gm20627","GSM2545351",9
"Mmaa","GSM2545351",1251
"Gm13562","GSM2545351",9
"Cd70","GSM2545351",15
"Itm2a","GSM2545351",1498
"Avil","GSM2545351",40
"Zscan22","GSM2545351",433
"Itgb3","GSM2545351",69
"Col11a2","GSM2545351",366
"Apoc1","GSM2545351",187
"Tmeff2","GSM2545351",1970
"Tyro3","GSM2545351",5051
"Ift22","GSM2545351",870
"Mtmr7","GSM2545351",3176
"Gabrr2","GSM2545351",115
"Ube2v2","GSM2545351",1769
"C77080","GSM2545351",1633
"Elovl5","GSM2545351",3692
"Serinc5","GSM2545351",2259
"Pyroxd2","GSM2545351",134
"Ypel2","GSM2545351",1678
"Parp3","GSM2545351",514
"Xpo1","GSM2545351",4334
"Polr2a","GSM2545351",7620
"Tspyl4","GSM2545351",23385
"Irgm1","GSM2545351",670
"Cep131","GSM2545351",1197
"Sema4d","GSM2545351",3160
"Gbp6","GSM2545351",355
"Zfp119b","GSM2545351",284
"Eps15","GSM2545351",11429
"Pxmp2","GSM2545351",312
"Tomm40l","GSM2545351",1443
"Atat1","GSM2545351",1055
"Chrac1","GSM2545351",489
"Mrpl24","GSM2545351",1247
"Ipo9","GSM2545351",9373
"Actg1","GSM2545351",6852
"Noxred1","GSM2545351",33
"Gm20501","GSM2545351",232
"H2-K1","GSM2545351",1531
"Lig1","GSM2545351",768
"Morn2","GSM2545351",180
"Dcakd","GSM2545351",848
"Nop14","GSM2545351",1321
"Bbs1","GSM2545351",1227
"Tada2b","GSM2545351",1620
"Gal3st1","GSM2545351",156
"Xpc","GSM2545351",1121
"Irf2bp2","GSM2545351",2537
"Spns2","GSM2545351",2520
"Pole","GSM2545351",170
"Fam78b","GSM2545351",1557
"Ggcx","GSM2545351",662
"Anks1","GSM2545351",1949
"Pgm2","GSM2545351",4534
"Zgrf1","GSM2545351",628
"Alkbh3","GSM2545351",630
"Dnd1","GSM2545351",39
"Lime1","GSM2545351",1608
"Trim23","GSM2545351",5047
"Abhd14a","GSM2545351",420
"Zkscan3","GSM2545351",1661
"Fam131b","GSM2545351",10245
"Elovl1","GSM2545351",588
"Trim72","GSM2545351",83
"Klhdc9","GSM2545351",202
"Iqck","GSM2545351",176
"Smim14","GSM2545351",6886
"Kcnab3","GSM2545351",2090
"Ing5","GSM2545351",684
"Cnnm3","GSM2545351",2903
"Fn3k","GSM2545351",774
"Cnp","GSM2545351",11538
"Uros","GSM2545351",561
"Eml1","GSM2545351",2423
"Lgals3","GSM2545351",119
"Gjb1","GSM2545351",518
"Dynll1","GSM2545351",1974
"Cyp2j12","GSM2545351",96
"Crip3","GSM2545351",12
"Sbk1","GSM2545351",19831
"Camkk2","GSM2545351",9184
"Setd7","GSM2545351",12495
"Btf3l4","GSM2545351",2449
"Acbd4","GSM2545351",1602
"Gm16835","GSM2545351",275
"Gpr37","GSM2545351",1646
"Prr5l","GSM2545351",480
"Slain1","GSM2545351",1773
"Calr","GSM2545351",7977
"Bst1","GSM2545351",42
"Fmnl3","GSM2545351",506
"Gpr89","GSM2545351",459
"Zranb1","GSM2545351",8223
"Col27a1","GSM2545351",503
"Emc8","GSM2545351",3784
"Ormdl3","GSM2545351",3620
"Capg","GSM2545351",152
"Zbtb21","GSM2545351",844
"Sord","GSM2545351",953
"Tsc22d1","GSM2545351",9183
"Gpld1","GSM2545351",3670
"Cdh4","GSM2545351",634
"Hkdc1","GSM2545351",152
"Ggact","GSM2545351",1666
"Zfp493","GSM2545351",121
"Mkks","GSM2545351",1173
"Gm15423","GSM2545351",149
"Npas2","GSM2545351",300
"Plin4","GSM2545351",1770
"Rragc","GSM2545351",3302
"Nsun3","GSM2545351",800
"Hgsnat","GSM2545351",3347
"Acr","GSM2545351",136
"Ccdc167","GSM2545351",1010
"Thap1","GSM2545351",326
"Egfl8","GSM2545351",70
"Vps33a","GSM2545351",5057
"Igbp1","GSM2545351",1558
"Tbx6","GSM2545351",47
"Dcst2","GSM2545351",51
"Rbm28","GSM2545351",1594
"Pms1","GSM2545351",532
"Rtcb","GSM2545351",4524
"Smad9","GSM2545351",2268
"Ubxn2b","GSM2545351",649
"Rnf170","GSM2545351",2113
"Pithd1","GSM2545351",2619
"Steap3","GSM2545351",81
"Tomm20","GSM2545351",10905
"Klf15","GSM2545351",2337
"Amz2","GSM2545351",1498
"Folh1","GSM2545351",850
"Ubfd1","GSM2545351",2576
"Gpx3","GSM2545351",1042
"C4b","GSM2545351",1051
"Mdfi","GSM2545351",324
"Nucb2","GSM2545351",386
"Clip4","GSM2545351",2017
"Tipin","GSM2545351",881
"Amy1","GSM2545351",1333
"Efhd1","GSM2545351",1363
"Smim15","GSM2545351",1792
"Zfp658","GSM2545351",644
"E2f6","GSM2545351",1640
"Lix1","GSM2545351",362
"Coq4","GSM2545351",256
"Otoa","GSM2545351",81
"Mex3a","GSM2545351",126
"Tmem132c","GSM2545351",1518
"Dclk1","GSM2545351",14109
"Eml2","GSM2545351",5011
"Glyr1","GSM2545351",8856
"Gm1976","GSM2545351",535
"Smyd3","GSM2545351",1609
"Dcaf8","GSM2545351",8355
"Lias","GSM2545351",1323
"Msn","GSM2545351",2519
"Timmdc1","GSM2545351",452
"H2-Q6","GSM2545351",108
"Asic3","GSM2545351",96
"Col5a3","GSM2545351",495
"Stx3","GSM2545351",3484
"AW046200","GSM2545351",67
"Hsf1","GSM2545351",1093
"Colq","GSM2545351",103
"Rcor3","GSM2545351",1533
"Slc6a20a","GSM2545351",1486
"Prps1","GSM2545351",2635
"Keap1","GSM2545351",2484
"Tap2","GSM2545351",549
"Slc16a7","GSM2545351",1098
"Eif2b3","GSM2545351",725
"Flywch1","GSM2545351",14401
"Amigo2","GSM2545351",1169
"Hspd1","GSM2545351",6719
"Sost","GSM2545351",20
"Gm8615","GSM2545351",14
"Kcnk13","GSM2545351",113
"Tspyl2","GSM2545351",6115
"Spsb3","GSM2545351",2864
"Gm8493","GSM2545351",12
"Fgf22","GSM2545351",111
"Slc6a6","GSM2545351",7039
"Xist","GSM2545351",44090
"Ddx3y","GSM2545351",1
"Eif2s3y","GSM2545351",2
"Kdm5d","GSM2545351",0
"Uty","GSM2545351",0
"Eif2s3x","GSM2545351",2527
"Kdm6a","GSM2545351",3310
"Casp12","GSM2545351",359
"Ddx3x","GSM2545351",27617
"Prl2c3","GSM2545351",80
"Casp1","GSM2545351",95
"Pbdc1","GSM2545351",442
"Kdm5c","GSM2545351",4586
"Ctxn2","GSM2545351",153
"Ldoc1","GSM2545351",334
"Gpr179","GSM2545351",76
"Pou4f1","GSM2545351",35
"Tmprss3","GSM2545351",72
"Prl2c2","GSM2545351",10
"Slc35b1","GSM2545351",1537
"Myoc","GSM2545351",364
"Cartpt","GSM2545351",18
"Tchh","GSM2545351",103
"H2-Q2","GSM2545351",44
"Ascl1","GSM2545351",132
"Crhr1","GSM2545351",2235
"Gm4017","GSM2545351",8
"Impg1","GSM2545351",64
"Rxfp3","GSM2545351",31
"AI504432","GSM2545351",1136
"Mpo","GSM2545351",14
"Oxtr","GSM2545351",46
"Usp2","GSM2545351",4491
"Lor","GSM2545351",21
"Srrm4","GSM2545351",3460
"Slc35g1","GSM2545351",247
"Tceal6","GSM2545351",1321
"Dach2","GSM2545351",105
"Lgr6","GSM2545351",302
"Kcna4","GSM2545351",285
"Zfyve28","GSM2545351",3432
"Hps4","GSM2545351",592
"Ucp3","GSM2545351",149
"Mettl17","GSM2545351",726
"Atg9b","GSM2545351",93
"Usp3","GSM2545351",4563
"Acta2","GSM2545351",223
"Wdr24","GSM2545351",590
"Zw10","GSM2545351",1436
"Ubtd2","GSM2545351",2712
"Slc6a4","GSM2545351",28
"Cog1","GSM2545351",1771
"S100a9","GSM2545351",231
"Nadk","GSM2545351",2228
"Col6a1","GSM2545351",756
"Susd2","GSM2545351",235
"Fam53b","GSM2545351",2315
"Npas1","GSM2545351",35
"Rhbdf1","GSM2545351",523
"Cacnb1","GSM2545351",934
"Zfp579","GSM2545351",706
"Dtx4","GSM2545351",1111
"Chrm3","GSM2545351",184
"Plcl2","GSM2545351",1577
"Ptprj","GSM2545351",3889
"Cyhr1","GSM2545351",5348
"Stx5a","GSM2545351",2345
"Smim8","GSM2545351",460
"Pappa2","GSM2545351",9
"Stbd1","GSM2545351",32
"Rln3","GSM2545351",76
"Ldlr","GSM2545351",1248
"Bmp2","GSM2545351",55
"Itga10","GSM2545351",290
"Unc45a","GSM2545351",1417
"Hap1","GSM2545351",3769
"Gm35339","GSM2545351",222
"Serpinb8","GSM2545351",116
"Tmem200c","GSM2545351",236
"Ngb","GSM2545351",157
"Myh11","GSM2545351",242
"Ass1","GSM2545351",777
"Ccdc28b","GSM2545351",1869
"Vsx2","GSM2545351",34
"Klhl1","GSM2545351",304
"Slit1","GSM2545351",305
"Rbm10","GSM2545351",2415
"Sgk1","GSM2545351",8053
"Zbtb24","GSM2545351",725
"Kif5a","GSM2545351",36713
"Alox8","GSM2545351",144
"Rgcc","GSM2545351",280
"Olfr1033","GSM2545351",79
"Lrrn4","GSM2545351",21
"Trim59","GSM2545351",646
"Pnma2","GSM2545351",411
"Arc","GSM2545351",674
"Lypd6b","GSM2545351",184
"Prkar2b","GSM2545351",781
"Gabrd","GSM2545351",5327
"Sh3gl1","GSM2545351",1498
"Rab9b","GSM2545351",1160
"Slc9a2","GSM2545351",275
"Gata3","GSM2545351",34
"Rnd3","GSM2545351",586
"Tdgf1","GSM2545351",300
"Tph2","GSM2545351",83
"Gprc5c","GSM2545351",2422
"Syt16","GSM2545351",231
"Cdyl","GSM2545351",532
"St8sia2","GSM2545351",115
"Usp19","GSM2545351",5681
"Foxj2","GSM2545351",2408
"Wdfy2","GSM2545351",1795
"Fibcd1","GSM2545351",129
"Hs3st4","GSM2545351",211
"Rab27b","GSM2545351",523
"Gm4988","GSM2545351",201
"Hebp1","GSM2545351",173
"Mrgpre","GSM2545351",173
"Slc22a4","GSM2545351",2389
"Txndc11","GSM2545351",1447
"Pgr15l","GSM2545351",38
"Evpl","GSM2545351",87
"Pax7","GSM2545351",42
"Trim65","GSM2545351",163
"Gm33533","GSM2545351",16
"Otof","GSM2545351",117
"Alk","GSM2545351",57
"Acap3","GSM2545351",3385
"Erdr1","GSM2545351",666
"Kcnq5","GSM2545351",199
"Msln","GSM2545351",102
"Tbc1d20","GSM2545351",1389
"Slc16a10","GSM2545351",277
"Errfi1","GSM2545351",2474
"Nr2e1","GSM2545351",6
"Gpr149","GSM2545351",29
"Plcxd1","GSM2545351",236
"Lrch3","GSM2545351",4313
"Morc2b","GSM2545351",97
"Elfn1","GSM2545351",128
"Rnf180","GSM2545351",357
"Pcdhb8","GSM2545351",182
"Creg2","GSM2545351",650
"Erich3","GSM2545351",769
"Rpp25","GSM2545351",198
"Fgfr1","GSM2545351",7008
"Sfrp2","GSM2545351",41
"Rprm","GSM2545351",83
"Tmem120b","GSM2545351",543
"Tpra1","GSM2545351",1567
"Igsf9","GSM2545351",30
"Jakmip1","GSM2545351",946
"Hsf4","GSM2545351",244
"Pcbd1","GSM2545351",169
"Rasgrf2","GSM2545351",1017
"Dgkk","GSM2545351",141
"Paxip1","GSM2545351",1850
"Smtn","GSM2545351",238
"Cmpk2","GSM2545351",785
"Drd4","GSM2545351",28
"Samd11","GSM2545351",32
"Magel2","GSM2545351",99
"Csrnp3","GSM2545351",2029
"Zfp941","GSM2545351",881
"Lrrc1","GSM2545351",725
"Tmie","GSM2545351",334
"Pcdh8","GSM2545351",185
"Glra2","GSM2545351",287
"Gpatch8","GSM2545351",5527
"Slc6a16","GSM2545351",21
"Grm7","GSM2545351",891
"Ybx3","GSM2545351",1604
"Tenm3","GSM2545351",940
"Npffr1","GSM2545351",13
"Slc39a11","GSM2545351",434
"Otp","GSM2545351",43
"Hoga1","GSM2545351",86
"Egfl6","GSM2545351",23
"Plch2","GSM2545351",6338
"Pde11a","GSM2545351",129
"Zfp335","GSM2545351",1402
"Gpr61","GSM2545351",231
"Tox","GSM2545351",129
"Gabrr1","GSM2545351",16
"Jun","GSM2545351",2299
"Cox7b2","GSM2545351",35
"Mn1","GSM2545351",245
"Tmem130","GSM2545351",4498
"Dusp11","GSM2545351",6313
"Tmem91","GSM2545351",173
"Rbms2","GSM2545351",1053
"Inpp5j","GSM2545351",5621
"Vstm2a","GSM2545351",1307
"C1qtnf2","GSM2545351",46
"Ctns","GSM2545351",1032
"Smarcd2","GSM2545351",3326
"Dbpht2","GSM2545351",83
"Ltbp2","GSM2545351",1960
"Drd1","GSM2545351",23
"Dact2","GSM2545351",247
"E4f1","GSM2545351",1104
"Zfp598","GSM2545351",2391
"Zcchc12","GSM2545351",1483
"Zfp263","GSM2545351",1412
"Tspyl3","GSM2545351",707
"Arhgap10","GSM2545351",711
"Plxnb2","GSM2545351",5731
"Doc2a","GSM2545351",204
"Tmem29","GSM2545351",530
"Dpf2","GSM2545351",2579
"Foxl2os","GSM2545351",36
"Slc47a1","GSM2545351",392
"Nap1l5","GSM2545351",24902
"Mapk7","GSM2545351",1131
"Grem2","GSM2545351",255
"Pcdh10","GSM2545351",2110
"Nol3","GSM2545351",293
"Gpr83","GSM2545351",108
"Nrsn2","GSM2545351",2892
"Prss16","GSM2545351",28
"Pcdh18","GSM2545351",143
"Emx2","GSM2545351",15
"Ccdc81","GSM2545351",82
"Rwdd2a","GSM2545351",427
"Mpped1","GSM2545351",330
"Galnt7","GSM2545351",2043
"S100a8","GSM2545351",167
"Mau2","GSM2545351",5027
"Ptpn23","GSM2545351",2410
"Sstr1","GSM2545351",184
"Wdfy4","GSM2545351",48
"Anxa3","GSM2545351",633
"C3","GSM2545351",67
"Tead4","GSM2545351",247
"Clvs2","GSM2545351",414
"Gaa","GSM2545351",8171
"Zfp219","GSM2545351",4662
"Bves","GSM2545351",18
"Tmem161a","GSM2545351",896
"Unc5d","GSM2545351",887
"Cd180","GSM2545351",51
"Scml4","GSM2545351",51
"Stk38","GSM2545351",2283
"Sox17","GSM2545351",201
"Srsf9","GSM2545351",1413
"Herpud1","GSM2545351",3060
"Hmbs","GSM2545351",486
"Gm2824","GSM2545351",97
"Mir1901","GSM2545351",37
"Adamts19","GSM2545351",16
"Zfp36l1","GSM2545351",1468
"Impact","GSM2545351",9330
"Trmt6","GSM2545351",1762
"Plekhm1","GSM2545351",1510
"Basp1","GSM2545351",1781
"Grid1","GSM2545351",1171
"Zdbf2","GSM2545351",665
"Tal1","GSM2545351",109
"Raf1","GSM2545351",4008
"Pgpep1l","GSM2545351",31
"Fzd4","GSM2545351",1112
"Tfdp1","GSM2545351",1766
"Pdzrn4","GSM2545351",113
"Ier3","GSM2545351",566
"Mir378a","GSM2545351",6
"Magee2","GSM2545351",99
"Plekhg2","GSM2545351",247
"Boc","GSM2545351",3802
"Ddx39b","GSM2545351",5657
"H2-T24","GSM2545351",113
"Insm1","GSM2545351",42
"Vstm5","GSM2545351",125
"Kctd4","GSM2545351",151
"Oprm1","GSM2545351",176
"Zfand6","GSM2545351",2647
"Cx3cl1","GSM2545351",2644
"Tacr3","GSM2545351",81
"Gpr4","GSM2545351",139
"Ptgis","GSM2545351",140
"Ccdc28a","GSM2545351",470
"Ido2","GSM2545351",22
"Elfn2","GSM2545351",1180
"Ngp","GSM2545351",101
"Ptpro","GSM2545351",348
"Neto1","GSM2545351",307
"Col6a2","GSM2545351",544
"Fev","GSM2545351",8
"Mmab","GSM2545351",787
"Resp18","GSM2545351",1122
"Amn","GSM2545351",35
"Tmem132b","GSM2545351",759
"St6gal2","GSM2545351",245
"Tbc1d25","GSM2545351",683
"Pdcd2l","GSM2545351",610
"Acot3","GSM2545351",14
"Gm5468","GSM2545351",15
"Atg16l1","GSM2545351",2055
"Rpl14-ps1","GSM2545351",26
"Glra3","GSM2545351",272
"Plekhh3","GSM2545351",1684
"Pcdhga1","GSM2545351",209
"Gm9899","GSM2545351",1083
"Eps8l1","GSM2545351",383
"Serpina3g","GSM2545351",33
"Pcdh17","GSM2545351",1455
"Riok3","GSM2545351",4218
"Dcaf12l2","GSM2545351",14
"Ankrd6","GSM2545351",771
"Dhrs11","GSM2545351",515
"Zdhhc22","GSM2545351",308
"Hmgb3","GSM2545351",591
"Mid1","GSM2545351",299
"Celf3","GSM2545351",1675
"Akap5","GSM2545351",277
"Phlda3","GSM2545351",502
"Arfgap2","GSM2545351",3744
"Gabpb1","GSM2545351",1235
"Mybpc1","GSM2545351",2867
"Nfkbia","GSM2545351",1319
"Gabra3","GSM2545351",1239
"Gtpbp2","GSM2545351",2318
"Ptgdr","GSM2545351",27
"Myh15","GSM2545351",32
"Ciz1","GSM2545351",1463
"Tmem62","GSM2545351",2766
"Pan3","GSM2545351",5069
"Pld3","GSM2545351",3192
"Trim3","GSM2545351",6982
"Spata2l","GSM2545351",552
"Gm2223","GSM2545351",28
"Dnah1","GSM2545351",131
"Pnoc","GSM2545351",108
"Dzank1","GSM2545351",10060
"Safb2","GSM2545351",2787
"Rnf128","GSM2545351",1155
"Jpx","GSM2545351",396
"Il16","GSM2545351",6444
"Slc26a7","GSM2545351",456
"Rspo1","GSM2545351",38
"Hcfc2","GSM2545351",1709
"Gm35315","GSM2545351",93
"Tyrp1","GSM2545351",10
"Pank4","GSM2545351",1813
"Ngef","GSM2545351",671
"Llgl1","GSM2545351",2934
"Usp12","GSM2545351",2698
"Ppp2r2d","GSM2545351",2530
"Zfp677","GSM2545351",144
"Heyl","GSM2545351",161
"Sin3b","GSM2545351",2378
"Sidt1","GSM2545351",1897
"Spin2c","GSM2545351",151
"Wasf2","GSM2545351",1324
"Tmem14a","GSM2545351",626
"Cntnap5a","GSM2545351",639
"Ccm2l","GSM2545351",145
"Sema3e","GSM2545351",706
"Il18bp","GSM2545351",307
"Slc35f1","GSM2545351",1371
"Best1","GSM2545351",76
"Pde8b","GSM2545351",849
"Htr7","GSM2545351",124
"Cfap57","GSM2545351",22
"Sgsm1","GSM2545351",4494
"Scn3b","GSM2545351",554
"Mark3","GSM2545351",3517
"Acsl5","GSM2545351",685
"Qpct","GSM2545351",167
"Iqcc","GSM2545351",653
"Noc2l","GSM2545351",2128
"Slc25a27","GSM2545351",4413
"Kdm4b","GSM2545351",2984
"Pde1b","GSM2545351",1717
"Pcdha10","GSM2545351",50
"Gja5","GSM2545351",16
"Irs4","GSM2545351",81
"Mamdc4","GSM2545351",84
"Mthfd2l","GSM2545351",354
"Lrrtm1","GSM2545351",343
"Tacr1","GSM2545351",95
"Lmo3","GSM2545351",315
"Psg16","GSM2545351",957
"Abcc8","GSM2545351",2224
"Epc1","GSM2545351",2877
"Slc6a7","GSM2545351",598
"Col4a5","GSM2545351",338
"Gm8013","GSM2545351",10
"Clpx","GSM2545351",2175
"Dffb","GSM2545351",436
"Senp3","GSM2545351",2240
"Hhex","GSM2545351",44
"Per2","GSM2545351",2191
"Rnpep","GSM2545351",1192
"Ttll1","GSM2545351",720
"Ppp1r1c","GSM2545351",23
"Moxd1","GSM2545351",206
"Susd6","GSM2545351",4875
"Ighm","GSM2545351",182
"Fam131a","GSM2545351",3171
"Zfp92","GSM2545351",61
"Kirrel","GSM2545351",575
"Npsr1","GSM2545351",20
"Kcnj16","GSM2545351",1711
"Atg10","GSM2545351",287
"Vwc2l","GSM2545351",90
"Sox14","GSM2545351",28
"Zc3h3","GSM2545351",450
"Gak","GSM2545351",4669
"Tox2","GSM2545351",320
"Tenm2","GSM2545351",1010
"Begain","GSM2545351",1318
"Dsc3","GSM2545351",12
"Fbll1","GSM2545351",340
"Dnah7a","GSM2545351",14
"Gm3764","GSM2545351",4484
"Strip1","GSM2545351",3017
"Nmnat3","GSM2545351",62
"Lims2","GSM2545351",265
"Fam43b","GSM2545351",246
"Ccnl2","GSM2545351",7382
"Gm11627","GSM2545351",14
"Rabl2","GSM2545351",700
"Kcnj3","GSM2545351",4965
"Zfp36","GSM2545351",315
"Slc2a1","GSM2545351",5739
"Cnksr3","GSM2545351",2793
"AW551984","GSM2545351",584
"Hykk","GSM2545351",234
"Rnasel","GSM2545351",138
"Shc1","GSM2545351",541
"Ppp1r12c","GSM2545351",3592
"Syne4","GSM2545351",312
"Arrdc2","GSM2545351",1241
"Usp28","GSM2545351",2045
"Slfn4","GSM2545351",35
"Pomt2","GSM2545351",1303
"Gm10432","GSM2545351",135
"Cngb1","GSM2545351",31
"Dot1l","GSM2545351",6014
"Gmnn","GSM2545351",128
"Ccdc160","GSM2545351",55
"Ptpn5","GSM2545351",932
"Mal2","GSM2545351",446
"Arap3","GSM2545351",288
"Mib2","GSM2545351",2299
"Itgb1bp2","GSM2545351",53
"Stk32b","GSM2545351",75
"Dgkb","GSM2545351",1297
"Pcgf6","GSM2545351",1011
"Serinc2","GSM2545351",664
"Arhgef37","GSM2545351",852
"Ltf","GSM2545351",64
"Timp2","GSM2545351",5377
"Snora41","GSM2545351",29
"F3","GSM2545351",3147
"Tgfbi","GSM2545351",251
"Rab44","GSM2545351",10
"Lclat1","GSM2545351",960
"Arid5b","GSM2545351",1958
"Col25a1","GSM2545351",451
"Inpp5b","GSM2545351",2569
"Dhfr","GSM2545351",376
"Phkg2","GSM2545351",1938
"Bcl11a","GSM2545351",557
"Nr2f1","GSM2545351",1722
"Trhr","GSM2545351",65
"Msc","GSM2545351",10
"Mndal","GSM2545351",147
"Pou3f2","GSM2545351",749
"Gm9962","GSM2545351",25
"Atg16l2","GSM2545351",737
"Gm16425","GSM2545351",13
"Ap1m1","GSM2545351",1922
"Trpv3","GSM2545351",38
"Inpp5k","GSM2545351",2723
"D11Wsu47e","GSM2545351",202
"Fkbp1b","GSM2545351",265
"Syvn1","GSM2545351",1932
"Aldh3a2","GSM2545351",2941
"Dtd2","GSM2545351",320
"Pcdh19","GSM2545351",386
"Gm5526","GSM2545351",14
"Nsun5","GSM2545351",555
"Hrh2","GSM2545351",276
"Lmbr1l","GSM2545351",542
"Pkn1","GSM2545351",1248
"Nptx2","GSM2545351",98
"Ctxn1","GSM2545351",301
"Rp1","GSM2545351",3
"Gm7357","GSM2545351",3
"Mrpl15","GSM2545351",1192
"Lypla1","GSM2545351",2134
"Tcea1","GSM2545351",3644
"Gm6104","GSM2545351",4
"Atp6v1h","GSM2545351",4870
"Oprk1","GSM2545351",102
"Npbwr1","GSM2545351",7
"Rb1cc1","GSM2545351",6353
"Gm2147","GSM2545351",2
"Gm26901","GSM2545351",3
"Sntg1","GSM2545351",479
"Gm6187","GSM2545351",3
"Rrs1","GSM2545351",820
"Mcmdc2","GSM2545351",32
"Snhg6","GSM2545351",271
"Snord87","GSM2545351",0
"Tcf24","GSM2545351",11
"Ppp1r42","GSM2545351",21
"Arfgef1","GSM2545351",6017
"Cpa6","GSM2545351",2
"Ncoa2","GSM2545351",5129
"Tram1","GSM2545351",1863
"Gm5523","GSM2545351",1
"Eya1","GSM2545351",391
"Smt3h2-ps4","GSM2545351",2
"Trpa1","GSM2545351",3
"Gm10566","GSM2545351",4
"Terf1","GSM2545351",655
"Rdh10","GSM2545351",927
"Stau2","GSM2545351",3810
"Ly96","GSM2545351",39
"Jph1","GSM2545351",1302
"Gdap1","GSM2545351",5906
"Rbm6-ps1","GSM2545351",8
"Pi15","GSM2545351",37
"Gm28154","GSM2545351",18
"Gm16070","GSM2545351",9
"Gm15825","GSM2545351",4
"Tfap2d","GSM2545351",272
"Tfap2b","GSM2545351",2424
"Pkhd1","GSM2545351",1
"Mir133b","GSM2545351",3
"Il17f","GSM2545351",4
"Paqr8","GSM2545351",20199
"Tram2","GSM2545351",20
"Gm7658","GSM2545351",12
"Gm7761","GSM2545351",7
"Mir30c-2","GSM2545351",12
"Ogfrl1","GSM2545351",10456
"Smap1","GSM2545351",3438
"Fam135a","GSM2545351",3347
"Col19a1","GSM2545351",1300
"Lmbrd1","GSM2545351",10268
"Gm20172","GSM2545351",3
"Gm29214","GSM2545351",8
"Gm7846","GSM2545351",10
"Gm5525","GSM2545351",29
"Phf3","GSM2545351",4518
"Khdrbs2","GSM2545351",293
"Gm5415","GSM2545351",0
"Zfp451","GSM2545351",1409
"Gm15455","GSM2545351",4
"Bend6","GSM2545351",9056
"Ptpn18","GSM2545351",43
"Cfc1","GSM2545351",2
"Amer3","GSM2545351",2239
"Fam168b","GSM2545351",12705
"Gm33222","GSM2545351",11
"Kansl3","GSM2545351",3849
"Fer1l5","GSM2545351",3
"Cnnm4","GSM2545351",1183
"Sema4c","GSM2545351",1024
"Cox5b","GSM2545351",5599
"Zap70","GSM2545351",21
"Tmem131","GSM2545351",3555
"Cnga3","GSM2545351",1
"Unc50","GSM2545351",1470
"Lipt1","GSM2545351",97
"Mrpl30","GSM2545351",1201
"Lyg2","GSM2545351",7
"Txndc9","GSM2545351",1875
"Eif5b","GSM2545351",5488
"Gm16150","GSM2545351",22
"Gm16152","GSM2545351",1
"Pdcl3","GSM2545351",1221
"Rpl31","GSM2545351",2898
"Tbc1d8","GSM2545351",1744
"Cnot11","GSM2545351",1524
"Snord89","GSM2545351",14
"Rnf149","GSM2545351",1124
"Rfx8","GSM2545351",9
"Gm16894","GSM2545351",22
"Il1rl2","GSM2545351",25
"Il1rl1","GSM2545351",11
"Il18r1","GSM2545351",1
"Slc9a4","GSM2545351",12
"Mfsd9","GSM2545351",198
"Tmem182","GSM2545351",12
"Gm28175","GSM2545351",27
"Pantr1","GSM2545351",238
"Pou3f3","GSM2545351",1588
"Pantr2","GSM2545351",51
"Mrps9","GSM2545351",1329
"Gpr45","GSM2545351",116
"Tgfbrap1","GSM2545351",2742
"Fhl2","GSM2545351",183
"Nck2","GSM2545351",716
"Uxs1","GSM2545351",1538
"Gm16103","GSM2545351",1
"Tpp2","GSM2545351",3305
"Tex30","GSM2545351",267
"Bivm","GSM2545351",962
"Gulp1","GSM2545351",277
"Wdr75","GSM2545351",1293
"Dnah7b","GSM2545351",653
"Gm4852","GSM2545351",11
"Gm8337","GSM2545351",14
"Nabp1","GSM2545351",404
"Gm17767","GSM2545351",2
"Myo1b","GSM2545351",836
"Stat4","GSM2545351",6
"Stat1","GSM2545351",1633
"Gls","GSM2545351",14679
"Rps27a-ps1","GSM2545351",1
"Gm28178","GSM2545351",3
"Inpp1","GSM2545351",3598
"Mstn","GSM2545351",29
"Asnsd1","GSM2545351",791
"Gtf3c3","GSM2545351",1239
"Pgap1","GSM2545351",2122
"Gm19637","GSM2545351",0
"Ankrd44","GSM2545351",797
"Sf3b1","GSM2545351",18287
"Gm6822","GSM2545351",15
"Boll","GSM2545351",10
"Gm8292","GSM2545351",11
"Plcl1","GSM2545351",1445
"Gm6644","GSM2545351",0
"Satb2","GSM2545351",21
"BC055402","GSM2545351",6
"Tyw5","GSM2545351",511
"Spats2l","GSM2545351",432
"Aox4","GSM2545351",7
"Aox2","GSM2545351",4
"Bzw1","GSM2545351",9028
"Clk1","GSM2545351",8217
"Ppil3","GSM2545351",373
"Nif3l1","GSM2545351",770
"Cflar","GSM2545351",1408
"Casp8","GSM2545351",82
"Stradb","GSM2545351",1143
"Tmem237","GSM2545351",1004
"Cdk15","GSM2545351",10
"Fzd7","GSM2545351",2347
"Sumo1","GSM2545351",3204
"Fam117b","GSM2545351",4219
"Wdr12","GSM2545351",1003
"Nbeal1","GSM2545351",1353
"Abi2","GSM2545351",5436
"Cd28","GSM2545351",73
"Gm11581","GSM2545351",2
"Icos","GSM2545351",0
"Nrp2","GSM2545351",537
"Gm4208","GSM2545351",1
"Ndufs1","GSM2545351",7932
"Eef1b2","GSM2545351",3689
"Gpr1","GSM2545351",8
"Gm11605","GSM2545351",5
"Adam23","GSM2545351",8252
"Dytn","GSM2545351",1
"Mdh1b","GSM2545351",25
"Gm13748","GSM2545351",4
"Ccnyl1","GSM2545351",550
"Plekhm3","GSM2545351",1989
"Rpl10a-ps1","GSM2545351",12
"Cryga","GSM2545351",4
"Pikfyve","GSM2545351",2961
"Map2","GSM2545351",25360
"Unc80","GSM2545351",19999
"Kansl1l","GSM2545351",1436
"Acadl","GSM2545351",2142
"Gm15793","GSM2545351",3
"Spag16","GSM2545351",131
"Bard1","GSM2545351",14
"Abca12","GSM2545351",4
"Atic","GSM2545351",1071
"Fn1","GSM2545351",3723
"Gm5256","GSM2545351",1
"Tmem169","GSM2545351",696
"Xrcc5","GSM2545351",936
"Smarcal1","GSM2545351",2970
"Igfbp2","GSM2545351",2121
"Gm29183","GSM2545351",7
"Rufy4","GSM2545351",9
"Cxcr2","GSM2545351",10
"Arpc2","GSM2545351",4357
"Aamp","GSM2545351",4813
"Tmbim1","GSM2545351",1883
"Catip","GSM2545351",90
"Zfp142","GSM2545351",1788
"Rnf25","GSM2545351",1386
"Ttll4","GSM2545351",1952
"Prkag3","GSM2545351",28
"Gm29539","GSM2545351",1
"Wnt10a","GSM2545351",15
"Ihh","GSM2545351",11
"Slc23a3","GSM2545351",9
"Zfand2b","GSM2545351",381
"Ankzf1","GSM2545351",997
"Glb1l","GSM2545351",398
"Ptprn","GSM2545351",5952
"Des","GSM2545351",58
"Asic4","GSM2545351",121
"Chpf","GSM2545351",2285
"Obsl1","GSM2545351",782
"Stk11ip","GSM2545351",966
"Slc4a3","GSM2545351",3652
"Epha4","GSM2545351",1116
"Pax3","GSM2545351",316
"Mogat1","GSM2545351",5
"Kcne4","GSM2545351",68
"Gm5830","GSM2545351",11
"Scg2","GSM2545351",8439
"Mrpl44","GSM2545351",823
"Gm5529","GSM2545351",22
"Fam124b","GSM2545351",7
"Cul3","GSM2545351",8943
"Nyap2","GSM2545351",1354
"Rhbdd1","GSM2545351",567
"Col4a4","GSM2545351",115
"Col4a3","GSM2545351",88
"Mff","GSM2545351",7468
"Daw1","GSM2545351",44
"Trip12","GSM2545351",8702
"Fbxo36","GSM2545351",104
"Slc16a14","GSM2545351",256
"Gm15433","GSM2545351",1
"Rpl19-ps1","GSM2545351",2
"Sp110","GSM2545351",61
"Sp140","GSM2545351",44
"Sp100","GSM2545351",183
"Cab39","GSM2545351",9036
"Gpr55","GSM2545351",6
"Spata3","GSM2545351",11
"Htr2b","GSM2545351",2
"Armc9","GSM2545351",772
"B3gnt7","GSM2545351",23
"Snora75","GSM2545351",9
"Nmur1","GSM2545351",24
"Dis3l2","GSM2545351",870
"Gm6136","GSM2545351",24
"Ecel1","GSM2545351",80
"Prss56","GSM2545351",5
"Kcnj13","GSM2545351",535
"Inpp5d","GSM2545351",214
"Scarna6","GSM2545351",3
"Sag","GSM2545351",5
"Dgkd","GSM2545351",9596
"Gm19582","GSM2545351",73
"Usp40","GSM2545351",1491
"Ugt1a7c","GSM2545351",8
"Dnajb3","GSM2545351",40
"Mroh2a","GSM2545351",8
"Spp2","GSM2545351",9
"Gm29538","GSM2545351",11
"Glrp1","GSM2545351",0
"Sh3bp4","GSM2545351",486
"Gbx2","GSM2545351",3
"Iqca","GSM2545351",36
"Ackr3","GSM2545351",336
"Col6a3","GSM2545351",138
"Rab17","GSM2545351",1
"Ube2f","GSM2545351",1388
"Klhl30","GSM2545351",11
"Twist2","GSM2545351",7
"Hdac4","GSM2545351",2332
"Ndufa10","GSM2545351",4425
"Mir149","GSM2545351",0
"Ankmy1","GSM2545351",27
"Rnpepl1","GSM2545351",1271
"Capn10","GSM2545351",1072
"Gpr35","GSM2545351",38
"Pask","GSM2545351",179
"Hdlbp","GSM2545351",8679
"Farp2","GSM2545351",345
"Stk25","GSM2545351",5749
"Thap4","GSM2545351",531
"D2hgdh","GSM2545351",427
"Pdcd1","GSM2545351",0
"Gm7895","GSM2545351",12
"Fam174a","GSM2545351",1672
"Slco4c1","GSM2545351",10
"Panct2","GSM2545351",18
"Gm6430","GSM2545351",5
"Gin1","GSM2545351",441
"Pam","GSM2545351",2505
"Cntnap5b","GSM2545351",1085
"Cdh20","GSM2545351",1067
"Pign","GSM2545351",951
"Gm10193","GSM2545351",0
"Tnfrsf11a","GSM2545351",90
"Gm7160","GSM2545351",21
"Gm20753","GSM2545351",4
"Bcl2","GSM2545351",885
"Vps4b","GSM2545351",2286
"Serpinb5","GSM2545351",4
"Serpinb10","GSM2545351",3
"Gm8141","GSM2545351",9
"Cdh7","GSM2545351",1808
"Cdh19","GSM2545351",642
"Gm8173","GSM2545351",1
"Dsel","GSM2545351",391
"Gm6028","GSM2545351",1
"Nifk","GSM2545351",954
"Clasp1","GSM2545351",3826
"Inhbb","GSM2545351",273
"Gm3551","GSM2545351",2
"Gm28209","GSM2545351",0
"Cfap221","GSM2545351",11
"Sctr","GSM2545351",14
"Tmem37","GSM2545351",33
"En1","GSM2545351",223
"Insig2","GSM2545351",2582
"Ccdc93","GSM2545351",1333
"Htr5b","GSM2545351",16
"Ddx18","GSM2545351",860
"Actr3","GSM2545351",6458
"Slc35f5","GSM2545351",734
"Gpr39","GSM2545351",0
"Mgat5","GSM2545351",3829
"Gm8451","GSM2545351",22
"Tmem163","GSM2545351",2315
"Acmsd","GSM2545351",1
"Zranb3","GSM2545351",208
"Gm28800","GSM2545351",7
"Rpl28-ps1","GSM2545351",16
"Mir128-1","GSM2545351",3
"Lct","GSM2545351",11
"Gm6170","GSM2545351",33
"Thsd7b","GSM2545351",80
"Gm29428","GSM2545351",1
"Cd55","GSM2545351",288
"Gm16083","GSM2545351",16
"C4bp-ps1","GSM2545351",11
"Yod1","GSM2545351",524
"Fcamr","GSM2545351",3
"Dyrk3","GSM2545351",164
"Ikbke","GSM2545351",62
"Srgap2","GSM2545351",9737
"Slc26a9","GSM2545351",1
"Pm20d1","GSM2545351",173
"Rab29","GSM2545351",198
"Cdk18","GSM2545351",638
"Gm29695","GSM2545351",152
"Lemd1","GSM2545351",24
"Gm7241","GSM2545351",1
"Klhdc8a","GSM2545351",749
"Lrrn2","GSM2545351",3601
"Gm29257","GSM2545351",3
"Gm28609","GSM2545351",10
"Plekha6","GSM2545351",5046
"Ren1","GSM2545351",2
"Sox13","GSM2545351",330
"Zbed6","GSM2545351",1478
"Lax1","GSM2545351",6
"Optc","GSM2545351",54
"Prelp","GSM2545351",1234
"Gm8618","GSM2545351",1
"Mybph","GSM2545351",24
"Myog","GSM2545351",2
"Ppfia4","GSM2545351",9501
"Tmem183a","GSM2545351",2833
"Kdm5b","GSM2545351",2135
"Ppp1r12b","GSM2545351",3537
"Ube2t","GSM2545351",60
"Ptprv","GSM2545351",6
"Timm17a","GSM2545351",1648
"Csrp1","GSM2545351",9411
"Tnni1","GSM2545351",104
"Lad1","GSM2545351",40
"Pkp1","GSM2545351",4
"Ascl5","GSM2545351",1
"Cacna1s","GSM2545351",34
"Gm15850","GSM2545351",1
"Kif21b","GSM2545351",1503
"Camsap2","GSM2545351",8474
"Kif14","GSM2545351",7
"Gm29485","GSM2545351",3
"Gm19705","GSM2545351",34
"Mif-ps1","GSM2545351",2
"Nr5a2","GSM2545351",2
"Ptprc","GSM2545351",128
"Lhx9","GSM2545351",432
"Dennd1b","GSM2545351",1059
"Crb1","GSM2545351",18
"Zbtb41","GSM2545351",1797
"Cfhr2","GSM2545351",2
"Gm5837","GSM2545351",5
"Kcnt2","GSM2545351",86
"Gm5835","GSM2545351",35
"Cdc73","GSM2545351",894
"B3galt2","GSM2545351",1020
"Glrx2","GSM2545351",2179
"Rgs1","GSM2545351",3
"Gm7266","GSM2545351",4
"Rgs18","GSM2545351",8
"Brinp3","GSM2545351",937
"Ptgs2os","GSM2545351",2
"Ptgs2","GSM2545351",66
"Tpr","GSM2545351",7274
"Swt1","GSM2545351",769
"Mir7682","GSM2545351",1
"Rnf2","GSM2545351",1613
"Gm36527","GSM2545351",3
"Edem3","GSM2545351",3869
"Tsen15","GSM2545351",570
"Colgalt2","GSM2545351",133
"Rgl1","GSM2545351",1517
"Arpc5","GSM2545351",2393
"Ncf2","GSM2545351",74
"Nmnat2","GSM2545351",9934
"Lamc2","GSM2545351",83
"Dhx9","GSM2545351",6998
"Rgs16","GSM2545351",706
"Rgsl1","GSM2545351",17
"Zfp648","GSM2545351",2
"Gm9530","GSM2545351",12
"Stx6","GSM2545351",1869
"Xpr1","GSM2545351",4448
"Gm5532","GSM2545351",6
"Acbd6","GSM2545351",926
"Lhx4","GSM2545351",22
"Cep350","GSM2545351",3617
"Fam163a","GSM2545351",73
"Tdrd5","GSM2545351",69
"Nphs2","GSM2545351",12
"Gm2000","GSM2545351",20
"Soat1","GSM2545351",775
"Abl2","GSM2545351",2136
"Fam20b","GSM2545351",3638
"Ralgps2","GSM2545351",2003
"Angptl1","GSM2545351",27
"Rasal2","GSM2545351",3051
"Brinp2","GSM2545351",1162
"Gm4953","GSM2545351",5
"Gm31256","GSM2545351",0
"Rabgap1l","GSM2545351",6688
"Gm6177","GSM2545351",2
"Rc3h1","GSM2545351",3642
"Serpinc1","GSM2545351",1
"Snord47","GSM2545351",29
"Dars2","GSM2545351",689
"Cenpl","GSM2545351",118
"Fasl","GSM2545351",12
"Dnm3","GSM2545351",11061
"Dnm3os","GSM2545351",12
"Prrc2c","GSM2545351",8089
"Fmo2","GSM2545351",280
"Mettl11b","GSM2545351",4
"BC055324","GSM2545351",117
"Sele","GSM2545351",0
"Selp","GSM2545351",2
"F5","GSM2545351",1077
"Nme7","GSM2545351",433
"Atp1b1","GSM2545351",63790
"Gm26685","GSM2545351",1
"Dpt","GSM2545351",5
"Gm20743","GSM2545351",224
"Sft2d2","GSM2545351",1428
"Tiprl","GSM2545351",2008
"Rcsd1","GSM2545351",206
"Gm32999","GSM2545351",1
"Dusp27","GSM2545351",16
"Mael","GSM2545351",9
"Gm16418","GSM2545351",5
"Gm16701","GSM2545351",168
"Aldh9a1","GSM2545351",1651
"Mgst3","GSM2545351",1689
"Lrrc52","GSM2545351",4
"Rxrg","GSM2545351",46
"Lmx1a","GSM2545351",150
"Pbx1","GSM2545351",4599
"Asl","GSM2545352",803
"Apod","GSM2545352",20415
"Cyp2d22","GSM2545352",2920
"Klk6","GSM2545352",798
"Fcrls","GSM2545352",303
"Slc2a4","GSM2545352",513
"Exd2","GSM2545352",2832
"Gjc2","GSM2545352",565
"Plp1","GSM2545352",74044
"Gnb4","GSM2545352",1894
"Tnc","GSM2545352",468
"Trf","GSM2545352",18911
"Tubb2b","GSM2545352",3981
"Fads1","GSM2545352",8994
"Lxn","GSM2545352",2965
"Prr18","GSM2545352",2117
"Cmtm5","GSM2545352",2523
"Enpp1","GSM2545352",609
"Clic4","GSM2545352",7827
"Tm6sf2","GSM2545352",127
"Slc20a2","GSM2545352",7233
"Itih3","GSM2545352",4967
"Ptn","GSM2545352",7462
"Prodh","GSM2545352",2249
"Msantd1","GSM2545352",176
"Ugt8a","GSM2545352",2496
"Fbln5","GSM2545352",714
"Trp53inp2","GSM2545352",11090
"Slc7a3","GSM2545352",473
"Dnase1l2","GSM2545352",383
"Icosl","GSM2545352",774
"Rmnd1","GSM2545352",1215
"Tssk5","GSM2545352",174
"Pycr1","GSM2545352",74
"Pla2g3","GSM2545352",260
"Vmn2r1","GSM2545352",53
"Gm29797","GSM2545352",111
"Phyhd1","GSM2545352",1585
"Gpr146","GSM2545352",1339
"Mag","GSM2545352",8263
"Tufm","GSM2545352",2408
"Igdcc4","GSM2545352",2759
"Gm10654","GSM2545352",207
"Ncmap","GSM2545352",76
"Etv4","GSM2545352",471
"Fabp7","GSM2545352",499
"Cpsf4l","GSM2545352",79
"Hexa","GSM2545352",1778
"Mfge8","GSM2545352",2406
"Ccdc136","GSM2545352",4821
"Glul","GSM2545352",67681
"Hopx","GSM2545352",6362
"Pigq","GSM2545352",4886
"Vps11","GSM2545352",3903
"Proca1","GSM2545352",278
"Fbxl22","GSM2545352",165
"Sfxn5","GSM2545352",11677
"Hexim2","GSM2545352",627
"Agt","GSM2545352",6055
"Rlbp1","GSM2545352",373
"Jam2","GSM2545352",3954
"Lcat","GSM2545352",2887
"Oxct1","GSM2545352",15916
"Cacna1e","GSM2545352",8634
"Fa2h","GSM2545352",1963
"Plxnb3","GSM2545352",1077
"Lman2l","GSM2545352",1477
"Dpy19l1","GSM2545352",2590
"Kctd21","GSM2545352",894
"Thra","GSM2545352",14364
"Dok3","GSM2545352",168
"Sult1a1","GSM2545352",978
"Rpe","GSM2545352",1415
"Acrbp","GSM2545352",452
"Slc2a9","GSM2545352",119
"Emp2","GSM2545352",1365
"Aipl1","GSM2545352",21
"Uri1","GSM2545352",2514
"Bcs1l","GSM2545352",566
"Rbm3","GSM2545352",8733
"Tra2a","GSM2545352",5083
"Prex1","GSM2545352",4829
"Josd2","GSM2545352",1866
"Tmco3","GSM2545352",1747
"Srebf1","GSM2545352",2970
"Acer2","GSM2545352",618
"Tsga10","GSM2545352",318
"Cyp3a13","GSM2545352",138
"Relt","GSM2545352",899
"Nrep","GSM2545352",42270
"Slc14a1","GSM2545352",1821
"Pnpla2","GSM2545352",1869
"Map6d1","GSM2545352",2595
"Ier5","GSM2545352",1122
"Bfsp2","GSM2545352",105
"Idi1","GSM2545352",599
"Kat2b","GSM2545352",6618
"Rmdn3","GSM2545352",5742
"Eif4b","GSM2545352",11232
"Grm4","GSM2545352",18081
"Pink1","GSM2545352",23673
"Mettl16","GSM2545352",1172
"Fam193b","GSM2545352",3235
"Rtca","GSM2545352",1864
"Fgfbp1","GSM2545352",107
"Pigs","GSM2545352",3340
"Cfp","GSM2545352",969
"Desi1","GSM2545352",6844
"Gbp4","GSM2545352",147
"Nid1","GSM2545352",1121
"Armcx5","GSM2545352",820
"Cryab","GSM2545352",3696
"Prss53","GSM2545352",191
"Car4","GSM2545352",7110
"Gm6277","GSM2545352",216
"Amt","GSM2545352",1172
"Zc3h6","GSM2545352",1648
"Aqp4","GSM2545352",18418
"Tmem198b","GSM2545352",1021
"Abi3bp","GSM2545352",1165
"Xpa","GSM2545352",573
"Aldh6a1","GSM2545352",4617
"Adam1a","GSM2545352",607
"Dynlt1a","GSM2545352",593
"Gatm","GSM2545352",5044
"H2-Q4","GSM2545352",227
"Nras","GSM2545352",1979
"Pla2g4e","GSM2545352",551
"Lpar1","GSM2545352",2115
"Il12rb1","GSM2545352",60
"Enpp6","GSM2545352",459
"Ermn","GSM2545352",3985
"Marcksl1","GSM2545352",1244
"Ubqln4","GSM2545352",4050
"Glt8d1","GSM2545352",1678
"Ddx25","GSM2545352",1776
"Gpr17","GSM2545352",739
"Cat","GSM2545352",2612
"Wwox","GSM2545352",1195
"Phkg1","GSM2545352",820
"Ppp1r3f","GSM2545352",1367
"Mrpl35","GSM2545352",1330
"Nudt9","GSM2545352",2066
"Lypd6","GSM2545352",1523
"Spice1","GSM2545352",737
"Tuba8","GSM2545352",1864
"Spon1","GSM2545352",5416
"Nfya","GSM2545352",1196
"Sc5d","GSM2545352",4018
"Aldh18a1","GSM2545352",1163
"Ebp","GSM2545352",1347
"Srr","GSM2545352",2764
"Gm14827","GSM2545352",423
"Gm31135","GSM2545352",58
"Adam17","GSM2545352",1086
"Slc39a2","GSM2545352",847
"Snn","GSM2545352",6192
"Hnrnpc","GSM2545352",10880
"Srbd1","GSM2545352",593
"Ptp4a1","GSM2545352",1680
"Tppp","GSM2545352",11181
"Stac3","GSM2545352",178
"Emid1","GSM2545352",553
"Cotl1","GSM2545352",4645
"Ovgp1","GSM2545352",760
"Ssx2ip","GSM2545352",3464
"Hsd3b7","GSM2545352",906
"Kazald1","GSM2545352",317
"Omd","GSM2545352",221
"Bcas1","GSM2545352",6752
"Gm9925","GSM2545352",521
"Dleu2","GSM2545352",465
"Chil3","GSM2545352",63
"Deaf1","GSM2545352",2923
"Dusp19","GSM2545352",331
"Gkn3","GSM2545352",112
"Pllp","GSM2545352",1781
"Sox2ot","GSM2545352",878
"Ntf3","GSM2545352",251
"Lum","GSM2545352",310
"Gm20751","GSM2545352",128
"Thnsl2","GSM2545352",216
"Slc2a4rg-ps","GSM2545352",514
"Agpat5","GSM2545352",4246
"Mdk","GSM2545352",1245
"Penk","GSM2545352",4256
"Cirbp","GSM2545352",4790
"Aloxe3","GSM2545352",596
"Nudt5","GSM2545352",575
"Serpinb1a","GSM2545352",594
"Mt1","GSM2545352",15666
"Fgfr3","GSM2545352",5463
"Myo1d","GSM2545352",797
"Cd99l2","GSM2545352",4316
"C2cd2","GSM2545352",970
"Brsk2","GSM2545352",8041
"Mrrf","GSM2545352",703
"Snhg4","GSM2545352",301
"Hmgcs1","GSM2545352",6034
"Stk17b","GSM2545352",5532
"Cyp51","GSM2545352",2188
"Gria4","GSM2545352",26765
"Ttyh1","GSM2545352",29982
"Slc13a1","GSM2545352",122
"Phf7","GSM2545352",277
"Get4","GSM2545352",1748
"Gstm1","GSM2545352",11260
"Fbxo31","GSM2545352",3403
"Padi2","GSM2545352",1127
"Gnmt","GSM2545352",253
"Paip2b","GSM2545352",5009
"Slc17a9","GSM2545352",32
"Vopp1","GSM2545352",2049
"Ogdhl","GSM2545352",5443
"Dcaf12","GSM2545352",3137
"Rorc","GSM2545352",1566
"Cp","GSM2545352",1747
"Jade2","GSM2545352",2627
"Nbl1","GSM2545352",4292
"Hsph1","GSM2545352",5273
"Serf2","GSM2545352",4802
"Rasgef1a","GSM2545352",5368
"Prrg1","GSM2545352",523
"Etnppl","GSM2545352",8195
"Cyp4f15","GSM2545352",252
"Ankrd29","GSM2545352",1328
"Gm27252","GSM2545352",99
"Kctd2","GSM2545352",4238
"Iigp1","GSM2545352",158
"Ak4","GSM2545352",5430
"Idh2","GSM2545352",1889
"Camkk1","GSM2545352",3252
"Rftn2","GSM2545352",1540
"Igtp","GSM2545352",203
"Bche","GSM2545352",406
"Marcks","GSM2545352",7332
"Pabpc4","GSM2545352",992
"Pmp22","GSM2545352",2030
"Car14","GSM2545352",1090
"Serpinh1","GSM2545352",1313
"Ppp1r13b","GSM2545352",3102
"Tfrc","GSM2545352",6830
"Smox","GSM2545352",3152
"Tjap1","GSM2545352",988
"Msmo1","GSM2545352",2186
"Slc26a8","GSM2545352",123
"Eml3","GSM2545352",1654
"Csf2ra","GSM2545352",617
"Rnf141","GSM2545352",3602
"Slc25a16","GSM2545352",1764
"Echdc1","GSM2545352",1585
"Eid2b","GSM2545352",961
"Piga","GSM2545352",534
"Ccdc149","GSM2545352",1303
"Car15","GSM2545352",941
"Eny2","GSM2545352",3477
"Mroh1","GSM2545352",5076
"Pcyox1l","GSM2545352",901
"Ankrd39","GSM2545352",680
"Timeless","GSM2545352",512
"Sparc","GSM2545352",49582
"Slc7a10","GSM2545352",2009
"Ppp1r2","GSM2545352",5475
"Psmf1","GSM2545352",1552
"Adat1","GSM2545352",290
"Slc6a12","GSM2545352",332
"Snhg3","GSM2545352",290
"Prg4","GSM2545352",561
"Plod1","GSM2545352",1105
"Whamm","GSM2545352",1263
"Ttpa","GSM2545352",529
"Thbs3","GSM2545352",286
"Gltp","GSM2545352",1999
"Pex6","GSM2545352",2411
"Aim2","GSM2545352",191
"Ednrb","GSM2545352",5499
"Nuf2","GSM2545352",186
"Mog","GSM2545352",3422
"Ccl27a","GSM2545352",2328
"Tac4","GSM2545352",22
"Snhg8","GSM2545352",448
"Ak6","GSM2545352",424
"Kctd20","GSM2545352",3358
"Itgb4","GSM2545352",806
"Zfp810","GSM2545352",798
"Gm33489","GSM2545352",221
"Gna12","GSM2545352",1872
"Cyp4v3","GSM2545352",933
"Pkp4","GSM2545352",12815
"Agpat1","GSM2545352",3429
"Gipr","GSM2545352",50
"Edn3","GSM2545352",309
"Prr15","GSM2545352",82
"Traf1","GSM2545352",248
"Pim2","GSM2545352",1584
"Lrrc8a","GSM2545352",4311
"Erp44","GSM2545352",2041
"Tmem33","GSM2545352",6558
"Fen1","GSM2545352",887
"Tfap4","GSM2545352",517
"Lman2","GSM2545352",4258
"Senp8","GSM2545352",335
"Alg14","GSM2545352",875
"Ddah1","GSM2545352",4927
"Pomt1","GSM2545352",761
"Rab3b","GSM2545352",511
"Lrrc29","GSM2545352",115
"Nqo1","GSM2545352",619
"Gpr137b","GSM2545352",681
"Pcif1","GSM2545352",3136
"Qdpr","GSM2545352",6991
"Dcdc2b","GSM2545352",379
"Rap2a","GSM2545352",2535
"Cnpy4","GSM2545352",642
"Wdr41","GSM2545352",1727
"Gm20627","GSM2545352",48
"Mmaa","GSM2545352",1644
"Gm13562","GSM2545352",27
"Cd70","GSM2545352",50
"Itm2a","GSM2545352",2464
"Avil","GSM2545352",62
"Zscan22","GSM2545352",652
"Itgb3","GSM2545352",102
"Col11a2","GSM2545352",581
"Apoc1","GSM2545352",86
"Tmeff2","GSM2545352",2597
"Tyro3","GSM2545352",8408
"Ift22","GSM2545352",1447
"Mtmr7","GSM2545352",3045
"Gabrr2","GSM2545352",117
"Ube2v2","GSM2545352",2413
"C77080","GSM2545352",1733
"Elovl5","GSM2545352",4677
"Serinc5","GSM2545352",2900
"Pyroxd2","GSM2545352",229
"Ypel2","GSM2545352",2441
"Parp3","GSM2545352",499
"Xpo1","GSM2545352",5721
"Polr2a","GSM2545352",6397
"Tspyl4","GSM2545352",31893
"Irgm1","GSM2545352",498
"Cep131","GSM2545352",1185
"Sema4d","GSM2545352",4515
"Gbp6","GSM2545352",293
"Zfp119b","GSM2545352",247
"Eps15","GSM2545352",14210
"Pxmp2","GSM2545352",326
"Tomm40l","GSM2545352",2559
"Atat1","GSM2545352",1435
"Chrac1","GSM2545352",570
"Mrpl24","GSM2545352",2009
"Ipo9","GSM2545352",8382
"Actg1","GSM2545352",9223
"Noxred1","GSM2545352",72
"Gm20501","GSM2545352",157
"H2-K1","GSM2545352",1342
"Lig1","GSM2545352",799
"Morn2","GSM2545352",373
"Dcakd","GSM2545352",1375
"Nop14","GSM2545352",1249
"Bbs1","GSM2545352",1756
"Tada2b","GSM2545352",1580
"Gal3st1","GSM2545352",348
"Xpc","GSM2545352",1040
"Irf2bp2","GSM2545352",3437
"Spns2","GSM2545352",2603
"Pole","GSM2545352",142
"Fam78b","GSM2545352",1969
"Ggcx","GSM2545352",984
"Anks1","GSM2545352",2498
"Pgm2","GSM2545352",4928
"Zgrf1","GSM2545352",473
"Alkbh3","GSM2545352",630
"Dnd1","GSM2545352",93
"Lime1","GSM2545352",2681
"Trim23","GSM2545352",4855
"Abhd14a","GSM2545352",752
"Zkscan3","GSM2545352",2110
"Fam131b","GSM2545352",11277
"Elovl1","GSM2545352",871
"Trim72","GSM2545352",61
"Klhdc9","GSM2545352",187
"Iqck","GSM2545352",101
"Smim14","GSM2545352",7333
"Kcnab3","GSM2545352",2099
"Ing5","GSM2545352",750
"Cnnm3","GSM2545352",2832
"Fn3k","GSM2545352",1400
"Cnp","GSM2545352",19566
"Uros","GSM2545352",862
"Eml1","GSM2545352",2867
"Lgals3","GSM2545352",113
"Gjb1","GSM2545352",948
"Dynll1","GSM2545352",2828
"Cyp2j12","GSM2545352",142
"Crip3","GSM2545352",47
"Sbk1","GSM2545352",29787
"Camkk2","GSM2545352",13156
"Setd7","GSM2545352",17992
"Btf3l4","GSM2545352",2477
"Acbd4","GSM2545352",1926
"Gm16835","GSM2545352",230
"Gpr37","GSM2545352",2349
"Prr5l","GSM2545352",680
"Slain1","GSM2545352",2677
"Calr","GSM2545352",12224
"Bst1","GSM2545352",27
"Fmnl3","GSM2545352",482
"Gpr89","GSM2545352",693
"Zranb1","GSM2545352",8025
"Col27a1","GSM2545352",867
"Emc8","GSM2545352",3916
"Ormdl3","GSM2545352",3713
"Capg","GSM2545352",155
"Zbtb21","GSM2545352",1069
"Sord","GSM2545352",1076
"Tsc22d1","GSM2545352",13084
"Gpld1","GSM2545352",3550
"Cdh4","GSM2545352",772
"Hkdc1","GSM2545352",109
"Ggact","GSM2545352",1885
"Zfp493","GSM2545352",138
"Mkks","GSM2545352",1682
"Gm15423","GSM2545352",117
"Npas2","GSM2545352",260
"Plin4","GSM2545352",1435
"Rragc","GSM2545352",3611
"Nsun3","GSM2545352",699
"Hgsnat","GSM2545352",3710
"Acr","GSM2545352",68
"Ccdc167","GSM2545352",1534
"Thap1","GSM2545352",513
"Egfl8","GSM2545352",167
"Vps33a","GSM2545352",5482
"Igbp1","GSM2545352",1639
"Tbx6","GSM2545352",92
"Dcst2","GSM2545352",20
"Rbm28","GSM2545352",2037
"Pms1","GSM2545352",470
"Rtcb","GSM2545352",5042
"Smad9","GSM2545352",2129
"Ubxn2b","GSM2545352",851
"Rnf170","GSM2545352",1837
"Pithd1","GSM2545352",3078
"Steap3","GSM2545352",95
"Tomm20","GSM2545352",10898
"Klf15","GSM2545352",1673
"Amz2","GSM2545352",2056
"Folh1","GSM2545352",994
"Ubfd1","GSM2545352",3223
"Gpx3","GSM2545352",491
"C4b","GSM2545352",911
"Mdfi","GSM2545352",658
"Nucb2","GSM2545352",308
"Clip4","GSM2545352",1644
"Tipin","GSM2545352",871
"Amy1","GSM2545352",985
"Efhd1","GSM2545352",1979
"Smim15","GSM2545352",2428
"Zfp658","GSM2545352",982
"E2f6","GSM2545352",2145
"Lix1","GSM2545352",463
"Coq4","GSM2545352",396
"Otoa","GSM2545352",78
"Mex3a","GSM2545352",245
"Tmem132c","GSM2545352",1446
"Dclk1","GSM2545352",17153
"Eml2","GSM2545352",4445
"Glyr1","GSM2545352",9788
"Gm1976","GSM2545352",493
"Smyd3","GSM2545352",1620
"Dcaf8","GSM2545352",9595
"Lias","GSM2545352",1360
"Msn","GSM2545352",3201
"Timmdc1","GSM2545352",736
"H2-Q6","GSM2545352",45
"Asic3","GSM2545352",63
"Col5a3","GSM2545352",410
"Stx3","GSM2545352",3059
"AW046200","GSM2545352",148
"Hsf1","GSM2545352",1857
"Colq","GSM2545352",194
"Rcor3","GSM2545352",1552
"Slc6a20a","GSM2545352",1162
"Prps1","GSM2545352",2927
"Keap1","GSM2545352",2746
"Tap2","GSM2545352",483
"Slc16a7","GSM2545352",1476
"Eif2b3","GSM2545352",722
"Flywch1","GSM2545352",15993
"Amigo2","GSM2545352",1247
"Hspd1","GSM2545352",8139
"Sost","GSM2545352",68
"Gm8615","GSM2545352",38
"Kcnk13","GSM2545352",201
"Tspyl2","GSM2545352",5791
"Spsb3","GSM2545352",3330
"Gm8493","GSM2545352",26
"Fgf22","GSM2545352",104
"Slc6a6","GSM2545352",5749
"Xist","GSM2545352",40963
"Ddx3y","GSM2545352",6
"Eif2s3y","GSM2545352",2
"Kdm5d","GSM2545352",1
"Uty","GSM2545352",3
"Eif2s3x","GSM2545352",2418
"Kdm6a","GSM2545352",3456
"Casp12","GSM2545352",371
"Ddx3x","GSM2545352",25609
"Prl2c3","GSM2545352",125
"Casp1","GSM2545352",135
"Pbdc1","GSM2545352",618
"Kdm5c","GSM2545352",5481
"Ctxn2","GSM2545352",167
"Ldoc1","GSM2545352",571
"Gpr179","GSM2545352",31
"Pou4f1","GSM2545352",13
"Tmprss3","GSM2545352",51
"Prl2c2","GSM2545352",25
"Slc35b1","GSM2545352",1746
"Myoc","GSM2545352",391
"Cartpt","GSM2545352",9
"Tchh","GSM2545352",77
"H2-Q2","GSM2545352",27
"Ascl1","GSM2545352",155
"Crhr1","GSM2545352",3446
"Gm4017","GSM2545352",18
"Impg1","GSM2545352",68
"Rxfp3","GSM2545352",22
"AI504432","GSM2545352",1189
"Mpo","GSM2545352",15
"Oxtr","GSM2545352",42
"Usp2","GSM2545352",4962
"Lor","GSM2545352",26
"Srrm4","GSM2545352",4069
"Slc35g1","GSM2545352",196
"Tceal6","GSM2545352",1617
"Dach2","GSM2545352",86
"Lgr6","GSM2545352",372
"Kcna4","GSM2545352",213
"Zfyve28","GSM2545352",3838
"Hps4","GSM2545352",868
"Ucp3","GSM2545352",140
"Mettl17","GSM2545352",922
"Atg9b","GSM2545352",86
"Usp3","GSM2545352",4897
"Acta2","GSM2545352",265
"Wdr24","GSM2545352",790
"Zw10","GSM2545352",1730
"Ubtd2","GSM2545352",2404
"Slc6a4","GSM2545352",11
"Cog1","GSM2545352",2480
"S100a9","GSM2545352",289
"Nadk","GSM2545352",3004
"Col6a1","GSM2545352",566
"Susd2","GSM2545352",289
"Fam53b","GSM2545352",2954
"Npas1","GSM2545352",12
"Rhbdf1","GSM2545352",664
"Cacnb1","GSM2545352",1035
"Zfp579","GSM2545352",1182
"Dtx4","GSM2545352",1283
"Chrm3","GSM2545352",129
"Plcl2","GSM2545352",2192
"Ptprj","GSM2545352",3602
"Cyhr1","GSM2545352",6898
"Stx5a","GSM2545352",3062
"Smim8","GSM2545352",546
"Pappa2","GSM2545352",9
"Stbd1","GSM2545352",34
"Rln3","GSM2545352",1
"Ldlr","GSM2545352",1390
"Bmp2","GSM2545352",84
"Itga10","GSM2545352",307
"Unc45a","GSM2545352",1900
"Hap1","GSM2545352",3926
"Gm35339","GSM2545352",413
"Serpinb8","GSM2545352",113
"Tmem200c","GSM2545352",357
"Ngb","GSM2545352",85
"Myh11","GSM2545352",271
"Ass1","GSM2545352",608
"Ccdc28b","GSM2545352",2117
"Vsx2","GSM2545352",7
"Klhl1","GSM2545352",303
"Slit1","GSM2545352",207
"Rbm10","GSM2545352",3423
"Sgk1","GSM2545352",5000
"Zbtb24","GSM2545352",850
"Kif5a","GSM2545352",43268
"Alox8","GSM2545352",163
"Rgcc","GSM2545352",373
"Olfr1033","GSM2545352",61
"Lrrn4","GSM2545352",10
"Trim59","GSM2545352",1132
"Pnma2","GSM2545352",381
"Arc","GSM2545352",1083
"Lypd6b","GSM2545352",183
"Prkar2b","GSM2545352",859
"Gabrd","GSM2545352",7877
"Sh3gl1","GSM2545352",2094
"Rab9b","GSM2545352",1005
"Slc9a2","GSM2545352",212
"Gata3","GSM2545352",33
"Rnd3","GSM2545352",638
"Tdgf1","GSM2545352",358
"Tph2","GSM2545352",55
"Gprc5c","GSM2545352",2913
"Syt16","GSM2545352",229
"Cdyl","GSM2545352",588
"St8sia2","GSM2545352",88
"Usp19","GSM2545352",7234
"Foxj2","GSM2545352",2572
"Wdfy2","GSM2545352",1847
"Fibcd1","GSM2545352",60
"Hs3st4","GSM2545352",171
"Rab27b","GSM2545352",432
"Gm4988","GSM2545352",147
"Hebp1","GSM2545352",308
"Mrgpre","GSM2545352",127
"Slc22a4","GSM2545352",3027
"Txndc11","GSM2545352",1522
"Pgr15l","GSM2545352",11
"Evpl","GSM2545352",63
"Pax7","GSM2545352",14
"Trim65","GSM2545352",170
"Gm33533","GSM2545352",16
"Otof","GSM2545352",140
"Alk","GSM2545352",54
"Acap3","GSM2545352",4427
"Erdr1","GSM2545352",1042
"Kcnq5","GSM2545352",155
"Msln","GSM2545352",76
"Tbc1d20","GSM2545352",1454
"Slc16a10","GSM2545352",355
"Errfi1","GSM2545352",2196
"Nr2e1","GSM2545352",12
"Gpr149","GSM2545352",21
"Plcxd1","GSM2545352",206
"Lrch3","GSM2545352",5238
"Morc2b","GSM2545352",154
"Elfn1","GSM2545352",126
"Rnf180","GSM2545352",403
"Pcdhb8","GSM2545352",199
"Creg2","GSM2545352",458
"Erich3","GSM2545352",922
"Rpp25","GSM2545352",245
"Fgfr1","GSM2545352",8087
"Sfrp2","GSM2545352",56
"Rprm","GSM2545352",86
"Tmem120b","GSM2545352",664
"Tpra1","GSM2545352",2232
"Igsf9","GSM2545352",23
"Jakmip1","GSM2545352",866
"Hsf4","GSM2545352",238
"Pcbd1","GSM2545352",183
"Rasgrf2","GSM2545352",620
"Dgkk","GSM2545352",68
"Paxip1","GSM2545352",2048
"Smtn","GSM2545352",259
"Cmpk2","GSM2545352",807
"Drd4","GSM2545352",35
"Samd11","GSM2545352",40
"Magel2","GSM2545352",40
"Csrnp3","GSM2545352",1838
"Zfp941","GSM2545352",837
"Lrrc1","GSM2545352",860
"Tmie","GSM2545352",328
"Pcdh8","GSM2545352",160
"Glra2","GSM2545352",209
"Gpatch8","GSM2545352",5734
"Slc6a16","GSM2545352",19
"Grm7","GSM2545352",1068
"Ybx3","GSM2545352",2098
"Tenm3","GSM2545352",805
"Npffr1","GSM2545352",15
"Slc39a11","GSM2545352",485
"Otp","GSM2545352",14
"Hoga1","GSM2545352",104
"Egfl6","GSM2545352",12
"Plch2","GSM2545352",9729
"Pde11a","GSM2545352",55
"Zfp335","GSM2545352",1692
"Gpr61","GSM2545352",235
"Tox","GSM2545352",132
"Gabrr1","GSM2545352",14
"Jun","GSM2545352",4188
"Cox7b2","GSM2545352",26
"Mn1","GSM2545352",250
"Tmem130","GSM2545352",4738
"Dusp11","GSM2545352",8136
"Tmem91","GSM2545352",123
"Rbms2","GSM2545352",1170
"Inpp5j","GSM2545352",6910
"Vstm2a","GSM2545352",1258
"C1qtnf2","GSM2545352",44
"Ctns","GSM2545352",1383
"Smarcd2","GSM2545352",3583
"Dbpht2","GSM2545352",109
"Ltbp2","GSM2545352",2011
"Drd1","GSM2545352",17
"Dact2","GSM2545352",263
"E4f1","GSM2545352",1408
"Zfp598","GSM2545352",3082
"Zcchc12","GSM2545352",893
"Zfp263","GSM2545352",1566
"Tspyl3","GSM2545352",770
"Arhgap10","GSM2545352",832
"Plxnb2","GSM2545352",6609
"Doc2a","GSM2545352",129
"Tmem29","GSM2545352",565
"Dpf2","GSM2545352",3497
"Foxl2os","GSM2545352",41
"Slc47a1","GSM2545352",382
"Nap1l5","GSM2545352",23809
"Mapk7","GSM2545352",1433
"Grem2","GSM2545352",157
"Pcdh10","GSM2545352",1767
"Nol3","GSM2545352",321
"Gpr83","GSM2545352",72
"Nrsn2","GSM2545352",2880
"Prss16","GSM2545352",32
"Pcdh18","GSM2545352",151
"Emx2","GSM2545352",8
"Ccdc81","GSM2545352",81
"Rwdd2a","GSM2545352",428
"Mpped1","GSM2545352",310
"Galnt7","GSM2545352",2276
"S100a8","GSM2545352",208
"Mau2","GSM2545352",5450
"Ptpn23","GSM2545352",2928
"Sstr1","GSM2545352",212
"Wdfy4","GSM2545352",48
"Anxa3","GSM2545352",530
"C3","GSM2545352",68
"Tead4","GSM2545352",260
"Clvs2","GSM2545352",394
"Gaa","GSM2545352",9053
"Zfp219","GSM2545352",6715
"Bves","GSM2545352",9
"Tmem161a","GSM2545352",1173
"Unc5d","GSM2545352",611
"Cd180","GSM2545352",58
"Scml4","GSM2545352",26
"Stk38","GSM2545352",2732
"Sox17","GSM2545352",267
"Srsf9","GSM2545352",1748
"Herpud1","GSM2545352",3648
"Hmbs","GSM2545352",653
"Gm2824","GSM2545352",56
"Mir1901","GSM2545352",40
"Adamts19","GSM2545352",14
"Zfp36l1","GSM2545352",1831
"Impact","GSM2545352",8572
"Trmt6","GSM2545352",1954
"Plekhm1","GSM2545352",1875
"Basp1","GSM2545352",1290
"Grid1","GSM2545352",1040
"Zdbf2","GSM2545352",550
"Tal1","GSM2545352",119
"Raf1","GSM2545352",4833
"Pgpep1l","GSM2545352",21
"Fzd4","GSM2545352",956
"Tfdp1","GSM2545352",2113
"Pdzrn4","GSM2545352",80
"Ier3","GSM2545352",655
"Mir378a","GSM2545352",5
"Magee2","GSM2545352",95
"Plekhg2","GSM2545352",283
"Boc","GSM2545352",4489
"Ddx39b","GSM2545352",6603
"H2-T24","GSM2545352",126
"Insm1","GSM2545352",24
"Vstm5","GSM2545352",121
"Kctd4","GSM2545352",204
"Oprm1","GSM2545352",115
"Zfand6","GSM2545352",3147
"Cx3cl1","GSM2545352",3297
"Tacr3","GSM2545352",48
"Gpr4","GSM2545352",214
"Ptgis","GSM2545352",115
"Ccdc28a","GSM2545352",611
"Ido2","GSM2545352",14
"Elfn2","GSM2545352",1129
"Ngp","GSM2545352",188
"Ptpro","GSM2545352",314
"Neto1","GSM2545352",215
"Col6a2","GSM2545352",467
"Fev","GSM2545352",11
"Mmab","GSM2545352",747
"Resp18","GSM2545352",1007
"Amn","GSM2545352",32
"Tmem132b","GSM2545352",606
"St6gal2","GSM2545352",216
"Tbc1d25","GSM2545352",930
"Pdcd2l","GSM2545352",787
"Acot3","GSM2545352",14
"Gm5468","GSM2545352",8
"Atg16l1","GSM2545352",2379
"Rpl14-ps1","GSM2545352",32
"Glra3","GSM2545352",136
"Plekhh3","GSM2545352",2392
"Pcdhga1","GSM2545352",164
"Gm9899","GSM2545352",1487
"Eps8l1","GSM2545352",506
"Serpina3g","GSM2545352",11
"Pcdh17","GSM2545352",1294
"Riok3","GSM2545352",4215
"Dcaf12l2","GSM2545352",16
"Ankrd6","GSM2545352",523
"Dhrs11","GSM2545352",614
"Zdhhc22","GSM2545352",293
"Hmgb3","GSM2545352",567
"Mid1","GSM2545352",327
"Celf3","GSM2545352",2259
"Akap5","GSM2545352",254
"Phlda3","GSM2545352",619
"Arfgap2","GSM2545352",4639
"Gabpb1","GSM2545352",1401
"Mybpc1","GSM2545352",3560
"Nfkbia","GSM2545352",1218
"Gabra3","GSM2545352",921
"Gtpbp2","GSM2545352",3195
"Ptgdr","GSM2545352",48
"Myh15","GSM2545352",40
"Ciz1","GSM2545352",1874
"Tmem62","GSM2545352",3658
"Pan3","GSM2545352",5057
"Pld3","GSM2545352",3565
"Trim3","GSM2545352",8385
"Spata2l","GSM2545352",716
"Gm2223","GSM2545352",23
"Dnah1","GSM2545352",79
"Pnoc","GSM2545352",147
"Dzank1","GSM2545352",8793
"Safb2","GSM2545352",3376
"Rnf128","GSM2545352",1323
"Jpx","GSM2545352",347
"Il16","GSM2545352",8451
"Slc26a7","GSM2545352",356
"Rspo1","GSM2545352",18
"Hcfc2","GSM2545352",2062
"Gm35315","GSM2545352",85
"Tyrp1","GSM2545352",15
"Pank4","GSM2545352",2184
"Ngef","GSM2545352",760
"Llgl1","GSM2545352",3692
"Usp12","GSM2545352",2844
"Ppp2r2d","GSM2545352",2746
"Zfp677","GSM2545352",176
"Heyl","GSM2545352",193
"Sin3b","GSM2545352",2815
"Sidt1","GSM2545352",2115
"Spin2c","GSM2545352",169
"Wasf2","GSM2545352",1312
"Tmem14a","GSM2545352",898
"Cntnap5a","GSM2545352",598
"Ccm2l","GSM2545352",147
"Sema3e","GSM2545352",799
"Il18bp","GSM2545352",401
"Slc35f1","GSM2545352",1430
"Best1","GSM2545352",64
"Pde8b","GSM2545352",870
"Htr7","GSM2545352",82
"Cfap57","GSM2545352",43
"Sgsm1","GSM2545352",5044
"Scn3b","GSM2545352",321
"Mark3","GSM2545352",3889
"Acsl5","GSM2545352",716
"Qpct","GSM2545352",190
"Iqcc","GSM2545352",741
"Noc2l","GSM2545352",2934
"Slc25a27","GSM2545352",4861
"Kdm4b","GSM2545352",3285
"Pde1b","GSM2545352",1609
"Pcdha10","GSM2545352",82
"Gja5","GSM2545352",29
"Irs4","GSM2545352",40
"Mamdc4","GSM2545352",193
"Mthfd2l","GSM2545352",305
"Lrrtm1","GSM2545352",357
"Tacr1","GSM2545352",55
"Lmo3","GSM2545352",233
"Psg16","GSM2545352",1073
"Abcc8","GSM2545352",2733
"Epc1","GSM2545352",3276
"Slc6a7","GSM2545352",528
"Col4a5","GSM2545352",422
"Gm8013","GSM2545352",9
"Clpx","GSM2545352",2300
"Dffb","GSM2545352",488
"Senp3","GSM2545352",3142
"Hhex","GSM2545352",121
"Per2","GSM2545352",2833
"Rnpep","GSM2545352",1887
"Ttll1","GSM2545352",957
"Ppp1r1c","GSM2545352",10
"Moxd1","GSM2545352",261
"Susd6","GSM2545352",5559
"Ighm","GSM2545352",212
"Fam131a","GSM2545352",4364
"Zfp92","GSM2545352",51
"Kirrel","GSM2545352",520
"Npsr1","GSM2545352",11
"Kcnj16","GSM2545352",1390
"Atg10","GSM2545352",451
"Vwc2l","GSM2545352",78
"Sox14","GSM2545352",22
"Zc3h3","GSM2545352",635
"Gak","GSM2545352",4993
"Tox2","GSM2545352",246
"Tenm2","GSM2545352",1040
"Begain","GSM2545352",1155
"Dsc3","GSM2545352",11
"Fbll1","GSM2545352",492
"Dnah7a","GSM2545352",16
"Gm3764","GSM2545352",5103
"Strip1","GSM2545352",3739
"Nmnat3","GSM2545352",65
"Lims2","GSM2545352",373
"Fam43b","GSM2545352",291
"Ccnl2","GSM2545352",9090
"Gm11627","GSM2545352",9
"Rabl2","GSM2545352",1078
"Kcnj3","GSM2545352",6222
"Zfp36","GSM2545352",242
"Slc2a1","GSM2545352",6051
"Cnksr3","GSM2545352",2828
"AW551984","GSM2545352",311
"Hykk","GSM2545352",260
"Rnasel","GSM2545352",125
"Shc1","GSM2545352",577
"Ppp1r12c","GSM2545352",4451
"Syne4","GSM2545352",409
"Arrdc2","GSM2545352",748
"Usp28","GSM2545352",2486
"Slfn4","GSM2545352",37
"Pomt2","GSM2545352",1463
"Gm10432","GSM2545352",207
"Cngb1","GSM2545352",25
"Dot1l","GSM2545352",7037
"Gmnn","GSM2545352",161
"Ccdc160","GSM2545352",50
"Ptpn5","GSM2545352",949
"Mal2","GSM2545352",341
"Arap3","GSM2545352",254
"Mib2","GSM2545352",3348
"Itgb1bp2","GSM2545352",60
"Stk32b","GSM2545352",54
"Dgkb","GSM2545352",1396
"Pcgf6","GSM2545352",1232
"Serinc2","GSM2545352",1080
"Arhgef37","GSM2545352",747
"Ltf","GSM2545352",105
"Timp2","GSM2545352",4173
"Snora41","GSM2545352",13
"F3","GSM2545352",2615
"Tgfbi","GSM2545352",243
"Rab44","GSM2545352",9
"Lclat1","GSM2545352",1179
"Arid5b","GSM2545352",2190
"Col25a1","GSM2545352",265
"Inpp5b","GSM2545352",3202
"Dhfr","GSM2545352",463
"Phkg2","GSM2545352",2403
"Bcl11a","GSM2545352",802
"Nr2f1","GSM2545352",1978
"Trhr","GSM2545352",42
"Msc","GSM2545352",22
"Mndal","GSM2545352",182
"Pou3f2","GSM2545352",782
"Gm9962","GSM2545352",19
"Atg16l2","GSM2545352",1065
"Gm16425","GSM2545352",14
"Ap1m1","GSM2545352",2546
"Trpv3","GSM2545352",29
"Inpp5k","GSM2545352",3342
"D11Wsu47e","GSM2545352",225
"Fkbp1b","GSM2545352",337
"Syvn1","GSM2545352",2727
"Aldh3a2","GSM2545352",3576
"Dtd2","GSM2545352",339
"Pcdh19","GSM2545352",302
"Gm5526","GSM2545352",17
"Nsun5","GSM2545352",704
"Hrh2","GSM2545352",266
"Lmbr1l","GSM2545352",765
"Pkn1","GSM2545352",1426
"Nptx2","GSM2545352",70
"Ctxn1","GSM2545352",257
"Rp1","GSM2545352",5
"Gm7357","GSM2545352",3
"Mrpl15","GSM2545352",1522
"Lypla1","GSM2545352",2662
"Tcea1","GSM2545352",3837
"Gm6104","GSM2545352",3
"Atp6v1h","GSM2545352",6080
"Oprk1","GSM2545352",61
"Npbwr1","GSM2545352",3
"Rb1cc1","GSM2545352",6621
"Gm2147","GSM2545352",1
"Gm26901","GSM2545352",5
"Sntg1","GSM2545352",432
"Gm6187","GSM2545352",5
"Rrs1","GSM2545352",956
"Mcmdc2","GSM2545352",55
"Snhg6","GSM2545352",345
"Snord87","GSM2545352",4
"Tcf24","GSM2545352",17
"Ppp1r42","GSM2545352",17
"Arfgef1","GSM2545352",5823
"Cpa6","GSM2545352",0
"Ncoa2","GSM2545352",5314
"Tram1","GSM2545352",2135
"Gm5523","GSM2545352",1
"Eya1","GSM2545352",364
"Smt3h2-ps4","GSM2545352",3
"Trpa1","GSM2545352",2
"Gm10566","GSM2545352",2
"Terf1","GSM2545352",713
"Rdh10","GSM2545352",1059
"Stau2","GSM2545352",4189
"Ly96","GSM2545352",47
"Jph1","GSM2545352",1637
"Gdap1","GSM2545352",6521
"Rbm6-ps1","GSM2545352",14
"Pi15","GSM2545352",46
"Gm28154","GSM2545352",27
"Gm16070","GSM2545352",8
"Gm15825","GSM2545352",3
"Tfap2d","GSM2545352",232
"Tfap2b","GSM2545352",2336
"Pkhd1","GSM2545352",3
"Mir133b","GSM2545352",7
"Il17f","GSM2545352",1
"Paqr8","GSM2545352",20180
"Tram2","GSM2545352",22
"Gm7658","GSM2545352",15
"Gm7761","GSM2545352",10
"Mir30c-2","GSM2545352",13
"Ogfrl1","GSM2545352",12099
"Smap1","GSM2545352",3770
"Fam135a","GSM2545352",3354
"Col19a1","GSM2545352",1238
"Lmbrd1","GSM2545352",11249
"Gm20172","GSM2545352",3
"Gm29214","GSM2545352",7
"Gm7846","GSM2545352",10
"Gm5525","GSM2545352",29
"Phf3","GSM2545352",4468
"Khdrbs2","GSM2545352",309
"Gm5415","GSM2545352",0
"Zfp451","GSM2545352",1438
"Gm15455","GSM2545352",8
"Bend6","GSM2545352",11755
"Ptpn18","GSM2545352",64
"Cfc1","GSM2545352",7
"Amer3","GSM2545352",2711
"Fam168b","GSM2545352",14246
"Gm33222","GSM2545352",10
"Kansl3","GSM2545352",4197
"Fer1l5","GSM2545352",2
"Cnnm4","GSM2545352",1323
"Sema4c","GSM2545352",1424
"Cox5b","GSM2545352",7409
"Zap70","GSM2545352",23
"Tmem131","GSM2545352",3773
"Cnga3","GSM2545352",3
"Unc50","GSM2545352",1918
"Lipt1","GSM2545352",126
"Mrpl30","GSM2545352",1579
"Lyg2","GSM2545352",5
"Txndc9","GSM2545352",2338
"Eif5b","GSM2545352",5920
"Gm16150","GSM2545352",21
"Gm16152","GSM2545352",6
"Pdcl3","GSM2545352",1535
"Rpl31","GSM2545352",4018
"Tbc1d8","GSM2545352",2225
"Cnot11","GSM2545352",1803
"Snord89","GSM2545352",19
"Rnf149","GSM2545352",1275
"Rfx8","GSM2545352",12
"Gm16894","GSM2545352",22
"Il1rl2","GSM2545352",17
"Il1rl1","GSM2545352",7
"Il18r1","GSM2545352",0
"Slc9a4","GSM2545352",14
"Mfsd9","GSM2545352",196
"Tmem182","GSM2545352",8
"Gm28175","GSM2545352",24
"Pantr1","GSM2545352",327
"Pou3f3","GSM2545352",1859
"Pantr2","GSM2545352",38
"Mrps9","GSM2545352",1572
"Gpr45","GSM2545352",100
"Tgfbrap1","GSM2545352",2939
"Fhl2","GSM2545352",132
"Nck2","GSM2545352",951
"Uxs1","GSM2545352",1681
"Gm16103","GSM2545352",0
"Tpp2","GSM2545352",3309
"Tex30","GSM2545352",285
"Bivm","GSM2545352",1253
"Gulp1","GSM2545352",275
"Wdr75","GSM2545352",1255
"Dnah7b","GSM2545352",734
"Gm4852","GSM2545352",12
"Gm8337","GSM2545352",23
"Nabp1","GSM2545352",493
"Gm17767","GSM2545352",1
"Myo1b","GSM2545352",935
"Stat4","GSM2545352",4
"Stat1","GSM2545352",2131
"Gls","GSM2545352",15347
"Rps27a-ps1","GSM2545352",1
"Gm28178","GSM2545352",0
"Inpp1","GSM2545352",4125
"Mstn","GSM2545352",42
"Asnsd1","GSM2545352",843
"Gtf3c3","GSM2545352",1218
"Pgap1","GSM2545352",1937
"Gm19637","GSM2545352",0
"Ankrd44","GSM2545352",726
"Sf3b1","GSM2545352",17497
"Gm6822","GSM2545352",16
"Boll","GSM2545352",6
"Gm8292","GSM2545352",6
"Plcl1","GSM2545352",1629
"Gm6644","GSM2545352",2
"Satb2","GSM2545352",29
"BC055402","GSM2545352",1
"Tyw5","GSM2545352",534
"Spats2l","GSM2545352",442
"Aox4","GSM2545352",4
"Aox2","GSM2545352",4
"Bzw1","GSM2545352",9541
"Clk1","GSM2545352",8609
"Ppil3","GSM2545352",503
"Nif3l1","GSM2545352",965
"Cflar","GSM2545352",1354
"Casp8","GSM2545352",85
"Stradb","GSM2545352",1385
"Tmem237","GSM2545352",1117
"Cdk15","GSM2545352",7
"Fzd7","GSM2545352",3030
"Sumo1","GSM2545352",3916
"Fam117b","GSM2545352",4568
"Wdr12","GSM2545352",1240
"Nbeal1","GSM2545352",1134
"Abi2","GSM2545352",5687
"Cd28","GSM2545352",82
"Gm11581","GSM2545352",3
"Icos","GSM2545352",0
"Nrp2","GSM2545352",511
"Gm4208","GSM2545352",4
"Ndufs1","GSM2545352",9089
"Eef1b2","GSM2545352",5238
"Gpr1","GSM2545352",5
"Gm11605","GSM2545352",8
"Adam23","GSM2545352",9250
"Dytn","GSM2545352",1
"Mdh1b","GSM2545352",28
"Gm13748","GSM2545352",9
"Ccnyl1","GSM2545352",560
"Plekhm3","GSM2545352",2172
"Rpl10a-ps1","GSM2545352",41
"Cryga","GSM2545352",1
"Pikfyve","GSM2545352",2681
"Map2","GSM2545352",25001
"Unc80","GSM2545352",20809
"Kansl1l","GSM2545352",1525
"Acadl","GSM2545352",2603
"Gm15793","GSM2545352",6
"Spag16","GSM2545352",139
"Bard1","GSM2545352",12
"Abca12","GSM2545352",6
"Atic","GSM2545352",1236
"Fn1","GSM2545352",3691
"Gm5256","GSM2545352",3
"Tmem169","GSM2545352",751
"Xrcc5","GSM2545352",979
"Smarcal1","GSM2545352",3458
"Igfbp2","GSM2545352",2474
"Gm29183","GSM2545352",3
"Rufy4","GSM2545352",3
"Cxcr2","GSM2545352",9
"Arpc2","GSM2545352",5192
"Aamp","GSM2545352",6490
"Tmbim1","GSM2545352",2518
"Catip","GSM2545352",95
"Zfp142","GSM2545352",1949
"Rnf25","GSM2545352",1772
"Ttll4","GSM2545352",2011
"Prkag3","GSM2545352",22
"Gm29539","GSM2545352",1
"Wnt10a","GSM2545352",9
"Ihh","GSM2545352",17
"Slc23a3","GSM2545352",2
"Zfand2b","GSM2545352",548
"Ankzf1","GSM2545352",1361
"Glb1l","GSM2545352",417
"Ptprn","GSM2545352",6277
"Des","GSM2545352",100
"Asic4","GSM2545352",142
"Chpf","GSM2545352",2949
"Obsl1","GSM2545352",926
"Stk11ip","GSM2545352",1369
"Slc4a3","GSM2545352",4445
"Epha4","GSM2545352",1193
"Pax3","GSM2545352",343
"Mogat1","GSM2545352",9
"Kcne4","GSM2545352",61
"Gm5830","GSM2545352",15
"Scg2","GSM2545352",8660
"Mrpl44","GSM2545352",1186
"Gm5529","GSM2545352",33
"Fam124b","GSM2545352",5
"Cul3","GSM2545352",8645
"Nyap2","GSM2545352",1375
"Rhbdd1","GSM2545352",726
"Col4a4","GSM2545352",87
"Col4a3","GSM2545352",92
"Mff","GSM2545352",8829
"Daw1","GSM2545352",26
"Trip12","GSM2545352",8392
"Fbxo36","GSM2545352",149
"Slc16a14","GSM2545352",230
"Gm15433","GSM2545352",1
"Rpl19-ps1","GSM2545352",3
"Sp110","GSM2545352",57
"Sp140","GSM2545352",34
"Sp100","GSM2545352",268
"Cab39","GSM2545352",9641
"Gpr55","GSM2545352",2
"Spata3","GSM2545352",28
"Htr2b","GSM2545352",4
"Armc9","GSM2545352",818
"B3gnt7","GSM2545352",24
"Snora75","GSM2545352",10
"Nmur1","GSM2545352",28
"Dis3l2","GSM2545352",1019
"Gm6136","GSM2545352",29
"Ecel1","GSM2545352",43
"Prss56","GSM2545352",3
"Kcnj13","GSM2545352",555
"Inpp5d","GSM2545352",244
"Scarna6","GSM2545352",3
"Sag","GSM2545352",11
"Dgkd","GSM2545352",11508
"Gm19582","GSM2545352",72
"Usp40","GSM2545352",1581
"Ugt1a7c","GSM2545352",9
"Dnajb3","GSM2545352",47
"Mroh2a","GSM2545352",28
"Spp2","GSM2545352",12
"Gm29538","GSM2545352",8
"Glrp1","GSM2545352",2
"Sh3bp4","GSM2545352",514
"Gbx2","GSM2545352",1
"Iqca","GSM2545352",27
"Ackr3","GSM2545352",297
"Col6a3","GSM2545352",100
"Rab17","GSM2545352",4
"Ube2f","GSM2545352",1665
"Klhl30","GSM2545352",3
"Twist2","GSM2545352",5
"Hdac4","GSM2545352",2096
"Ndufa10","GSM2545352",6179
"Mir149","GSM2545352",1
"Ankmy1","GSM2545352",29
"Rnpepl1","GSM2545352",1570
"Capn10","GSM2545352",1356
"Gpr35","GSM2545352",33
"Pask","GSM2545352",202
"Hdlbp","GSM2545352",8915
"Farp2","GSM2545352",369
"Stk25","GSM2545352",7372
"Thap4","GSM2545352",625
"D2hgdh","GSM2545352",524
"Pdcd1","GSM2545352",5
"Gm7895","GSM2545352",21
"Fam174a","GSM2545352",2125
"Slco4c1","GSM2545352",13
"Panct2","GSM2545352",17
"Gm6430","GSM2545352",6
"Gin1","GSM2545352",466
"Pam","GSM2545352",2230
"Cntnap5b","GSM2545352",884
"Cdh20","GSM2545352",1103
"Pign","GSM2545352",901
"Gm10193","GSM2545352",1
"Tnfrsf11a","GSM2545352",79
"Gm7160","GSM2545352",23
"Gm20753","GSM2545352",6
"Bcl2","GSM2545352",853
"Vps4b","GSM2545352",2564
"Serpinb5","GSM2545352",2
"Serpinb10","GSM2545352",2
"Gm8141","GSM2545352",18
"Cdh7","GSM2545352",1954
"Cdh19","GSM2545352",715
"Gm8173","GSM2545352",2
"Dsel","GSM2545352",394
"Gm6028","GSM2545352",1
"Nifk","GSM2545352",1099
"Clasp1","GSM2545352",3775
"Inhbb","GSM2545352",335
"Gm3551","GSM2545352",1
"Gm28209","GSM2545352",2
"Cfap221","GSM2545352",14
"Sctr","GSM2545352",6
"Tmem37","GSM2545352",29
"En1","GSM2545352",223
"Insig2","GSM2545352",2850
"Ccdc93","GSM2545352",1358
"Htr5b","GSM2545352",19
"Ddx18","GSM2545352",995
"Actr3","GSM2545352",7829
"Slc35f5","GSM2545352",877
"Gpr39","GSM2545352",2
"Mgat5","GSM2545352",4329
"Gm8451","GSM2545352",48
"Tmem163","GSM2545352",3216
"Acmsd","GSM2545352",2
"Zranb3","GSM2545352",212
"Gm28800","GSM2545352",3
"Rpl28-ps1","GSM2545352",36
"Mir128-1","GSM2545352",4
"Lct","GSM2545352",14
"Gm6170","GSM2545352",45
"Thsd7b","GSM2545352",42
"Gm29428","GSM2545352",1
"Cd55","GSM2545352",296
"Gm16083","GSM2545352",18
"C4bp-ps1","GSM2545352",22
"Yod1","GSM2545352",579
"Fcamr","GSM2545352",0
"Dyrk3","GSM2545352",204
"Ikbke","GSM2545352",75
"Srgap2","GSM2545352",9477
"Slc26a9","GSM2545352",4
"Pm20d1","GSM2545352",313
"Rab29","GSM2545352",261
"Cdk18","GSM2545352",756
"Gm29695","GSM2545352",175
"Lemd1","GSM2545352",18
"Gm7241","GSM2545352",0
"Klhdc8a","GSM2545352",993
"Lrrn2","GSM2545352",4464
"Gm29257","GSM2545352",4
"Gm28609","GSM2545352",5
"Plekha6","GSM2545352",5337
"Ren1","GSM2545352",8
"Sox13","GSM2545352",407
"Zbed6","GSM2545352",1264
"Lax1","GSM2545352",4
"Optc","GSM2545352",53
"Prelp","GSM2545352",1680
"Gm8618","GSM2545352",3
"Mybph","GSM2545352",25
"Myog","GSM2545352",0
"Ppfia4","GSM2545352",12866
"Tmem183a","GSM2545352",3368
"Kdm5b","GSM2545352",2497
"Ppp1r12b","GSM2545352",3706
"Ube2t","GSM2545352",89
"Ptprv","GSM2545352",9
"Timm17a","GSM2545352",2051
"Csrp1","GSM2545352",13931
"Tnni1","GSM2545352",139
"Lad1","GSM2545352",38
"Pkp1","GSM2545352",3
"Ascl5","GSM2545352",2
"Cacna1s","GSM2545352",55
"Gm15850","GSM2545352",1
"Kif21b","GSM2545352",1432
"Camsap2","GSM2545352",8364
"Kif14","GSM2545352",10
"Gm29485","GSM2545352",3
"Gm19705","GSM2545352",51
"Mif-ps1","GSM2545352",2
"Nr5a2","GSM2545352",4
"Ptprc","GSM2545352",106
"Lhx9","GSM2545352",326
"Dennd1b","GSM2545352",1013
"Crb1","GSM2545352",10
"Zbtb41","GSM2545352",1920
"Cfhr2","GSM2545352",0
"Gm5837","GSM2545352",11
"Kcnt2","GSM2545352",69
"Gm5835","GSM2545352",41
"Cdc73","GSM2545352",913
"B3galt2","GSM2545352",803
"Glrx2","GSM2545352",2503
"Rgs1","GSM2545352",1
"Gm7266","GSM2545352",10
"Rgs18","GSM2545352",9
"Brinp3","GSM2545352",931
"Ptgs2os","GSM2545352",0
"Ptgs2","GSM2545352",155
"Tpr","GSM2545352",6679
"Swt1","GSM2545352",760
"Mir7682","GSM2545352",4
"Rnf2","GSM2545352",1902
"Gm36527","GSM2545352",1
"Edem3","GSM2545352",3792
"Tsen15","GSM2545352",832
"Colgalt2","GSM2545352",174
"Rgl1","GSM2545352",1541
"Arpc5","GSM2545352",2726
"Ncf2","GSM2545352",90
"Nmnat2","GSM2545352",11542
"Lamc2","GSM2545352",95
"Dhx9","GSM2545352",7187
"Rgs16","GSM2545352",822
"Rgsl1","GSM2545352",17
"Zfp648","GSM2545352",5
"Gm9530","GSM2545352",19
"Stx6","GSM2545352",2316
"Xpr1","GSM2545352",4326
"Gm5532","GSM2545352",2
"Acbd6","GSM2545352",1233
"Lhx4","GSM2545352",1
"Cep350","GSM2545352",3460
"Fam163a","GSM2545352",73
"Tdrd5","GSM2545352",93
"Nphs2","GSM2545352",7
"Gm2000","GSM2545352",25
"Soat1","GSM2545352",708
"Abl2","GSM2545352",2180
"Fam20b","GSM2545352",3950
"Ralgps2","GSM2545352",2249
"Angptl1","GSM2545352",17
"Rasal2","GSM2545352",2615
"Brinp2","GSM2545352",1281
"Gm4953","GSM2545352",5
"Gm31256","GSM2545352",1
"Rabgap1l","GSM2545352",6944
"Gm6177","GSM2545352",1
"Rc3h1","GSM2545352",3734
"Serpinc1","GSM2545352",1
"Snord47","GSM2545352",22
"Dars2","GSM2545352",823
"Cenpl","GSM2545352",121
"Fasl","GSM2545352",19
"Dnm3","GSM2545352",12425
"Dnm3os","GSM2545352",4
"Prrc2c","GSM2545352",7558
"Fmo2","GSM2545352",469
"Mettl11b","GSM2545352",9
"BC055324","GSM2545352",113
"Sele","GSM2545352",18
"Selp","GSM2545352",6
"F5","GSM2545352",863
"Nme7","GSM2545352",552
"Atp1b1","GSM2545352",72459
"Gm26685","GSM2545352",3
"Dpt","GSM2545352",4
"Gm20743","GSM2545352",255
"Sft2d2","GSM2545352",1452
"Tiprl","GSM2545352",2537
"Rcsd1","GSM2545352",222
"Gm32999","GSM2545352",2
"Dusp27","GSM2545352",16
"Mael","GSM2545352",0
"Gm16418","GSM2545352",14
"Gm16701","GSM2545352",206
"Aldh9a1","GSM2545352",2164
"Mgst3","GSM2545352",2421
"Lrrc52","GSM2545352",4
"Rxrg","GSM2545352",46
"Lmx1a","GSM2545352",86
"Pbx1","GSM2545352",4691
"Asl","GSM2545353",541
"Apod","GSM2545353",13682
"Cyp2d22","GSM2545353",2216
"Klk6","GSM2545353",710
"Fcrls","GSM2545353",285
"Slc2a4","GSM2545353",320
"Exd2","GSM2545353",2711
"Gjc2","GSM2545353",534
"Plp1","GSM2545353",71237
"Gnb4","GSM2545353",1711
"Tnc","GSM2545353",719
"Trf","GSM2545353",19169
"Tubb2b","GSM2545353",4198
"Fads1","GSM2545353",8702
"Lxn","GSM2545353",2878
"Prr18","GSM2545353",1982
"Cmtm5","GSM2545353",2338
"Enpp1","GSM2545353",654
"Clic4","GSM2545353",7954
"Tm6sf2","GSM2545353",207
"Slc20a2","GSM2545353",5751
"Itih3","GSM2545353",2910
"Ptn","GSM2545353",8354
"Prodh","GSM2545353",1420
"Msantd1","GSM2545353",263
"Ugt8a","GSM2545353",2822
"Fbln5","GSM2545353",631
"Trp53inp2","GSM2545353",11645
"Slc7a3","GSM2545353",486
"Dnase1l2","GSM2545353",482
"Icosl","GSM2545353",577
"Rmnd1","GSM2545353",1243
"Tssk5","GSM2545353",91
"Pycr1","GSM2545353",94
"Pla2g3","GSM2545353",185
"Vmn2r1","GSM2545353",39
"Gm29797","GSM2545353",123
"Phyhd1","GSM2545353",1052
"Gpr146","GSM2545353",980
"Mag","GSM2545353",7026
"Tufm","GSM2545353",2160
"Igdcc4","GSM2545353",3326
"Gm10654","GSM2545353",169
"Ncmap","GSM2545353",55
"Etv4","GSM2545353",529
"Fabp7","GSM2545353",621
"Cpsf4l","GSM2545353",93
"Hexa","GSM2545353",1716
"Mfge8","GSM2545353",2333
"Ccdc136","GSM2545353",3874
"Glul","GSM2545353",52451
"Hopx","GSM2545353",6584
"Pigq","GSM2545353",4322
"Vps11","GSM2545353",3255
"Proca1","GSM2545353",302
"Fbxl22","GSM2545353",281
"Sfxn5","GSM2545353",11695
"Hexim2","GSM2545353",511
"Agt","GSM2545353",3338
"Rlbp1","GSM2545353",396
"Jam2","GSM2545353",3969
"Lcat","GSM2545353",2905
"Oxct1","GSM2545353",15125
"Cacna1e","GSM2545353",9696
"Fa2h","GSM2545353",1689
"Plxnb3","GSM2545353",1093
"Lman2l","GSM2545353",1355
"Dpy19l1","GSM2545353",2519
"Kctd21","GSM2545353",919
"Thra","GSM2545353",12164
"Dok3","GSM2545353",173
"Sult1a1","GSM2545353",724
"Rpe","GSM2545353",1364
"Acrbp","GSM2545353",464
"Slc2a9","GSM2545353",99
"Emp2","GSM2545353",1409
"Aipl1","GSM2545353",20
"Uri1","GSM2545353",2205
"Bcs1l","GSM2545353",507
"Rbm3","GSM2545353",5668
"Tra2a","GSM2545353",5630
"Prex1","GSM2545353",5329
"Josd2","GSM2545353",1785
"Tmco3","GSM2545353",1697
"Srebf1","GSM2545353",2428
"Acer2","GSM2545353",435
"Tsga10","GSM2545353",376
"Cyp3a13","GSM2545353",93
"Relt","GSM2545353",681
"Nrep","GSM2545353",36267
"Slc14a1","GSM2545353",1621
"Pnpla2","GSM2545353",1348
"Map6d1","GSM2545353",2312
"Ier5","GSM2545353",899
"Bfsp2","GSM2545353",122
"Idi1","GSM2545353",634
"Kat2b","GSM2545353",5774
"Rmdn3","GSM2545353",5769
"Eif4b","GSM2545353",9076
"Grm4","GSM2545353",16586
"Pink1","GSM2545353",18197
"Mettl16","GSM2545353",1232
"Fam193b","GSM2545353",3349
"Rtca","GSM2545353",1485
"Fgfbp1","GSM2545353",59
"Pigs","GSM2545353",2962
"Cfp","GSM2545353",1019
"Desi1","GSM2545353",6213
"Gbp4","GSM2545353",145
"Nid1","GSM2545353",1158
"Armcx5","GSM2545353",617
"Cryab","GSM2545353",3746
"Prss53","GSM2545353",189
"Car4","GSM2545353",5883
"Gm6277","GSM2545353",213
"Amt","GSM2545353",1249
"Zc3h6","GSM2545353",1287
"Aqp4","GSM2545353",20813
"Tmem198b","GSM2545353",1068
"Abi3bp","GSM2545353",1160
"Xpa","GSM2545353",448
"Aldh6a1","GSM2545353",4122
"Adam1a","GSM2545353",670
"Dynlt1a","GSM2545353",660
"Gatm","GSM2545353",5219
"H2-Q4","GSM2545353",236
"Nras","GSM2545353",1990
"Pla2g4e","GSM2545353",328
"Lpar1","GSM2545353",2045
"Il12rb1","GSM2545353",38
"Enpp6","GSM2545353",527
"Ermn","GSM2545353",4026
"Marcksl1","GSM2545353",1149
"Ubqln4","GSM2545353",3984
"Glt8d1","GSM2545353",1555
"Ddx25","GSM2545353",1558
"Gpr17","GSM2545353",809
"Cat","GSM2545353",2518
"Wwox","GSM2545353",940
"Phkg1","GSM2545353",800
"Ppp1r3f","GSM2545353",1059
"Mrpl35","GSM2545353",1431
"Nudt9","GSM2545353",1623
"Lypd6","GSM2545353",1320
"Spice1","GSM2545353",768
"Tuba8","GSM2545353",1455
"Spon1","GSM2545353",4481
"Nfya","GSM2545353",1190
"Sc5d","GSM2545353",4127
"Aldh18a1","GSM2545353",1017
"Ebp","GSM2545353",1179
"Srr","GSM2545353",2885
"Gm14827","GSM2545353",452
"Gm31135","GSM2545353",65
"Adam17","GSM2545353",1234
"Slc39a2","GSM2545353",861
"Snn","GSM2545353",5235
"Hnrnpc","GSM2545353",10391
"Srbd1","GSM2545353",611
"Ptp4a1","GSM2545353",1614
"Tppp","GSM2545353",11472
"Stac3","GSM2545353",198
"Emid1","GSM2545353",473
"Cotl1","GSM2545353",3610
"Ovgp1","GSM2545353",675
"Ssx2ip","GSM2545353",3355
"Hsd3b7","GSM2545353",803
"Kazald1","GSM2545353",214
"Omd","GSM2545353",199
"Bcas1","GSM2545353",6557
"Gm9925","GSM2545353",381
"Dleu2","GSM2545353",544
"Chil3","GSM2545353",35
"Deaf1","GSM2545353",2231
"Dusp19","GSM2545353",302
"Gkn3","GSM2545353",166
"Pllp","GSM2545353",1549
"Sox2ot","GSM2545353",1040
"Ntf3","GSM2545353",194
"Lum","GSM2545353",320
"Gm20751","GSM2545353",115
"Thnsl2","GSM2545353",154
"Slc2a4rg-ps","GSM2545353",703
"Agpat5","GSM2545353",4055
"Mdk","GSM2545353",1104
"Penk","GSM2545353",3422
"Cirbp","GSM2545353",2724
"Aloxe3","GSM2545353",465
"Nudt5","GSM2545353",573
"Serpinb1a","GSM2545353",620
"Mt1","GSM2545353",7908
"Fgfr3","GSM2545353",4168
"Myo1d","GSM2545353",914
"Cd99l2","GSM2545353",3663
"C2cd2","GSM2545353",936
"Brsk2","GSM2545353",6658
"Mrrf","GSM2545353",598
"Snhg4","GSM2545353",297
"Hmgcs1","GSM2545353",6361
"Stk17b","GSM2545353",5064
"Cyp51","GSM2545353",2384
"Gria4","GSM2545353",26577
"Ttyh1","GSM2545353",22165
"Slc13a1","GSM2545353",136
"Phf7","GSM2545353",205
"Get4","GSM2545353",1320
"Gstm1","GSM2545353",8957
"Fbxo31","GSM2545353",2774
"Padi2","GSM2545353",1229
"Gnmt","GSM2545353",176
"Paip2b","GSM2545353",4176
"Slc17a9","GSM2545353",17
"Vopp1","GSM2545353",2040
"Ogdhl","GSM2545353",4271
"Dcaf12","GSM2545353",3080
"Rorc","GSM2545353",1298
"Cp","GSM2545353",1459
"Jade2","GSM2545353",2485
"Nbl1","GSM2545353",3240
"Hsph1","GSM2545353",6194
"Serf2","GSM2545353",4260
"Rasgef1a","GSM2545353",4309
"Prrg1","GSM2545353",583
"Etnppl","GSM2545353",6601
"Cyp4f15","GSM2545353",133
"Ankrd29","GSM2545353",1341
"Gm27252","GSM2545353",68
"Kctd2","GSM2545353",3590
"Iigp1","GSM2545353",90
"Ak4","GSM2545353",5061
"Idh2","GSM2545353",1680
"Camkk1","GSM2545353",2952
"Rftn2","GSM2545353",1438
"Igtp","GSM2545353",163
"Bche","GSM2545353",437
"Marcks","GSM2545353",7037
"Pabpc4","GSM2545353",962
"Pmp22","GSM2545353",1721
"Car14","GSM2545353",997
"Serpinh1","GSM2545353",1436
"Ppp1r13b","GSM2545353",3086
"Tfrc","GSM2545353",5675
"Smox","GSM2545353",2316
"Tjap1","GSM2545353",1054
"Msmo1","GSM2545353",2309
"Slc26a8","GSM2545353",100
"Eml3","GSM2545353",1298
"Csf2ra","GSM2545353",680
"Rnf141","GSM2545353",3506
"Slc25a16","GSM2545353",1454
"Echdc1","GSM2545353",1600
"Eid2b","GSM2545353",813
"Piga","GSM2545353",584
"Ccdc149","GSM2545353",1153
"Car15","GSM2545353",863
"Eny2","GSM2545353",2950
"Mroh1","GSM2545353",4022
"Pcyox1l","GSM2545353",814
"Ankrd39","GSM2545353",439
"Timeless","GSM2545353",386
"Sparc","GSM2545353",38131
"Slc7a10","GSM2545353",1744
"Ppp1r2","GSM2545353",5022
"Psmf1","GSM2545353",1289
"Adat1","GSM2545353",289
"Slc6a12","GSM2545353",217
"Snhg3","GSM2545353",232
"Prg4","GSM2545353",734
"Plod1","GSM2545353",1022
"Whamm","GSM2545353",1161
"Ttpa","GSM2545353",522
"Thbs3","GSM2545353",194
"Gltp","GSM2545353",1861
"Pex6","GSM2545353",2208
"Aim2","GSM2545353",162
"Ednrb","GSM2545353",6084
"Nuf2","GSM2545353",179
"Mog","GSM2545353",2654
"Ccl27a","GSM2545353",2231
"Tac4","GSM2545353",11
"Snhg8","GSM2545353",423
"Ak6","GSM2545353",430
"Kctd20","GSM2545353",3228
"Itgb4","GSM2545353",716
"Zfp810","GSM2545353",610
"Gm33489","GSM2545353",227
"Gna12","GSM2545353",1802
"Cyp4v3","GSM2545353",707
"Pkp4","GSM2545353",13422
"Agpat1","GSM2545353",3015
"Gipr","GSM2545353",34
"Edn3","GSM2545353",337
"Prr15","GSM2545353",30
"Traf1","GSM2545353",275
"Pim2","GSM2545353",1442
"Lrrc8a","GSM2545353",3538
"Erp44","GSM2545353",1999
"Tmem33","GSM2545353",6432
"Fen1","GSM2545353",699
"Tfap4","GSM2545353",377
"Lman2","GSM2545353",3838
"Senp8","GSM2545353",325
"Alg14","GSM2545353",941
"Ddah1","GSM2545353",4818
"Pomt1","GSM2545353",693
"Rab3b","GSM2545353",372
"Lrrc29","GSM2545353",66
"Nqo1","GSM2545353",432
"Gpr137b","GSM2545353",701
"Pcif1","GSM2545353",2415
"Qdpr","GSM2545353",5939
"Dcdc2b","GSM2545353",403
"Rap2a","GSM2545353",2544
"Cnpy4","GSM2545353",621
"Wdr41","GSM2545353",1688
"Gm20627","GSM2545353",50
"Mmaa","GSM2545353",1730
"Gm13562","GSM2545353",44
"Cd70","GSM2545353",60
"Itm2a","GSM2545353",2474
"Avil","GSM2545353",97
"Zscan22","GSM2545353",638
"Itgb3","GSM2545353",96
"Col11a2","GSM2545353",660
"Apoc1","GSM2545353",58
"Tmeff2","GSM2545353",2428
"Tyro3","GSM2545353",7022
"Ift22","GSM2545353",1280
"Mtmr7","GSM2545353",2592
"Gabrr2","GSM2545353",82
"Ube2v2","GSM2545353",2280
"C77080","GSM2545353",1516
"Elovl5","GSM2545353",4721
"Serinc5","GSM2545353",2938
"Pyroxd2","GSM2545353",231
"Ypel2","GSM2545353",2196
"Parp3","GSM2545353",379
"Xpo1","GSM2545353",6356
"Polr2a","GSM2545353",5367
"Tspyl4","GSM2545353",30271
"Irgm1","GSM2545353",335
"Cep131","GSM2545353",925
"Sema4d","GSM2545353",3870
"Gbp6","GSM2545353",216
"Zfp119b","GSM2545353",194
"Eps15","GSM2545353",14845
"Pxmp2","GSM2545353",225
"Tomm40l","GSM2545353",2308
"Atat1","GSM2545353",1252
"Chrac1","GSM2545353",382
"Mrpl24","GSM2545353",1833
"Ipo9","GSM2545353",7163
"Actg1","GSM2545353",8892
"Noxred1","GSM2545353",72
"Gm20501","GSM2545353",167
"H2-K1","GSM2545353",1239
"Lig1","GSM2545353",653
"Morn2","GSM2545353",318
"Dcakd","GSM2545353",1202
"Nop14","GSM2545353",1096
"Bbs1","GSM2545353",1656
"Tada2b","GSM2545353",1341
"Gal3st1","GSM2545353",269
"Xpc","GSM2545353",861
"Irf2bp2","GSM2545353",3282
"Spns2","GSM2545353",2224
"Pole","GSM2545353",106
"Fam78b","GSM2545353",2009
"Ggcx","GSM2545353",1011
"Anks1","GSM2545353",2506
"Pgm2","GSM2545353",3708
"Zgrf1","GSM2545353",415
"Alkbh3","GSM2545353",503
"Dnd1","GSM2545353",90
"Lime1","GSM2545353",2937
"Trim23","GSM2545353",4129
"Abhd14a","GSM2545353",683
"Zkscan3","GSM2545353",2265
"Fam131b","GSM2545353",8755
"Elovl1","GSM2545353",803
"Trim72","GSM2545353",49
"Klhdc9","GSM2545353",120
"Iqck","GSM2545353",95
"Smim14","GSM2545353",6456
"Kcnab3","GSM2545353",1551
"Ing5","GSM2545353",594
"Cnnm3","GSM2545353",2708
"Fn3k","GSM2545353",1176
"Cnp","GSM2545353",15243
"Uros","GSM2545353",785
"Eml1","GSM2545353",2854
"Lgals3","GSM2545353",73
"Gjb1","GSM2545353",693
"Dynll1","GSM2545353",3059
"Cyp2j12","GSM2545353",138
"Crip3","GSM2545353",51
"Sbk1","GSM2545353",28935
"Camkk2","GSM2545353",12065
"Setd7","GSM2545353",18371
"Btf3l4","GSM2545353",2003
"Acbd4","GSM2545353",1508
"Gm16835","GSM2545353",219
"Gpr37","GSM2545353",2114
"Prr5l","GSM2545353",640
"Slain1","GSM2545353",2389
"Calr","GSM2545353",13247
"Bst1","GSM2545353",11
"Fmnl3","GSM2545353",410
"Gpr89","GSM2545353",678
"Zranb1","GSM2545353",6812
"Col27a1","GSM2545353",1002
"Emc8","GSM2545353",3422
"Ormdl3","GSM2545353",3034
"Capg","GSM2545353",107
"Zbtb21","GSM2545353",1100
"Sord","GSM2545353",884
"Tsc22d1","GSM2545353",12155
"Gpld1","GSM2545353",2728
"Cdh4","GSM2545353",862
"Hkdc1","GSM2545353",72
"Ggact","GSM2545353",1520
"Zfp493","GSM2545353",182
"Mkks","GSM2545353",1659
"Gm15423","GSM2545353",72
"Npas2","GSM2545353",164
"Plin4","GSM2545353",786
"Rragc","GSM2545353",3014
"Nsun3","GSM2545353",543
"Hgsnat","GSM2545353",2927
"Acr","GSM2545353",54
"Ccdc167","GSM2545353",1402
"Thap1","GSM2545353",470
"Egfl8","GSM2545353",152
"Vps33a","GSM2545353",4510
"Igbp1","GSM2545353",1308
"Tbx6","GSM2545353",87
"Dcst2","GSM2545353",14
"Rbm28","GSM2545353",2367
"Pms1","GSM2545353",403
"Rtcb","GSM2545353",4185
"Smad9","GSM2545353",1907
"Ubxn2b","GSM2545353",924
"Rnf170","GSM2545353",1739
"Pithd1","GSM2545353",2407
"Steap3","GSM2545353",126
"Tomm20","GSM2545353",9377
"Klf15","GSM2545353",1852
"Amz2","GSM2545353",1973
"Folh1","GSM2545353",543
"Ubfd1","GSM2545353",3206
"Gpx3","GSM2545353",472
"C4b","GSM2545353",805
"Mdfi","GSM2545353",535
"Nucb2","GSM2545353",309
"Clip4","GSM2545353",1431
"Tipin","GSM2545353",752
"Amy1","GSM2545353",959
"Efhd1","GSM2545353",1861
"Smim15","GSM2545353",2379
"Zfp658","GSM2545353",935
"E2f6","GSM2545353",2064
"Lix1","GSM2545353",563
"Coq4","GSM2545353",392
"Otoa","GSM2545353",48
"Mex3a","GSM2545353",267
"Tmem132c","GSM2545353",1301
"Dclk1","GSM2545353",17854
"Eml2","GSM2545353",3461
"Glyr1","GSM2545353",8341
"Gm1976","GSM2545353",404
"Smyd3","GSM2545353",1345
"Dcaf8","GSM2545353",8131
"Lias","GSM2545353",1099
"Msn","GSM2545353",3229
"Timmdc1","GSM2545353",691
"H2-Q6","GSM2545353",65
"Asic3","GSM2545353",53
"Col5a3","GSM2545353",297
"Stx3","GSM2545353",2661
"AW046200","GSM2545353",192
"Hsf1","GSM2545353",1752
"Colq","GSM2545353",176
"Rcor3","GSM2545353",1452
"Slc6a20a","GSM2545353",980
"Prps1","GSM2545353",2496
"Keap1","GSM2545353",2132
"Tap2","GSM2545353",463
"Slc16a7","GSM2545353",1463
"Eif2b3","GSM2545353",618
"Flywch1","GSM2545353",13184
"Amigo2","GSM2545353",998
"Hspd1","GSM2545353",8702
"Sost","GSM2545353",59
"Gm8615","GSM2545353",51
"Kcnk13","GSM2545353",184
"Tspyl2","GSM2545353",5320
"Spsb3","GSM2545353",2418
"Gm8493","GSM2545353",32
"Fgf22","GSM2545353",90
"Slc6a6","GSM2545353",4994
"Xist","GSM2545353",47089
"Ddx3y","GSM2545353",0
"Eif2s3y","GSM2545353",0
"Kdm5d","GSM2545353",1
"Uty","GSM2545353",0
"Eif2s3x","GSM2545353",2186
"Kdm6a","GSM2545353",3447
"Casp12","GSM2545353",321
"Ddx3x","GSM2545353",24318
"Prl2c3","GSM2545353",151
"Casp1","GSM2545353",124
"Pbdc1","GSM2545353",594
"Kdm5c","GSM2545353",5531
"Ctxn2","GSM2545353",162
"Ldoc1","GSM2545353",387
"Gpr179","GSM2545353",44
"Pou4f1","GSM2545353",21
"Tmprss3","GSM2545353",44
"Prl2c2","GSM2545353",36
"Slc35b1","GSM2545353",1652
"Myoc","GSM2545353",520
"Cartpt","GSM2545353",8
"Tchh","GSM2545353",85
"H2-Q2","GSM2545353",21
"Ascl1","GSM2545353",94
"Crhr1","GSM2545353",3171
"Gm4017","GSM2545353",13
"Impg1","GSM2545353",61
"Rxfp3","GSM2545353",21
"AI504432","GSM2545353",1157
"Mpo","GSM2545353",15
"Oxtr","GSM2545353",37
"Usp2","GSM2545353",4863
"Lor","GSM2545353",25
"Srrm4","GSM2545353",3658
"Slc35g1","GSM2545353",184
"Tceal6","GSM2545353",1409
"Dach2","GSM2545353",126
"Lgr6","GSM2545353",302
"Kcna4","GSM2545353",219
"Zfyve28","GSM2545353",3409
"Hps4","GSM2545353",817
"Ucp3","GSM2545353",67
"Mettl17","GSM2545353",866
"Atg9b","GSM2545353",60
"Usp3","GSM2545353",5289
"Acta2","GSM2545353",218
"Wdr24","GSM2545353",672
"Zw10","GSM2545353",1663
"Ubtd2","GSM2545353",2659
"Slc6a4","GSM2545353",1
"Cog1","GSM2545353",2221
"S100a9","GSM2545353",206
"Nadk","GSM2545353",2752
"Col6a1","GSM2545353",602
"Susd2","GSM2545353",246
"Fam53b","GSM2545353",2575
"Npas1","GSM2545353",15
"Rhbdf1","GSM2545353",580
"Cacnb1","GSM2545353",919
"Zfp579","GSM2545353",1091
"Dtx4","GSM2545353",1071
"Chrm3","GSM2545353",112
"Plcl2","GSM2545353",1761
"Ptprj","GSM2545353",3837
"Cyhr1","GSM2545353",6825
"Stx5a","GSM2545353",2651
"Smim8","GSM2545353",487
"Pappa2","GSM2545353",8
"Stbd1","GSM2545353",66
"Rln3","GSM2545353",0
"Ldlr","GSM2545353",1225
"Bmp2","GSM2545353",64
"Itga10","GSM2545353",369
"Unc45a","GSM2545353",1603
"Hap1","GSM2545353",3666
"Gm35339","GSM2545353",434
"Serpinb8","GSM2545353",129
"Tmem200c","GSM2545353",277
"Ngb","GSM2545353",93
"Myh11","GSM2545353",246
"Ass1","GSM2545353",581
"Ccdc28b","GSM2545353",1872
"Vsx2","GSM2545353",2
"Klhl1","GSM2545353",291
"Slit1","GSM2545353",177
"Rbm10","GSM2545353",3350
"Sgk1","GSM2545353",5329
"Zbtb24","GSM2545353",803
"Kif5a","GSM2545353",41195
"Alox8","GSM2545353",132
"Rgcc","GSM2545353",362
"Olfr1033","GSM2545353",109
"Lrrn4","GSM2545353",7
"Trim59","GSM2545353",889
"Pnma2","GSM2545353",348
"Arc","GSM2545353",902
"Lypd6b","GSM2545353",119
"Prkar2b","GSM2545353",893
"Gabrd","GSM2545353",6270
"Sh3gl1","GSM2545353",1791
"Rab9b","GSM2545353",1275
"Slc9a2","GSM2545353",228
"Gata3","GSM2545353",17
"Rnd3","GSM2545353",576
"Tdgf1","GSM2545353",256
"Tph2","GSM2545353",23
"Gprc5c","GSM2545353",2715
"Syt16","GSM2545353",193
"Cdyl","GSM2545353",602
"St8sia2","GSM2545353",111
"Usp19","GSM2545353",6669
"Foxj2","GSM2545353",2641
"Wdfy2","GSM2545353",1921
"Fibcd1","GSM2545353",70
"Hs3st4","GSM2545353",107
"Rab27b","GSM2545353",345
"Gm4988","GSM2545353",127
"Hebp1","GSM2545353",296
"Mrgpre","GSM2545353",144
"Slc22a4","GSM2545353",2878
"Txndc11","GSM2545353",1378
"Pgr15l","GSM2545353",14
"Evpl","GSM2545353",42
"Pax7","GSM2545353",20
"Trim65","GSM2545353",148
"Gm33533","GSM2545353",24
"Otof","GSM2545353",128
"Alk","GSM2545353",54
"Acap3","GSM2545353",3823
"Erdr1","GSM2545353",454
"Kcnq5","GSM2545353",136
"Msln","GSM2545353",78
"Tbc1d20","GSM2545353",1252
"Slc16a10","GSM2545353",260
"Errfi1","GSM2545353",2020
"Nr2e1","GSM2545353",10
"Gpr149","GSM2545353",12
"Plcxd1","GSM2545353",193
"Lrch3","GSM2545353",5590
"Morc2b","GSM2545353",134
"Elfn1","GSM2545353",125
"Rnf180","GSM2545353",388
"Pcdhb8","GSM2545353",168
"Creg2","GSM2545353",510
"Erich3","GSM2545353",887
"Rpp25","GSM2545353",171
"Fgfr1","GSM2545353",7402
"Sfrp2","GSM2545353",33
"Rprm","GSM2545353",77
"Tmem120b","GSM2545353",543
"Tpra1","GSM2545353",2133
"Igsf9","GSM2545353",18
"Jakmip1","GSM2545353",853
"Hsf4","GSM2545353",215
"Pcbd1","GSM2545353",144
"Rasgrf2","GSM2545353",574
"Dgkk","GSM2545353",78
"Paxip1","GSM2545353",2047
"Smtn","GSM2545353",268
"Cmpk2","GSM2545353",653
"Drd4","GSM2545353",17
"Samd11","GSM2545353",34
"Magel2","GSM2545353",50
"Csrnp3","GSM2545353",1788
"Zfp941","GSM2545353",747
"Lrrc1","GSM2545353",834
"Tmie","GSM2545353",291
"Pcdh8","GSM2545353",141
"Glra2","GSM2545353",205
"Gpatch8","GSM2545353",5730
"Slc6a16","GSM2545353",18
"Grm7","GSM2545353",1062
"Ybx3","GSM2545353",1954
"Tenm3","GSM2545353",795
"Npffr1","GSM2545353",15
"Slc39a11","GSM2545353",424
"Otp","GSM2545353",3
"Hoga1","GSM2545353",73
"Egfl6","GSM2545353",22
"Plch2","GSM2545353",9104
"Pde11a","GSM2545353",60
"Zfp335","GSM2545353",1597
"Gpr61","GSM2545353",265
"Tox","GSM2545353",116
"Gabrr1","GSM2545353",12
"Jun","GSM2545353",3140
"Cox7b2","GSM2545353",29
"Mn1","GSM2545353",206
"Tmem130","GSM2545353",3988
"Dusp11","GSM2545353",8616
"Tmem91","GSM2545353",97
"Rbms2","GSM2545353",1209
"Inpp5j","GSM2545353",6577
"Vstm2a","GSM2545353",1052
"C1qtnf2","GSM2545353",40
"Ctns","GSM2545353",1302
"Smarcd2","GSM2545353",3499
"Dbpht2","GSM2545353",99
"Ltbp2","GSM2545353",2072
"Drd1","GSM2545353",24
"Dact2","GSM2545353",175
"E4f1","GSM2545353",1334
"Zfp598","GSM2545353",2870
"Zcchc12","GSM2545353",912
"Zfp263","GSM2545353",1445
"Tspyl3","GSM2545353",588
"Arhgap10","GSM2545353",783
"Plxnb2","GSM2545353",6681
"Doc2a","GSM2545353",113
"Tmem29","GSM2545353",506
"Dpf2","GSM2545353",3256
"Foxl2os","GSM2545353",39
"Slc47a1","GSM2545353",488
"Nap1l5","GSM2545353",21439
"Mapk7","GSM2545353",1362
"Grem2","GSM2545353",154
"Pcdh10","GSM2545353",1677
"Nol3","GSM2545353",313
"Gpr83","GSM2545353",64
"Nrsn2","GSM2545353",2324
"Prss16","GSM2545353",34
"Pcdh18","GSM2545353",124
"Emx2","GSM2545353",8
"Ccdc81","GSM2545353",66
"Rwdd2a","GSM2545353",354
"Mpped1","GSM2545353",283
"Galnt7","GSM2545353",2234
"S100a8","GSM2545353",114
"Mau2","GSM2545353",4799
"Ptpn23","GSM2545353",2963
"Sstr1","GSM2545353",167
"Wdfy4","GSM2545353",44
"Anxa3","GSM2545353",458
"C3","GSM2545353",87
"Tead4","GSM2545353",251
"Clvs2","GSM2545353",325
"Gaa","GSM2545353",7301
"Zfp219","GSM2545353",6655
"Bves","GSM2545353",17
"Tmem161a","GSM2545353",1061
"Unc5d","GSM2545353",579
"Cd180","GSM2545353",49
"Scml4","GSM2545353",33
"Stk38","GSM2545353",2598
"Sox17","GSM2545353",322
"Srsf9","GSM2545353",1734
"Herpud1","GSM2545353",3365
"Hmbs","GSM2545353",518
"Gm2824","GSM2545353",46
"Mir1901","GSM2545353",33
"Adamts19","GSM2545353",15
"Zfp36l1","GSM2545353",1753
"Impact","GSM2545353",8598
"Trmt6","GSM2545353",1701
"Plekhm1","GSM2545353",1886
"Basp1","GSM2545353",1169
"Grid1","GSM2545353",1066
"Zdbf2","GSM2545353",519
"Tal1","GSM2545353",77
"Raf1","GSM2545353",4344
"Pgpep1l","GSM2545353",21
"Fzd4","GSM2545353",1220
"Tfdp1","GSM2545353",2057
"Pdzrn4","GSM2545353",69
"Ier3","GSM2545353",504
"Mir378a","GSM2545353",4
"Magee2","GSM2545353",90
"Plekhg2","GSM2545353",322
"Boc","GSM2545353",4359
"Ddx39b","GSM2545353",5884
"H2-T24","GSM2545353",80
"Insm1","GSM2545353",29
"Vstm5","GSM2545353",78
"Kctd4","GSM2545353",154
"Oprm1","GSM2545353",116
"Zfand6","GSM2545353",2896
"Cx3cl1","GSM2545353",3025
"Tacr3","GSM2545353",61
"Gpr4","GSM2545353",169
"Ptgis","GSM2545353",104
"Ccdc28a","GSM2545353",473
"Ido2","GSM2545353",3
"Elfn2","GSM2545353",1088
"Ngp","GSM2545353",124
"Ptpro","GSM2545353",284
"Neto1","GSM2545353",213
"Col6a2","GSM2545353",519
"Fev","GSM2545353",9
"Mmab","GSM2545353",636
"Resp18","GSM2545353",816
"Amn","GSM2545353",28
"Tmem132b","GSM2545353",585
"St6gal2","GSM2545353",216
"Tbc1d25","GSM2545353",826
"Pdcd2l","GSM2545353",676
"Acot3","GSM2545353",16
"Gm5468","GSM2545353",2
"Atg16l1","GSM2545353",2159
"Rpl14-ps1","GSM2545353",35
"Glra3","GSM2545353",168
"Plekhh3","GSM2545353",1978
"Pcdhga1","GSM2545353",127
"Gm9899","GSM2545353",1422
"Eps8l1","GSM2545353",266
"Serpina3g","GSM2545353",15
"Pcdh17","GSM2545353",1371
"Riok3","GSM2545353",3997
"Dcaf12l2","GSM2545353",10
"Ankrd6","GSM2545353",532
"Dhrs11","GSM2545353",502
"Zdhhc22","GSM2545353",234
"Hmgb3","GSM2545353",522
"Mid1","GSM2545353",305
"Celf3","GSM2545353",1951
"Akap5","GSM2545353",264
"Phlda3","GSM2545353",512
"Arfgap2","GSM2545353",3608
"Gabpb1","GSM2545353",1310
"Mybpc1","GSM2545353",2803
"Nfkbia","GSM2545353",1065
"Gabra3","GSM2545353",905
"Gtpbp2","GSM2545353",2919
"Ptgdr","GSM2545353",56
"Myh15","GSM2545353",34
"Ciz1","GSM2545353",1814
"Tmem62","GSM2545353",2945
"Pan3","GSM2545353",4817
"Pld3","GSM2545353",2890
"Trim3","GSM2545353",6737
"Spata2l","GSM2545353",667
"Gm2223","GSM2545353",25
"Dnah1","GSM2545353",131
"Pnoc","GSM2545353",92
"Dzank1","GSM2545353",8549
"Safb2","GSM2545353",3719
"Rnf128","GSM2545353",1204
"Jpx","GSM2545353",324
"Il16","GSM2545353",7227
"Slc26a7","GSM2545353",423
"Rspo1","GSM2545353",15
"Hcfc2","GSM2545353",2007
"Gm35315","GSM2545353",74
"Tyrp1","GSM2545353",12
"Pank4","GSM2545353",1921
"Ngef","GSM2545353",684
"Llgl1","GSM2545353",3363
"Usp12","GSM2545353",2593
"Ppp2r2d","GSM2545353",2388
"Zfp677","GSM2545353",191
"Heyl","GSM2545353",114
"Sin3b","GSM2545353",2634
"Sidt1","GSM2545353",1978
"Spin2c","GSM2545353",125
"Wasf2","GSM2545353",1478
"Tmem14a","GSM2545353",810
"Cntnap5a","GSM2545353",632
"Ccm2l","GSM2545353",185
"Sema3e","GSM2545353",758
"Il18bp","GSM2545353",438
"Slc35f1","GSM2545353",1414
"Best1","GSM2545353",33
"Pde8b","GSM2545353",787
"Htr7","GSM2545353",72
"Cfap57","GSM2545353",49
"Sgsm1","GSM2545353",4554
"Scn3b","GSM2545353",319
"Mark3","GSM2545353",3704
"Acsl5","GSM2545353",587
"Qpct","GSM2545353",174
"Iqcc","GSM2545353",737
"Noc2l","GSM2545353",2763
"Slc25a27","GSM2545353",4656
"Kdm4b","GSM2545353",2789
"Pde1b","GSM2545353",1327
"Pcdha10","GSM2545353",93
"Gja5","GSM2545353",23
"Irs4","GSM2545353",19
"Mamdc4","GSM2545353",204
"Mthfd2l","GSM2545353",301
"Lrrtm1","GSM2545353",263
"Tacr1","GSM2545353",53
"Lmo3","GSM2545353",216
"Psg16","GSM2545353",980
"Abcc8","GSM2545353",2783
"Epc1","GSM2545353",3162
"Slc6a7","GSM2545353",458
"Col4a5","GSM2545353",470
"Gm8013","GSM2545353",8
"Clpx","GSM2545353",2096
"Dffb","GSM2545353",435
"Senp3","GSM2545353",3002
"Hhex","GSM2545353",66
"Per2","GSM2545353",3813
"Rnpep","GSM2545353",1659
"Ttll1","GSM2545353",858
"Ppp1r1c","GSM2545353",13
"Moxd1","GSM2545353",369
"Susd6","GSM2545353",5477
"Ighm","GSM2545353",154
"Fam131a","GSM2545353",3790
"Zfp92","GSM2545353",55
"Kirrel","GSM2545353",540
"Npsr1","GSM2545353",4
"Kcnj16","GSM2545353",1581
"Atg10","GSM2545353",350
"Vwc2l","GSM2545353",59
"Sox14","GSM2545353",14
"Zc3h3","GSM2545353",559
"Gak","GSM2545353",4525
"Tox2","GSM2545353",155
"Tenm2","GSM2545353",999
"Begain","GSM2545353",881
"Dsc3","GSM2545353",11
"Fbll1","GSM2545353",384
"Dnah7a","GSM2545353",18
"Gm3764","GSM2545353",4577
"Strip1","GSM2545353",3228
"Nmnat3","GSM2545353",54
"Lims2","GSM2545353",364
"Fam43b","GSM2545353",256
"Ccnl2","GSM2545353",9071
"Gm11627","GSM2545353",7
"Rabl2","GSM2545353",1128
"Kcnj3","GSM2545353",6059
"Zfp36","GSM2545353",227
"Slc2a1","GSM2545353",5478
"Cnksr3","GSM2545353",3395
"AW551984","GSM2545353",281
"Hykk","GSM2545353",282
"Rnasel","GSM2545353",115
"Shc1","GSM2545353",523
"Ppp1r12c","GSM2545353",3823
"Syne4","GSM2545353",351
"Arrdc2","GSM2545353",713
"Usp28","GSM2545353",2576
"Slfn4","GSM2545353",13
"Pomt2","GSM2545353",1430
"Gm10432","GSM2545353",159
"Cngb1","GSM2545353",20
"Dot1l","GSM2545353",6508
"Gmnn","GSM2545353",117
"Ccdc160","GSM2545353",65
"Ptpn5","GSM2545353",927
"Mal2","GSM2545353",276
"Arap3","GSM2545353",288
"Mib2","GSM2545353",3001
"Itgb1bp2","GSM2545353",60
"Stk32b","GSM2545353",57
"Dgkb","GSM2545353",1396
"Pcgf6","GSM2545353",1297
"Serinc2","GSM2545353",1004
"Arhgef37","GSM2545353",733
"Ltf","GSM2545353",99
"Timp2","GSM2545353",4080
"Snora41","GSM2545353",16
"F3","GSM2545353",2649
"Tgfbi","GSM2545353",248
"Rab44","GSM2545353",15
"Lclat1","GSM2545353",1108
"Arid5b","GSM2545353",2240
"Col25a1","GSM2545353",265
"Inpp5b","GSM2545353",2810
"Dhfr","GSM2545353",368
"Phkg2","GSM2545353",1957
"Bcl11a","GSM2545353",612
"Nr2f1","GSM2545353",1909
"Trhr","GSM2545353",35
"Msc","GSM2545353",9
"Mndal","GSM2545353",225
"Pou3f2","GSM2545353",769
"Gm9962","GSM2545353",9
"Atg16l2","GSM2545353",1126
"Gm16425","GSM2545353",26
"Ap1m1","GSM2545353",2095
"Trpv3","GSM2545353",28
"Inpp5k","GSM2545353",2451
"D11Wsu47e","GSM2545353",243
"Fkbp1b","GSM2545353",315
"Syvn1","GSM2545353",2375
"Aldh3a2","GSM2545353",3285
"Dtd2","GSM2545353",287
"Pcdh19","GSM2545353",295
"Gm5526","GSM2545353",11
"Nsun5","GSM2545353",626
"Hrh2","GSM2545353",287
"Lmbr1l","GSM2545353",675
"Pkn1","GSM2545353",1226
"Nptx2","GSM2545353",59
"Ctxn1","GSM2545353",283
"Rp1","GSM2545353",1
"Gm7357","GSM2545353",4
"Mrpl15","GSM2545353",1258
"Lypla1","GSM2545353",2463
"Tcea1","GSM2545353",3515
"Gm6104","GSM2545353",0
"Atp6v1h","GSM2545353",5078
"Oprk1","GSM2545353",64
"Npbwr1","GSM2545353",1
"Rb1cc1","GSM2545353",6333
"Gm2147","GSM2545353",1
"Gm26901","GSM2545353",4
"Sntg1","GSM2545353",416
"Gm6187","GSM2545353",0
"Rrs1","GSM2545353",849
"Mcmdc2","GSM2545353",44
"Snhg6","GSM2545353",333
"Snord87","GSM2545353",5
"Tcf24","GSM2545353",17
"Ppp1r42","GSM2545353",27
"Arfgef1","GSM2545353",6087
"Cpa6","GSM2545353",0
"Ncoa2","GSM2545353",5150
"Tram1","GSM2545353",2034
"Gm5523","GSM2545353",1
"Eya1","GSM2545353",383
"Smt3h2-ps4","GSM2545353",1
"Trpa1","GSM2545353",2
"Gm10566","GSM2545353",2
"Terf1","GSM2545353",753
"Rdh10","GSM2545353",1078
"Stau2","GSM2545353",3808
"Ly96","GSM2545353",48
"Jph1","GSM2545353",1599
"Gdap1","GSM2545353",6178
"Rbm6-ps1","GSM2545353",11
"Pi15","GSM2545353",49
"Gm28154","GSM2545353",15
"Gm16070","GSM2545353",4
"Gm15825","GSM2545353",6
"Tfap2d","GSM2545353",198
"Tfap2b","GSM2545353",2350
"Pkhd1","GSM2545353",3
"Mir133b","GSM2545353",7
"Il17f","GSM2545353",2
"Paqr8","GSM2545353",19494
"Tram2","GSM2545353",21
"Gm7658","GSM2545353",12
"Gm7761","GSM2545353",7
"Mir30c-2","GSM2545353",17
"Ogfrl1","GSM2545353",10862
"Smap1","GSM2545353",3539
"Fam135a","GSM2545353",3415
"Col19a1","GSM2545353",1268
"Lmbrd1","GSM2545353",9990
"Gm20172","GSM2545353",4
"Gm29214","GSM2545353",8
"Gm7846","GSM2545353",6
"Gm5525","GSM2545353",19
"Phf3","GSM2545353",4770
"Khdrbs2","GSM2545353",246
"Gm5415","GSM2545353",3
"Zfp451","GSM2545353",1404
"Gm15455","GSM2545353",6
"Bend6","GSM2545353",9998
"Ptpn18","GSM2545353",65
"Cfc1","GSM2545353",6
"Amer3","GSM2545353",2437
"Fam168b","GSM2545353",13280
"Gm33222","GSM2545353",11
"Kansl3","GSM2545353",4258
"Fer1l5","GSM2545353",3
"Cnnm4","GSM2545353",1235
"Sema4c","GSM2545353",1282
"Cox5b","GSM2545353",6222
"Zap70","GSM2545353",28
"Tmem131","GSM2545353",4085
"Cnga3","GSM2545353",4
"Unc50","GSM2545353",1600
"Lipt1","GSM2545353",107
"Mrpl30","GSM2545353",1259
"Lyg2","GSM2545353",16
"Txndc9","GSM2545353",2009
"Eif5b","GSM2545353",5910
"Gm16150","GSM2545353",34
"Gm16152","GSM2545353",7
"Pdcl3","GSM2545353",1372
"Rpl31","GSM2545353",3149
"Tbc1d8","GSM2545353",2020
"Cnot11","GSM2545353",1533
"Snord89","GSM2545353",18
"Rnf149","GSM2545353",1170
"Rfx8","GSM2545353",9
"Gm16894","GSM2545353",14
"Il1rl2","GSM2545353",17
"Il1rl1","GSM2545353",13
"Il18r1","GSM2545353",2
"Slc9a4","GSM2545353",7
"Mfsd9","GSM2545353",176
"Tmem182","GSM2545353",6
"Gm28175","GSM2545353",14
"Pantr1","GSM2545353",277
"Pou3f3","GSM2545353",1693
"Pantr2","GSM2545353",62
"Mrps9","GSM2545353",1490
"Gpr45","GSM2545353",92
"Tgfbrap1","GSM2545353",2695
"Fhl2","GSM2545353",162
"Nck2","GSM2545353",909
"Uxs1","GSM2545353",1683
"Gm16103","GSM2545353",2
"Tpp2","GSM2545353",3105
"Tex30","GSM2545353",293
"Bivm","GSM2545353",1067
"Gulp1","GSM2545353",318
"Wdr75","GSM2545353",1266
"Dnah7b","GSM2545353",861
"Gm4852","GSM2545353",4
"Gm8337","GSM2545353",17
"Nabp1","GSM2545353",521
"Gm17767","GSM2545353",1
"Myo1b","GSM2545353",804
"Stat4","GSM2545353",4
"Stat1","GSM2545353",1693
"Gls","GSM2545353",15539
"Rps27a-ps1","GSM2545353",2
"Gm28178","GSM2545353",1
"Inpp1","GSM2545353",3713
"Mstn","GSM2545353",27
"Asnsd1","GSM2545353",817
"Gtf3c3","GSM2545353",1136
"Pgap1","GSM2545353",2106
"Gm19637","GSM2545353",2
"Ankrd44","GSM2545353",797
"Sf3b1","GSM2545353",17029
"Gm6822","GSM2545353",8
"Boll","GSM2545353",8
"Gm8292","GSM2545353",13
"Plcl1","GSM2545353",1417
"Gm6644","GSM2545353",1
"Satb2","GSM2545353",18
"BC055402","GSM2545353",3
"Tyw5","GSM2545353",530
"Spats2l","GSM2545353",417
"Aox4","GSM2545353",6
"Aox2","GSM2545353",1
"Bzw1","GSM2545353",9164
"Clk1","GSM2545353",9212
"Ppil3","GSM2545353",424
"Nif3l1","GSM2545353",775
"Cflar","GSM2545353",1461
"Casp8","GSM2545353",110
"Stradb","GSM2545353",1293
"Tmem237","GSM2545353",1189
"Cdk15","GSM2545353",10
"Fzd7","GSM2545353",2854
"Sumo1","GSM2545353",3432
"Fam117b","GSM2545353",4490
"Wdr12","GSM2545353",1236
"Nbeal1","GSM2545353",1356
"Abi2","GSM2545353",5287
"Cd28","GSM2545353",64
"Gm11581","GSM2545353",1
"Icos","GSM2545353",1
"Nrp2","GSM2545353",467
"Gm4208","GSM2545353",1
"Ndufs1","GSM2545353",8238
"Eef1b2","GSM2545353",4093
"Gpr1","GSM2545353",3
"Gm11605","GSM2545353",9
"Adam23","GSM2545353",8048
"Dytn","GSM2545353",4
"Mdh1b","GSM2545353",32
"Gm13748","GSM2545353",7
"Ccnyl1","GSM2545353",553
"Plekhm3","GSM2545353",1933
"Rpl10a-ps1","GSM2545353",34
"Cryga","GSM2545353",1
"Pikfyve","GSM2545353",2814
"Map2","GSM2545353",26011
"Unc80","GSM2545353",21219
"Kansl1l","GSM2545353",1475
"Acadl","GSM2545353",2382
"Gm15793","GSM2545353",2
"Spag16","GSM2545353",176
"Bard1","GSM2545353",19
"Abca12","GSM2545353",5
"Atic","GSM2545353",1289
"Fn1","GSM2545353",4267
"Gm5256","GSM2545353",2
"Tmem169","GSM2545353",678
"Xrcc5","GSM2545353",910
"Smarcal1","GSM2545353",3160
"Igfbp2","GSM2545353",2980
"Gm29183","GSM2545353",5
"Rufy4","GSM2545353",7
"Cxcr2","GSM2545353",5
"Arpc2","GSM2545353",4657
"Aamp","GSM2545353",5302
"Tmbim1","GSM2545353",2088
"Catip","GSM2545353",127
"Zfp142","GSM2545353",2009
"Rnf25","GSM2545353",1576
"Ttll4","GSM2545353",2213
"Prkag3","GSM2545353",22
"Gm29539","GSM2545353",2
"Wnt10a","GSM2545353",9
"Ihh","GSM2545353",12
"Slc23a3","GSM2545353",4
"Zfand2b","GSM2545353",454
"Ankzf1","GSM2545353",1337
"Glb1l","GSM2545353",437
"Ptprn","GSM2545353",5438
"Des","GSM2545353",79
"Asic4","GSM2545353",99
"Chpf","GSM2545353",2456
"Obsl1","GSM2545353",874
"Stk11ip","GSM2545353",1174
"Slc4a3","GSM2545353",3904
"Epha4","GSM2545353",1105
"Pax3","GSM2545353",337
"Mogat1","GSM2545353",5
"Kcne4","GSM2545353",54
"Gm5830","GSM2545353",7
"Scg2","GSM2545353",7837
"Mrpl44","GSM2545353",914
"Gm5529","GSM2545353",16
"Fam124b","GSM2545353",1
"Cul3","GSM2545353",8655
"Nyap2","GSM2545353",1333
"Rhbdd1","GSM2545353",645
"Col4a4","GSM2545353",144
"Col4a3","GSM2545353",125
"Mff","GSM2545353",7890
"Daw1","GSM2545353",57
"Trip12","GSM2545353",8214
"Fbxo36","GSM2545353",121
"Slc16a14","GSM2545353",190
"Gm15433","GSM2545353",0
"Rpl19-ps1","GSM2545353",4
"Sp110","GSM2545353",52
"Sp140","GSM2545353",39
"Sp100","GSM2545353",194
"Cab39","GSM2545353",9188
"Gpr55","GSM2545353",3
"Spata3","GSM2545353",13
"Htr2b","GSM2545353",0
"Armc9","GSM2545353",834
"B3gnt7","GSM2545353",10
"Snora75","GSM2545353",13
"Nmur1","GSM2545353",19
"Dis3l2","GSM2545353",927
"Gm6136","GSM2545353",18
"Ecel1","GSM2545353",30
"Prss56","GSM2545353",2
"Kcnj13","GSM2545353",939
"Inpp5d","GSM2545353",260
"Scarna6","GSM2545353",3
"Sag","GSM2545353",11
"Dgkd","GSM2545353",9971
"Gm19582","GSM2545353",57
"Usp40","GSM2545353",1444
"Ugt1a7c","GSM2545353",5
"Dnajb3","GSM2545353",35
"Mroh2a","GSM2545353",8
"Spp2","GSM2545353",17
"Gm29538","GSM2545353",12
"Glrp1","GSM2545353",1
"Sh3bp4","GSM2545353",462
"Gbx2","GSM2545353",1
"Iqca","GSM2545353",50
"Ackr3","GSM2545353",303
"Col6a3","GSM2545353",110
"Rab17","GSM2545353",0
"Ube2f","GSM2545353",1465
"Klhl30","GSM2545353",10
"Twist2","GSM2545353",8
"Hdac4","GSM2545353",2338
"Ndufa10","GSM2545353",5009
"Mir149","GSM2545353",0
"Ankmy1","GSM2545353",26
"Rnpepl1","GSM2545353",1407
"Capn10","GSM2545353",1075
"Gpr35","GSM2545353",32
"Pask","GSM2545353",213
"Hdlbp","GSM2545353",8588
"Farp2","GSM2545353",328
"Stk25","GSM2545353",6319
"Thap4","GSM2545353",551
"D2hgdh","GSM2545353",469
"Pdcd1","GSM2545353",3
"Gm7895","GSM2545353",15
"Fam174a","GSM2545353",1759
"Slco4c1","GSM2545353",12
"Panct2","GSM2545353",13
"Gm6430","GSM2545353",2
"Gin1","GSM2545353",470
"Pam","GSM2545353",2197
"Cntnap5b","GSM2545353",898
"Cdh20","GSM2545353",1181
"Pign","GSM2545353",896
"Gm10193","GSM2545353",1
"Tnfrsf11a","GSM2545353",93
"Gm7160","GSM2545353",16
"Gm20753","GSM2545353",3
"Bcl2","GSM2545353",1000
"Vps4b","GSM2545353",2417
"Serpinb5","GSM2545353",5
"Serpinb10","GSM2545353",0
"Gm8141","GSM2545353",4
"Cdh7","GSM2545353",1922
"Cdh19","GSM2545353",718
"Gm8173","GSM2545353",0
"Dsel","GSM2545353",355
"Gm6028","GSM2545353",1
"Nifk","GSM2545353",1085
"Clasp1","GSM2545353",3710
"Inhbb","GSM2545353",309
"Gm3551","GSM2545353",0
"Gm28209","GSM2545353",1
"Cfap221","GSM2545353",13
"Sctr","GSM2545353",5
"Tmem37","GSM2545353",42
"En1","GSM2545353",300
"Insig2","GSM2545353",2760
"Ccdc93","GSM2545353",1491
"Htr5b","GSM2545353",17
"Ddx18","GSM2545353",987
"Actr3","GSM2545353",7201
"Slc35f5","GSM2545353",842
"Gpr39","GSM2545353",1
"Mgat5","GSM2545353",4185
"Gm8451","GSM2545353",26
"Tmem163","GSM2545353",2641
"Acmsd","GSM2545353",1
"Zranb3","GSM2545353",213
"Gm28800","GSM2545353",2
"Rpl28-ps1","GSM2545353",15
"Mir128-1","GSM2545353",2
"Lct","GSM2545353",18
"Gm6170","GSM2545353",20
"Thsd7b","GSM2545353",59
"Gm29428","GSM2545353",0
"Cd55","GSM2545353",308
"Gm16083","GSM2545353",16
"C4bp-ps1","GSM2545353",18
"Yod1","GSM2545353",508
"Fcamr","GSM2545353",1
"Dyrk3","GSM2545353",177
"Ikbke","GSM2545353",74
"Srgap2","GSM2545353",9564
"Slc26a9","GSM2545353",2
"Pm20d1","GSM2545353",299
"Rab29","GSM2545353",228
"Cdk18","GSM2545353",611
"Gm29695","GSM2545353",148
"Lemd1","GSM2545353",17
"Gm7241","GSM2545353",4
"Klhdc8a","GSM2545353",745
"Lrrn2","GSM2545353",3728
"Gm29257","GSM2545353",5
"Gm28609","GSM2545353",1
"Plekha6","GSM2545353",5292
"Ren1","GSM2545353",7
"Sox13","GSM2545353",389
"Zbed6","GSM2545353",1569
"Lax1","GSM2545353",3
"Optc","GSM2545353",38
"Prelp","GSM2545353",1946
"Gm8618","GSM2545353",2
"Mybph","GSM2545353",22
"Myog","GSM2545353",1
"Ppfia4","GSM2545353",11386
"Tmem183a","GSM2545353",3120
"Kdm5b","GSM2545353",2226
"Ppp1r12b","GSM2545353",3613
"Ube2t","GSM2545353",60
"Ptprv","GSM2545353",6
"Timm17a","GSM2545353",1786
"Csrp1","GSM2545353",10800
"Tnni1","GSM2545353",112
"Lad1","GSM2545353",25
"Pkp1","GSM2545353",2
"Ascl5","GSM2545353",0
"Cacna1s","GSM2545353",43
"Gm15850","GSM2545353",5
"Kif21b","GSM2545353",1463
"Camsap2","GSM2545353",8025
"Kif14","GSM2545353",17
"Gm29485","GSM2545353",1
"Gm19705","GSM2545353",31
"Mif-ps1","GSM2545353",0
"Nr5a2","GSM2545353",2
"Ptprc","GSM2545353",92
"Lhx9","GSM2545353",352
"Dennd1b","GSM2545353",958
"Crb1","GSM2545353",12
"Zbtb41","GSM2545353",1885
"Cfhr2","GSM2545353",2
"Gm5837","GSM2545353",5
"Kcnt2","GSM2545353",83
"Gm5835","GSM2545353",39
"Cdc73","GSM2545353",967
"B3galt2","GSM2545353",764
"Glrx2","GSM2545353",2424
"Rgs1","GSM2545353",0
"Gm7266","GSM2545353",2
"Rgs18","GSM2545353",7
"Brinp3","GSM2545353",923
"Ptgs2os","GSM2545353",1
"Ptgs2","GSM2545353",92
"Tpr","GSM2545353",6996
"Swt1","GSM2545353",853
"Mir7682","GSM2545353",5
"Rnf2","GSM2545353",1605
"Gm36527","GSM2545353",6
"Edem3","GSM2545353",3853
"Tsen15","GSM2545353",720
"Colgalt2","GSM2545353",167
"Rgl1","GSM2545353",1508
"Arpc5","GSM2545353",2420
"Ncf2","GSM2545353",77
"Nmnat2","GSM2545353",10833
"Lamc2","GSM2545353",79
"Dhx9","GSM2545353",7118
"Rgs16","GSM2545353",846
"Rgsl1","GSM2545353",19
"Zfp648","GSM2545353",1
"Gm9530","GSM2545353",17
"Stx6","GSM2545353",2039
"Xpr1","GSM2545353",4606
"Gm5532","GSM2545353",5
"Acbd6","GSM2545353",978
"Lhx4","GSM2545353",1
"Cep350","GSM2545353",3953
"Fam163a","GSM2545353",78
"Tdrd5","GSM2545353",62
"Nphs2","GSM2545353",10
"Gm2000","GSM2545353",19
"Soat1","GSM2545353",767
"Abl2","GSM2545353",2289
"Fam20b","GSM2545353",3746
"Ralgps2","GSM2545353",2154
"Angptl1","GSM2545353",23
"Rasal2","GSM2545353",2630
"Brinp2","GSM2545353",1039
"Gm4953","GSM2545353",0
"Gm31256","GSM2545353",0
"Rabgap1l","GSM2545353",6889
"Gm6177","GSM2545353",0
"Rc3h1","GSM2545353",3553
"Serpinc1","GSM2545353",0
"Snord47","GSM2545353",31
"Dars2","GSM2545353",764
"Cenpl","GSM2545353",132
"Fasl","GSM2545353",10
"Dnm3","GSM2545353",11565
"Dnm3os","GSM2545353",11
"Prrc2c","GSM2545353",7765
"Fmo2","GSM2545353",511
"Mettl11b","GSM2545353",5
"BC055324","GSM2545353",111
"Sele","GSM2545353",2
"Selp","GSM2545353",2
"F5","GSM2545353",1324
"Nme7","GSM2545353",484
"Atp1b1","GSM2545353",61451
"Gm26685","GSM2545353",3
"Dpt","GSM2545353",4
"Gm20743","GSM2545353",209
"Sft2d2","GSM2545353",1608
"Tiprl","GSM2545353",2235
"Rcsd1","GSM2545353",241
"Gm32999","GSM2545353",1
"Dusp27","GSM2545353",14
"Mael","GSM2545353",4
"Gm16418","GSM2545353",8
"Gm16701","GSM2545353",173
"Aldh9a1","GSM2545353",1948
"Mgst3","GSM2545353",1901
"Lrrc52","GSM2545353",6
"Rxrg","GSM2545353",29
"Lmx1a","GSM2545353",116
"Pbx1","GSM2545353",4533
"Asl","GSM2545354",473
"Apod","GSM2545354",11088
"Cyp2d22","GSM2545354",1821
"Klk6","GSM2545354",894
"Fcrls","GSM2545354",248
"Slc2a4","GSM2545354",248
"Exd2","GSM2545354",2488
"Gjc2","GSM2545354",564
"Plp1","GSM2545354",84540
"Gnb4","GSM2545354",1752
"Tnc","GSM2545354",718
"Trf","GSM2545354",17677
"Tubb2b","GSM2545354",3936
"Fads1","GSM2545354",8430
"Lxn","GSM2545354",2536
"Prr18","GSM2545354",2185
"Cmtm5","GSM2545354",2026
"Enpp1","GSM2545354",590
"Clic4","GSM2545354",8077
"Tm6sf2","GSM2545354",153
"Slc20a2","GSM2545354",5233
"Itih3","GSM2545354",2414
"Ptn","GSM2545354",7028
"Prodh","GSM2545354",1128
"Msantd1","GSM2545354",220
"Ugt8a","GSM2545354",3441
"Fbln5","GSM2545354",445
"Trp53inp2","GSM2545354",11851
"Slc7a3","GSM2545354",380
"Dnase1l2","GSM2545354",528
"Icosl","GSM2545354",525
"Rmnd1","GSM2545354",1143
"Tssk5","GSM2545354",70
"Pycr1","GSM2545354",69
"Pla2g3","GSM2545354",164
"Vmn2r1","GSM2545354",21
"Gm29797","GSM2545354",84
"Phyhd1","GSM2545354",993
"Gpr146","GSM2545354",877
"Mag","GSM2545354",7318
"Tufm","GSM2545354",1970
"Igdcc4","GSM2545354",2914
"Gm10654","GSM2545354",138
"Ncmap","GSM2545354",37
"Etv4","GSM2545354",403
"Fabp7","GSM2545354",813
"Cpsf4l","GSM2545354",102
"Hexa","GSM2545354",1540
"Mfge8","GSM2545354",1961
"Ccdc136","GSM2545354",3386
"Glul","GSM2545354",50584
"Hopx","GSM2545354",5911
"Pigq","GSM2545354",3874
"Vps11","GSM2545354",2640
"Proca1","GSM2545354",237
"Fbxl22","GSM2545354",307
"Sfxn5","GSM2545354",10431
"Hexim2","GSM2545354",444
"Agt","GSM2545354",3128
"Rlbp1","GSM2545354",357
"Jam2","GSM2545354",3621
"Lcat","GSM2545354",2453
"Oxct1","GSM2545354",14755
"Cacna1e","GSM2545354",9704
"Fa2h","GSM2545354",1823
"Plxnb3","GSM2545354",1100
"Lman2l","GSM2545354",1339
"Dpy19l1","GSM2545354",2446
"Kctd21","GSM2545354",801
"Thra","GSM2545354",10240
"Dok3","GSM2545354",161
"Sult1a1","GSM2545354",521
"Rpe","GSM2545354",1236
"Acrbp","GSM2545354",425
"Slc2a9","GSM2545354",64
"Emp2","GSM2545354",1481
"Aipl1","GSM2545354",12
"Uri1","GSM2545354",1932
"Bcs1l","GSM2545354",491
"Rbm3","GSM2545354",4819
"Tra2a","GSM2545354",4958
"Prex1","GSM2545354",5290
"Josd2","GSM2545354",1493
"Tmco3","GSM2545354",1517
"Srebf1","GSM2545354",1836
"Acer2","GSM2545354",312
"Tsga10","GSM2545354",383
"Cyp3a13","GSM2545354",80
"Relt","GSM2545354",553
"Nrep","GSM2545354",37802
"Slc14a1","GSM2545354",1495
"Pnpla2","GSM2545354",1210
"Map6d1","GSM2545354",2082
"Ier5","GSM2545354",668
"Bfsp2","GSM2545354",172
"Idi1","GSM2545354",679
"Kat2b","GSM2545354",5115
"Rmdn3","GSM2545354",4750
"Eif4b","GSM2545354",7735
"Grm4","GSM2545354",15381
"Pink1","GSM2545354",14981
"Mettl16","GSM2545354",1109
"Fam193b","GSM2545354",2931
"Rtca","GSM2545354",1254
"Fgfbp1","GSM2545354",58
"Pigs","GSM2545354",2777
"Cfp","GSM2545354",885
"Desi1","GSM2545354",6116
"Gbp4","GSM2545354",72
"Nid1","GSM2545354",1236
"Armcx5","GSM2545354",499
"Cryab","GSM2545354",3524
"Prss53","GSM2545354",173
"Car4","GSM2545354",5094
"Gm6277","GSM2545354",184
"Amt","GSM2545354",1038
"Zc3h6","GSM2545354",978
"Aqp4","GSM2545354",19518
"Tmem198b","GSM2545354",918
"Abi3bp","GSM2545354",1121
"Xpa","GSM2545354",374
"Aldh6a1","GSM2545354",3334
"Adam1a","GSM2545354",684
"Dynlt1a","GSM2545354",494
"Gatm","GSM2545354",4577
"H2-Q4","GSM2545354",159
"Nras","GSM2545354",1808
"Pla2g4e","GSM2545354",275
"Lpar1","GSM2545354",2169
"Il12rb1","GSM2545354",48
"Enpp6","GSM2545354",618
"Ermn","GSM2545354",4082
"Marcksl1","GSM2545354",1137
"Ubqln4","GSM2545354",3486
"Glt8d1","GSM2545354",1440
"Ddx25","GSM2545354",1274
"Gpr17","GSM2545354",1132
"Cat","GSM2545354",2391
"Wwox","GSM2545354",790
"Phkg1","GSM2545354",705
"Ppp1r3f","GSM2545354",927
"Mrpl35","GSM2545354",1313
"Nudt9","GSM2545354",1303
"Lypd6","GSM2545354",1127
"Spice1","GSM2545354",720
"Tuba8","GSM2545354",1459
"Spon1","GSM2545354",3772
"Nfya","GSM2545354",1203
"Sc5d","GSM2545354",4180
"Aldh18a1","GSM2545354",1005
"Ebp","GSM2545354",1121
"Srr","GSM2545354",2739
"Gm14827","GSM2545354",358
"Gm31135","GSM2545354",84
"Adam17","GSM2545354",1078
"Slc39a2","GSM2545354",848
"Snn","GSM2545354",4179
"Hnrnpc","GSM2545354",9393
"Srbd1","GSM2545354",533
"Ptp4a1","GSM2545354",1626
"Tppp","GSM2545354",10626
"Stac3","GSM2545354",171
"Emid1","GSM2545354",429
"Cotl1","GSM2545354",3122
"Ovgp1","GSM2545354",533
"Ssx2ip","GSM2545354",2946
"Hsd3b7","GSM2545354",820
"Kazald1","GSM2545354",189
"Omd","GSM2545354",175
"Bcas1","GSM2545354",7102
"Gm9925","GSM2545354",297
"Dleu2","GSM2545354",535
"Chil3","GSM2545354",26
"Deaf1","GSM2545354",1868
"Dusp19","GSM2545354",365
"Gkn3","GSM2545354",105
"Pllp","GSM2545354",1530
"Sox2ot","GSM2545354",875
"Ntf3","GSM2545354",257
"Lum","GSM2545354",305
"Gm20751","GSM2545354",83
"Thnsl2","GSM2545354",130
"Slc2a4rg-ps","GSM2545354",519
"Agpat5","GSM2545354",3839
"Mdk","GSM2545354",926
"Penk","GSM2545354",3160
"Cirbp","GSM2545354",1993
"Aloxe3","GSM2545354",319
"Nudt5","GSM2545354",544
"Serpinb1a","GSM2545354",527
"Mt1","GSM2545354",8501
"Fgfr3","GSM2545354",3747
"Myo1d","GSM2545354",837
"Cd99l2","GSM2545354",3362
"C2cd2","GSM2545354",916
"Brsk2","GSM2545354",6119
"Mrrf","GSM2545354",595
"Snhg4","GSM2545354",188
"Hmgcs1","GSM2545354",6850
"Stk17b","GSM2545354",4744
"Cyp51","GSM2545354",2621
"Gria4","GSM2545354",24326
"Ttyh1","GSM2545354",21145
"Slc13a1","GSM2545354",125
"Phf7","GSM2545354",133
"Get4","GSM2545354",1096
"Gstm1","GSM2545354",6947
"Fbxo31","GSM2545354",2531
"Padi2","GSM2545354",1088
"Gnmt","GSM2545354",163
"Paip2b","GSM2545354",3531
"Slc17a9","GSM2545354",20
"Vopp1","GSM2545354",1725
"Ogdhl","GSM2545354",3499
"Dcaf12","GSM2545354",2681
"Rorc","GSM2545354",884
"Cp","GSM2545354",1270
"Jade2","GSM2545354",2128
"Nbl1","GSM2545354",2638
"Hsph1","GSM2545354",6601
"Serf2","GSM2545354",3770
"Rasgef1a","GSM2545354",3394
"Prrg1","GSM2545354",485
"Etnppl","GSM2545354",4511
"Cyp4f15","GSM2545354",106
"Ankrd29","GSM2545354",1164
"Gm27252","GSM2545354",62
"Kctd2","GSM2545354",2845
"Iigp1","GSM2545354",54
"Ak4","GSM2545354",5403
"Idh2","GSM2545354",1257
"Camkk1","GSM2545354",2479
"Rftn2","GSM2545354",1277
"Igtp","GSM2545354",119
"Bche","GSM2545354",428
"Marcks","GSM2545354",6229
"Pabpc4","GSM2545354",829
"Pmp22","GSM2545354",1678
"Car14","GSM2545354",875
"Serpinh1","GSM2545354",1305
"Ppp1r13b","GSM2545354",2693
"Tfrc","GSM2545354",4774
"Smox","GSM2545354",1949
"Tjap1","GSM2545354",1041
"Msmo1","GSM2545354",2293
"Slc26a8","GSM2545354",75
"Eml3","GSM2545354",1056
"Csf2ra","GSM2545354",561
"Rnf141","GSM2545354",3395
"Slc25a16","GSM2545354",1241
"Echdc1","GSM2545354",1526
"Eid2b","GSM2545354",798
"Piga","GSM2545354",621
"Ccdc149","GSM2545354",980
"Car15","GSM2545354",704
"Eny2","GSM2545354",2536
"Mroh1","GSM2545354",3623
"Pcyox1l","GSM2545354",769
"Ankrd39","GSM2545354",392
"Timeless","GSM2545354",307
"Sparc","GSM2545354",33960
"Slc7a10","GSM2545354",1607
"Ppp1r2","GSM2545354",4477
"Psmf1","GSM2545354",1140
"Adat1","GSM2545354",335
"Slc6a12","GSM2545354",191
"Snhg3","GSM2545354",195
"Prg4","GSM2545354",496
"Plod1","GSM2545354",983
"Whamm","GSM2545354",989
"Ttpa","GSM2545354",488
"Thbs3","GSM2545354",176
"Gltp","GSM2545354",1864
"Pex6","GSM2545354",1803
"Aim2","GSM2545354",135
"Ednrb","GSM2545354",6034
"Nuf2","GSM2545354",186
"Mog","GSM2545354",3024
"Ccl27a","GSM2545354",1774
"Tac4","GSM2545354",11
"Snhg8","GSM2545354",335
"Ak6","GSM2545354",359
"Kctd20","GSM2545354",2906
"Itgb4","GSM2545354",795
"Zfp810","GSM2545354",485
"Gm33489","GSM2545354",212
"Gna12","GSM2545354",1859
"Cyp4v3","GSM2545354",587
"Pkp4","GSM2545354",12183
"Agpat1","GSM2545354",2693
"Gipr","GSM2545354",31
"Edn3","GSM2545354",357
"Prr15","GSM2545354",30
"Traf1","GSM2545354",237
"Pim2","GSM2545354",1389
"Lrrc8a","GSM2545354",3455
"Erp44","GSM2545354",1827
"Tmem33","GSM2545354",6198
"Fen1","GSM2545354",567
"Tfap4","GSM2545354",273
"Lman2","GSM2545354",3541
"Senp8","GSM2545354",304
"Alg14","GSM2545354",763
"Ddah1","GSM2545354",4300
"Pomt1","GSM2545354",648
"Rab3b","GSM2545354",443
"Lrrc29","GSM2545354",61
"Nqo1","GSM2545354",388
"Gpr137b","GSM2545354",568
"Pcif1","GSM2545354",2061
"Qdpr","GSM2545354",5776
"Dcdc2b","GSM2545354",337
"Rap2a","GSM2545354",2562
"Cnpy4","GSM2545354",559
"Wdr41","GSM2545354",1568
"Gm20627","GSM2545354",45
"Mmaa","GSM2545354",1512
"Gm13562","GSM2545354",46
"Cd70","GSM2545354",53
"Itm2a","GSM2545354",2124
"Avil","GSM2545354",83
"Zscan22","GSM2545354",572
"Itgb3","GSM2545354",97
"Col11a2","GSM2545354",654
"Apoc1","GSM2545354",77
"Tmeff2","GSM2545354",2303
"Tyro3","GSM2545354",6982
"Ift22","GSM2545354",1110
"Mtmr7","GSM2545354",2378
"Gabrr2","GSM2545354",80
"Ube2v2","GSM2545354",2079
"C77080","GSM2545354",1201
"Elovl5","GSM2545354",4754
"Serinc5","GSM2545354",2876
"Pyroxd2","GSM2545354",180
"Ypel2","GSM2545354",1893
"Parp3","GSM2545354",309
"Xpo1","GSM2545354",6069
"Polr2a","GSM2545354",4811
"Tspyl4","GSM2545354",28263
"Irgm1","GSM2545354",251
"Cep131","GSM2545354",773
"Sema4d","GSM2545354",3954
"Gbp6","GSM2545354",177
"Zfp119b","GSM2545354",190
"Eps15","GSM2545354",13899
"Pxmp2","GSM2545354",190
"Tomm40l","GSM2545354",1954
"Atat1","GSM2545354",1205
"Chrac1","GSM2545354",310
"Mrpl24","GSM2545354",1557
"Ipo9","GSM2545354",6566
"Actg1","GSM2545354",7294
"Noxred1","GSM2545354",119
"Gm20501","GSM2545354",123
"H2-K1","GSM2545354",860
"Lig1","GSM2545354",494
"Morn2","GSM2545354",291
"Dcakd","GSM2545354",1158
"Nop14","GSM2545354",957
"Bbs1","GSM2545354",1462
"Tada2b","GSM2545354",1282
"Gal3st1","GSM2545354",268
"Xpc","GSM2545354",658
"Irf2bp2","GSM2545354",2804
"Spns2","GSM2545354",2047
"Pole","GSM2545354",93
"Fam78b","GSM2545354",1963
"Ggcx","GSM2545354",951
"Anks1","GSM2545354",2554
"Pgm2","GSM2545354",3333
"Zgrf1","GSM2545354",404
"Alkbh3","GSM2545354",435
"Dnd1","GSM2545354",74
"Lime1","GSM2545354",2643
"Trim23","GSM2545354",3423
"Abhd14a","GSM2545354",565
"Zkscan3","GSM2545354",2167
"Fam131b","GSM2545354",7542
"Elovl1","GSM2545354",756
"Trim72","GSM2545354",41
"Klhdc9","GSM2545354",82
"Iqck","GSM2545354",89
"Smim14","GSM2545354",5553
"Kcnab3","GSM2545354",1326
"Ing5","GSM2545354",478
"Cnnm3","GSM2545354",2252
"Fn3k","GSM2545354",1033
"Cnp","GSM2545354",15807
"Uros","GSM2545354",675
"Eml1","GSM2545354",2690
"Lgals3","GSM2545354",56
"Gjb1","GSM2545354",702
"Dynll1","GSM2545354",2851
"Cyp2j12","GSM2545354",167
"Crip3","GSM2545354",47
"Sbk1","GSM2545354",26911
"Camkk2","GSM2545354",11529
"Setd7","GSM2545354",18625
"Btf3l4","GSM2545354",1741
"Acbd4","GSM2545354",1173
"Gm16835","GSM2545354",145
"Gpr37","GSM2545354",2191
"Prr5l","GSM2545354",618
"Slain1","GSM2545354",2079
"Calr","GSM2545354",13249
"Bst1","GSM2545354",8
"Fmnl3","GSM2545354",335
"Gpr89","GSM2545354",633
"Zranb1","GSM2545354",5720
"Col27a1","GSM2545354",898
"Emc8","GSM2545354",3127
"Ormdl3","GSM2545354",2590
"Capg","GSM2545354",76
"Zbtb21","GSM2545354",1019
"Sord","GSM2545354",648
"Tsc22d1","GSM2545354",11000
"Gpld1","GSM2545354",2696
"Cdh4","GSM2545354",717
"Hkdc1","GSM2545354",58
"Ggact","GSM2545354",1177
"Zfp493","GSM2545354",176
"Mkks","GSM2545354",1490
"Gm15423","GSM2545354",80
"Npas2","GSM2545354",148
"Plin4","GSM2545354",553
"Rragc","GSM2545354",2756
"Nsun3","GSM2545354",429
"Hgsnat","GSM2545354",2472
"Acr","GSM2545354",28
"Ccdc167","GSM2545354",1339
"Thap1","GSM2545354",396
"Egfl8","GSM2545354",139
"Vps33a","GSM2545354",3996
"Igbp1","GSM2545354",1052
"Tbx6","GSM2545354",84
"Dcst2","GSM2545354",15
"Rbm28","GSM2545354",2173
"Pms1","GSM2545354",369
"Rtcb","GSM2545354",3496
"Smad9","GSM2545354",1670
"Ubxn2b","GSM2545354",824
"Rnf170","GSM2545354",1520
"Pithd1","GSM2545354",1976
"Steap3","GSM2545354",122
"Tomm20","GSM2545354",7982
"Klf15","GSM2545354",1893
"Amz2","GSM2545354",1684
"Folh1","GSM2545354",592
"Ubfd1","GSM2545354",3054
"Gpx3","GSM2545354",345
"C4b","GSM2545354",544
"Mdfi","GSM2545354",441
"Nucb2","GSM2545354",231
"Clip4","GSM2545354",1343
"Tipin","GSM2545354",569
"Amy1","GSM2545354",741
"Efhd1","GSM2545354",1627
"Smim15","GSM2545354",2081
"Zfp658","GSM2545354",855
"E2f6","GSM2545354",1998
"Lix1","GSM2545354",435
"Coq4","GSM2545354",325
"Otoa","GSM2545354",36
"Mex3a","GSM2545354",183
"Tmem132c","GSM2545354",1261
"Dclk1","GSM2545354",18871
"Eml2","GSM2545354",2817
"Glyr1","GSM2545354",7526
"Gm1976","GSM2545354",355
"Smyd3","GSM2545354",1236
"Dcaf8","GSM2545354",6867
"Lias","GSM2545354",946
"Msn","GSM2545354",2812
"Timmdc1","GSM2545354",617
"H2-Q6","GSM2545354",34
"Asic3","GSM2545354",39
"Col5a3","GSM2545354",280
"Stx3","GSM2545354",2326
"AW046200","GSM2545354",163
"Hsf1","GSM2545354",1541
"Colq","GSM2545354",221
"Rcor3","GSM2545354",1277
"Slc6a20a","GSM2545354",812
"Prps1","GSM2545354",2062
"Keap1","GSM2545354",1852
"Tap2","GSM2545354",313
"Slc16a7","GSM2545354",1403
"Eif2b3","GSM2545354",493
"Flywch1","GSM2545354",11173
"Amigo2","GSM2545354",811
"Hspd1","GSM2545354",7917
"Sost","GSM2545354",66
"Gm8615","GSM2545354",40
"Kcnk13","GSM2545354",169
"Tspyl2","GSM2545354",4515
"Spsb3","GSM2545354",2109
"Gm8493","GSM2545354",29
"Fgf22","GSM2545354",59
"Slc6a6","GSM2545354",4555
"Xist","GSM2545354",44
"Ddx3y","GSM2545354",4392
"Eif2s3y","GSM2545354",2216
"Kdm5d","GSM2545354",1482
"Uty","GSM2545354",1522
"Eif2s3x","GSM2545354",1490
"Kdm6a","GSM2545354",2078
"Casp12","GSM2545354",225
"Ddx3x","GSM2545354",17046
"Prl2c3","GSM2545354",57
"Casp1","GSM2545354",57
"Pbdc1","GSM2545354",442
"Kdm5c","GSM2545354",4263
"Ctxn2","GSM2545354",103
"Ldoc1","GSM2545354",459
"Gpr179","GSM2545354",24
"Pou4f1","GSM2545354",14
"Tmprss3","GSM2545354",32
"Prl2c2","GSM2545354",18
"Slc35b1","GSM2545354",1647
"Myoc","GSM2545354",221
"Cartpt","GSM2545354",15
"Tchh","GSM2545354",53
"H2-Q2","GSM2545354",14
"Ascl1","GSM2545354",65
"Crhr1","GSM2545354",3412
"Gm4017","GSM2545354",32
"Impg1","GSM2545354",47
"Rxfp3","GSM2545354",8
"AI504432","GSM2545354",914
"Mpo","GSM2545354",1
"Oxtr","GSM2545354",15
"Usp2","GSM2545354",4612
"Lor","GSM2545354",9
"Srrm4","GSM2545354",5213
"Slc35g1","GSM2545354",184
"Tceal6","GSM2545354",1095
"Dach2","GSM2545354",86
"Lgr6","GSM2545354",267
"Kcna4","GSM2545354",192
"Zfyve28","GSM2545354",3193
"Hps4","GSM2545354",920
"Ucp3","GSM2545354",82
"Mettl17","GSM2545354",847
"Atg9b","GSM2545354",41
"Usp3","GSM2545354",5094
"Acta2","GSM2545354",226
"Wdr24","GSM2545354",612
"Zw10","GSM2545354",1578
"Ubtd2","GSM2545354",2651
"Slc6a4","GSM2545354",6
"Cog1","GSM2545354",2181
"S100a9","GSM2545354",68
"Nadk","GSM2545354",2663
"Col6a1","GSM2545354",533
"Susd2","GSM2545354",230
"Fam53b","GSM2545354",2810
"Npas1","GSM2545354",14
"Rhbdf1","GSM2545354",564
"Cacnb1","GSM2545354",738
"Zfp579","GSM2545354",980
"Dtx4","GSM2545354",897
"Chrm3","GSM2545354",88
"Plcl2","GSM2545354",2043
"Ptprj","GSM2545354",4241
"Cyhr1","GSM2545354",6182
"Stx5a","GSM2545354",2429
"Smim8","GSM2545354",363
"Pappa2","GSM2545354",5
"Stbd1","GSM2545354",72
"Rln3","GSM2545354",0
"Ldlr","GSM2545354",1017
"Bmp2","GSM2545354",49
"Itga10","GSM2545354",340
"Unc45a","GSM2545354",1596
"Hap1","GSM2545354",2660
"Gm35339","GSM2545354",437
"Serpinb8","GSM2545354",184
"Tmem200c","GSM2545354",181
"Ngb","GSM2545354",44
"Myh11","GSM2545354",244
"Ass1","GSM2545354",414
"Ccdc28b","GSM2545354",1729
"Vsx2","GSM2545354",4
"Klhl1","GSM2545354",216
"Slit1","GSM2545354",140
"Rbm10","GSM2545354",3111
"Sgk1","GSM2545354",8633
"Zbtb24","GSM2545354",708
"Kif5a","GSM2545354",33607
"Alox8","GSM2545354",118
"Rgcc","GSM2545354",431
"Olfr1033","GSM2545354",94
"Lrrn4","GSM2545354",7
"Trim59","GSM2545354",578
"Pnma2","GSM2545354",344
"Arc","GSM2545354",607
"Lypd6b","GSM2545354",94
"Prkar2b","GSM2545354",670
"Gabrd","GSM2545354",5770
"Sh3gl1","GSM2545354",1721
"Rab9b","GSM2545354",1009
"Slc9a2","GSM2545354",232
"Gata3","GSM2545354",4
"Rnd3","GSM2545354",486
"Tdgf1","GSM2545354",233
"Tph2","GSM2545354",23
"Gprc5c","GSM2545354",2544
"Syt16","GSM2545354",175
"Cdyl","GSM2545354",555
"St8sia2","GSM2545354",91
"Usp19","GSM2545354",6596
"Foxj2","GSM2545354",2618
"Wdfy2","GSM2545354",1862
"Fibcd1","GSM2545354",67
"Hs3st4","GSM2545354",59
"Rab27b","GSM2545354",378
"Gm4988","GSM2545354",127
"Hebp1","GSM2545354",202
"Mrgpre","GSM2545354",110
"Slc22a4","GSM2545354",2647
"Txndc11","GSM2545354",1414
"Pgr15l","GSM2545354",16
"Evpl","GSM2545354",37
"Pax7","GSM2545354",4
"Trim65","GSM2545354",184
"Gm33533","GSM2545354",7
"Otof","GSM2545354",116
"Alk","GSM2545354",43
"Acap3","GSM2545354",3637
"Erdr1","GSM2545354",497
"Kcnq5","GSM2545354",103
"Msln","GSM2545354",51
"Tbc1d20","GSM2545354",1298
"Slc16a10","GSM2545354",184
"Errfi1","GSM2545354",2903
"Nr2e1","GSM2545354",0
"Gpr149","GSM2545354",6
"Plcxd1","GSM2545354",142
"Lrch3","GSM2545354",5613
"Morc2b","GSM2545354",146
"Elfn1","GSM2545354",89
"Rnf180","GSM2545354",302
"Pcdhb8","GSM2545354",104
"Creg2","GSM2545354",437
"Erich3","GSM2545354",670
"Rpp25","GSM2545354",119
"Fgfr1","GSM2545354",6770
"Sfrp2","GSM2545354",21
"Rprm","GSM2545354",60
"Tmem120b","GSM2545354",544
"Tpra1","GSM2545354",1955
"Igsf9","GSM2545354",20
"Jakmip1","GSM2545354",723
"Hsf4","GSM2545354",137
"Pcbd1","GSM2545354",127
"Rasgrf2","GSM2545354",438
"Dgkk","GSM2545354",66
"Paxip1","GSM2545354",1817
"Smtn","GSM2545354",281
"Cmpk2","GSM2545354",485
"Drd4","GSM2545354",27
"Samd11","GSM2545354",23
"Magel2","GSM2545354",28
"Csrnp3","GSM2545354",1652
"Zfp941","GSM2545354",586
"Lrrc1","GSM2545354",783
"Tmie","GSM2545354",241
"Pcdh8","GSM2545354",103
"Glra2","GSM2545354",149
"Gpatch8","GSM2545354",5817
"Slc6a16","GSM2545354",10
"Grm7","GSM2545354",897
"Ybx3","GSM2545354",1904
"Tenm3","GSM2545354",759
"Npffr1","GSM2545354",8
"Slc39a11","GSM2545354",332
"Otp","GSM2545354",5
"Hoga1","GSM2545354",60
"Egfl6","GSM2545354",17
"Plch2","GSM2545354",9162
"Pde11a","GSM2545354",42
"Zfp335","GSM2545354",1507
"Gpr61","GSM2545354",190
"Tox","GSM2545354",76
"Gabrr1","GSM2545354",4
"Jun","GSM2545354",2228
"Cox7b2","GSM2545354",32
"Mn1","GSM2545354",148
"Tmem130","GSM2545354",3589
"Dusp11","GSM2545354",8182
"Tmem91","GSM2545354",96
"Rbms2","GSM2545354",1119
"Inpp5j","GSM2545354",6544
"Vstm2a","GSM2545354",883
"C1qtnf2","GSM2545354",51
"Ctns","GSM2545354",1156
"Smarcd2","GSM2545354",3185
"Dbpht2","GSM2545354",73
"Ltbp2","GSM2545354",1911
"Drd1","GSM2545354",14
"Dact2","GSM2545354",138
"E4f1","GSM2545354",1257
"Zfp598","GSM2545354",2629
"Zcchc12","GSM2545354",670
"Zfp263","GSM2545354",1395
"Tspyl3","GSM2545354",529
"Arhgap10","GSM2545354",753
"Plxnb2","GSM2545354",6240
"Doc2a","GSM2545354",80
"Tmem29","GSM2545354",391
"Dpf2","GSM2545354",3152
"Foxl2os","GSM2545354",42
"Slc47a1","GSM2545354",429
"Nap1l5","GSM2545354",19033
"Mapk7","GSM2545354",1131
"Grem2","GSM2545354",145
"Pcdh10","GSM2545354",1661
"Nol3","GSM2545354",256
"Gpr83","GSM2545354",47
"Nrsn2","GSM2545354",1937
"Prss16","GSM2545354",21
"Pcdh18","GSM2545354",81
"Emx2","GSM2545354",0
"Ccdc81","GSM2545354",50
"Rwdd2a","GSM2545354",275
"Mpped1","GSM2545354",244
"Galnt7","GSM2545354",2240
"S100a8","GSM2545354",53
"Mau2","GSM2545354",4863
"Ptpn23","GSM2545354",2920
"Sstr1","GSM2545354",107
"Wdfy4","GSM2545354",29
"Anxa3","GSM2545354",396
"C3","GSM2545354",45
"Tead4","GSM2545354",236
"Clvs2","GSM2545354",261
"Gaa","GSM2545354",6421
"Zfp219","GSM2545354",5893
"Bves","GSM2545354",8
"Tmem161a","GSM2545354",923
"Unc5d","GSM2545354",549
"Cd180","GSM2545354",22
"Scml4","GSM2545354",25
"Stk38","GSM2545354",2340
"Sox17","GSM2545354",273
"Srsf9","GSM2545354",1418
"Herpud1","GSM2545354",3383
"Hmbs","GSM2545354",523
"Gm2824","GSM2545354",27
"Mir1901","GSM2545354",60
"Adamts19","GSM2545354",5
"Zfp36l1","GSM2545354",1158
"Impact","GSM2545354",7303
"Trmt6","GSM2545354",1641
"Plekhm1","GSM2545354",1718
"Basp1","GSM2545354",998
"Grid1","GSM2545354",910
"Zdbf2","GSM2545354",599
"Tal1","GSM2545354",42
"Raf1","GSM2545354",4062
"Pgpep1l","GSM2545354",12
"Fzd4","GSM2545354",1310
"Tfdp1","GSM2545354",2149
"Pdzrn4","GSM2545354",61
"Ier3","GSM2545354",330
"Mir378a","GSM2545354",8
"Magee2","GSM2545354",99
"Plekhg2","GSM2545354",291
"Boc","GSM2545354",3612
"Ddx39b","GSM2545354",5327
"H2-T24","GSM2545354",53
"Insm1","GSM2545354",21
"Vstm5","GSM2545354",84
"Kctd4","GSM2545354",135
"Oprm1","GSM2545354",97
"Zfand6","GSM2545354",2632
"Cx3cl1","GSM2545354",2385
"Tacr3","GSM2545354",26
"Gpr4","GSM2545354",143
"Ptgis","GSM2545354",84
"Ccdc28a","GSM2545354",399
"Ido2","GSM2545354",3
"Elfn2","GSM2545354",979
"Ngp","GSM2545354",46
"Ptpro","GSM2545354",200
"Neto1","GSM2545354",203
"Col6a2","GSM2545354",517
"Fev","GSM2545354",4
"Mmab","GSM2545354",563
"Resp18","GSM2545354",672
"Amn","GSM2545354",17
"Tmem132b","GSM2545354",513
"St6gal2","GSM2545354",175
"Tbc1d25","GSM2545354",741
"Pdcd2l","GSM2545354",607
"Acot3","GSM2545354",14
"Gm5468","GSM2545354",3
"Atg16l1","GSM2545354",1966
"Rpl14-ps1","GSM2545354",18
"Glra3","GSM2545354",88
"Plekhh3","GSM2545354",1685
"Pcdhga1","GSM2545354",161
"Gm9899","GSM2545354",1366
"Eps8l1","GSM2545354",376
"Serpina3g","GSM2545354",15
"Pcdh17","GSM2545354",1332
"Riok3","GSM2545354",3746
"Dcaf12l2","GSM2545354",13
"Ankrd6","GSM2545354",467
"Dhrs11","GSM2545354",472
"Zdhhc22","GSM2545354",253
"Hmgb3","GSM2545354",421
"Mid1","GSM2545354",317
"Celf3","GSM2545354",1801
"Akap5","GSM2545354",273
"Phlda3","GSM2545354",435
"Arfgap2","GSM2545354",3325
"Gabpb1","GSM2545354",1129
"Mybpc1","GSM2545354",2311
"Nfkbia","GSM2545354",1421
"Gabra3","GSM2545354",800
"Gtpbp2","GSM2545354",2677
"Ptgdr","GSM2545354",41
"Myh15","GSM2545354",36
"Ciz1","GSM2545354",1581
"Tmem62","GSM2545354",2646
"Pan3","GSM2545354",4324
"Pld3","GSM2545354",2505
"Trim3","GSM2545354",6365
"Spata2l","GSM2545354",693
"Gm2223","GSM2545354",10
"Dnah1","GSM2545354",101
"Pnoc","GSM2545354",76
"Dzank1","GSM2545354",7595
"Safb2","GSM2545354",3354
"Rnf128","GSM2545354",936
"Jpx","GSM2545354",258
"Il16","GSM2545354",7062
"Slc26a7","GSM2545354",352
"Rspo1","GSM2545354",16
"Hcfc2","GSM2545354",1837
"Gm35315","GSM2545354",43
"Tyrp1","GSM2545354",17
"Pank4","GSM2545354",1698
"Ngef","GSM2545354",435
"Llgl1","GSM2545354",3309
"Usp12","GSM2545354",2594
"Ppp2r2d","GSM2545354",2228
"Zfp677","GSM2545354",179
"Heyl","GSM2545354",91
"Sin3b","GSM2545354",2428
"Sidt1","GSM2545354",2096
"Spin2c","GSM2545354",102
"Wasf2","GSM2545354",1346
"Tmem14a","GSM2545354",635
"Cntnap5a","GSM2545354",450
"Ccm2l","GSM2545354",165
"Sema3e","GSM2545354",644
"Il18bp","GSM2545354",399
"Slc35f1","GSM2545354",1233
"Best1","GSM2545354",24
"Pde8b","GSM2545354",648
"Htr7","GSM2545354",77
"Cfap57","GSM2545354",24
"Sgsm1","GSM2545354",4244
"Scn3b","GSM2545354",346
"Mark3","GSM2545354",3771
"Acsl5","GSM2545354",491
"Qpct","GSM2545354",168
"Iqcc","GSM2545354",722
"Noc2l","GSM2545354",2489
"Slc25a27","GSM2545354",4656
"Kdm4b","GSM2545354",2793
"Pde1b","GSM2545354",1025
"Pcdha10","GSM2545354",51
"Gja5","GSM2545354",41
"Irs4","GSM2545354",25
"Mamdc4","GSM2545354",228
"Mthfd2l","GSM2545354",240
"Lrrtm1","GSM2545354",238
"Tacr1","GSM2545354",29
"Lmo3","GSM2545354",171
"Psg16","GSM2545354",944
"Abcc8","GSM2545354",2559
"Epc1","GSM2545354",2769
"Slc6a7","GSM2545354",385
"Col4a5","GSM2545354",437
"Gm8013","GSM2545354",4
"Clpx","GSM2545354",1858
"Dffb","GSM2545354",365
"Senp3","GSM2545354",2605
"Hhex","GSM2545354",36
"Per2","GSM2545354",3843
"Rnpep","GSM2545354",1446
"Ttll1","GSM2545354",688
"Ppp1r1c","GSM2545354",13
"Moxd1","GSM2545354",289
"Susd6","GSM2545354",5542
"Ighm","GSM2545354",161
"Fam131a","GSM2545354",3704
"Zfp92","GSM2545354",24
"Kirrel","GSM2545354",573
"Npsr1","GSM2545354",5
"Kcnj16","GSM2545354",1393
"Atg10","GSM2545354",264
"Vwc2l","GSM2545354",50
"Sox14","GSM2545354",4
"Zc3h3","GSM2545354",529
"Gak","GSM2545354",4371
"Tox2","GSM2545354",141
"Tenm2","GSM2545354",843
"Begain","GSM2545354",822
"Dsc3","GSM2545354",6
"Fbll1","GSM2545354",287
"Dnah7a","GSM2545354",18
"Gm3764","GSM2545354",3836
"Strip1","GSM2545354",3011
"Nmnat3","GSM2545354",35
"Lims2","GSM2545354",405
"Fam43b","GSM2545354",218
"Ccnl2","GSM2545354",8631
"Gm11627","GSM2545354",7
"Rabl2","GSM2545354",979
"Kcnj3","GSM2545354",5701
"Zfp36","GSM2545354",263
"Slc2a1","GSM2545354",5734
"Cnksr3","GSM2545354",3151
"AW551984","GSM2545354",178
"Hykk","GSM2545354",198
"Rnasel","GSM2545354",109
"Shc1","GSM2545354",461
"Ppp1r12c","GSM2545354",3257
"Syne4","GSM2545354",293
"Arrdc2","GSM2545354",1056
"Usp28","GSM2545354",2738
"Slfn4","GSM2545354",4
"Pomt2","GSM2545354",1323
"Gm10432","GSM2545354",89
"Cngb1","GSM2545354",22
"Dot1l","GSM2545354",6316
"Gmnn","GSM2545354",95
"Ccdc160","GSM2545354",40
"Ptpn5","GSM2545354",798
"Mal2","GSM2545354",240
"Arap3","GSM2545354",265
"Mib2","GSM2545354",2571
"Itgb1bp2","GSM2545354",63
"Stk32b","GSM2545354",24
"Dgkb","GSM2545354",1177
"Pcgf6","GSM2545354",1164
"Serinc2","GSM2545354",912
"Arhgef37","GSM2545354",806
"Ltf","GSM2545354",29
"Timp2","GSM2545354",3303
"Snora41","GSM2545354",24
"F3","GSM2545354",2903
"Tgfbi","GSM2545354",238
"Rab44","GSM2545354",4
"Lclat1","GSM2545354",1045
"Arid5b","GSM2545354",3007
"Col25a1","GSM2545354",216
"Inpp5b","GSM2545354",2640
"Dhfr","GSM2545354",288
"Phkg2","GSM2545354",1809
"Bcl11a","GSM2545354",545
"Nr2f1","GSM2545354",1580
"Trhr","GSM2545354",33
"Msc","GSM2545354",7
"Mndal","GSM2545354",161
"Pou3f2","GSM2545354",560
"Gm9962","GSM2545354",13
"Atg16l2","GSM2545354",1039
"Gm16425","GSM2545354",12
"Ap1m1","GSM2545354",1971
"Trpv3","GSM2545354",17
"Inpp5k","GSM2545354",2260
"D11Wsu47e","GSM2545354",237
"Fkbp1b","GSM2545354",268
"Syvn1","GSM2545354",2379
"Aldh3a2","GSM2545354",2800
"Dtd2","GSM2545354",210
"Pcdh19","GSM2545354",277
"Gm5526","GSM2545354",31
"Nsun5","GSM2545354",602
"Hrh2","GSM2545354",248
"Lmbr1l","GSM2545354",570
"Pkn1","GSM2545354",1163
"Nptx2","GSM2545354",52
"Ctxn1","GSM2545354",198
"Rp1","GSM2545354",3
"Gm7357","GSM2545354",1
"Mrpl15","GSM2545354",1093
"Lypla1","GSM2545354",2075
"Tcea1","GSM2545354",3233
"Gm6104","GSM2545354",3
"Atp6v1h","GSM2545354",4593
"Oprk1","GSM2545354",65
"Npbwr1","GSM2545354",6
"Rb1cc1","GSM2545354",5904
"Gm2147","GSM2545354",1
"Gm26901","GSM2545354",3
"Sntg1","GSM2545354",356
"Gm6187","GSM2545354",1
"Rrs1","GSM2545354",699
"Mcmdc2","GSM2545354",32
"Snhg6","GSM2545354",257
"Snord87","GSM2545354",5
"Tcf24","GSM2545354",7
"Ppp1r42","GSM2545354",15
"Arfgef1","GSM2545354",5928
"Cpa6","GSM2545354",2
"Ncoa2","GSM2545354",4976
"Tram1","GSM2545354",1707
"Gm5523","GSM2545354",3
"Eya1","GSM2545354",347
"Smt3h2-ps4","GSM2545354",6
"Trpa1","GSM2545354",1
"Gm10566","GSM2545354",4
"Terf1","GSM2545354",598
"Rdh10","GSM2545354",901
"Stau2","GSM2545354",3495
"Ly96","GSM2545354",27
"Jph1","GSM2545354",1480
"Gdap1","GSM2545354",5644
"Rbm6-ps1","GSM2545354",16
"Pi15","GSM2545354",23
"Gm28154","GSM2545354",14
"Gm16070","GSM2545354",3
"Gm15825","GSM2545354",0
"Tfap2d","GSM2545354",3
"Tfap2b","GSM2545354",2199
"Pkhd1","GSM2545354",0
"Mir133b","GSM2545354",3
"Il17f","GSM2545354",1
"Paqr8","GSM2545354",19036
"Tram2","GSM2545354",18
"Gm7658","GSM2545354",9
"Gm7761","GSM2545354",2
"Mir30c-2","GSM2545354",15
"Ogfrl1","GSM2545354",9564
"Smap1","GSM2545354",3349
"Fam135a","GSM2545354",2897
"Col19a1","GSM2545354",981
"Lmbrd1","GSM2545354",9229
"Gm20172","GSM2545354",0
"Gm29214","GSM2545354",8
"Gm7846","GSM2545354",12
"Gm5525","GSM2545354",17
"Phf3","GSM2545354",4562
"Khdrbs2","GSM2545354",258
"Gm5415","GSM2545354",1
"Zfp451","GSM2545354",1335
"Gm15455","GSM2545354",12
"Bend6","GSM2545354",8983
"Ptpn18","GSM2545354",36
"Cfc1","GSM2545354",1
"Amer3","GSM2545354",2047
"Fam168b","GSM2545354",12066
"Gm33222","GSM2545354",8
"Kansl3","GSM2545354",3954
"Fer1l5","GSM2545354",5
"Cnnm4","GSM2545354",1158
"Sema4c","GSM2545354",995
"Cox5b","GSM2545354",5477
"Zap70","GSM2545354",20
"Tmem131","GSM2545354",3788
"Cnga3","GSM2545354",1
"Unc50","GSM2545354",1385
"Lipt1","GSM2545354",85
"Mrpl30","GSM2545354",1052
"Lyg2","GSM2545354",4
"Txndc9","GSM2545354",1745
"Eif5b","GSM2545354",5242
"Gm16150","GSM2545354",20
"Gm16152","GSM2545354",4
"Pdcl3","GSM2545354",1144
"Rpl31","GSM2545354",2856
"Tbc1d8","GSM2545354",1939
"Cnot11","GSM2545354",1313
"Snord89","GSM2545354",16
"Rnf149","GSM2545354",1026
"Rfx8","GSM2545354",14
"Gm16894","GSM2545354",16
"Il1rl2","GSM2545354",12
"Il1rl1","GSM2545354",7
"Il18r1","GSM2545354",0
"Slc9a4","GSM2545354",12
"Mfsd9","GSM2545354",127
"Tmem182","GSM2545354",13
"Gm28175","GSM2545354",7
"Pantr1","GSM2545354",248
"Pou3f3","GSM2545354",1446
"Pantr2","GSM2545354",45
"Mrps9","GSM2545354",1226
"Gpr45","GSM2545354",77
"Tgfbrap1","GSM2545354",2497
"Fhl2","GSM2545354",116
"Nck2","GSM2545354",732
"Uxs1","GSM2545354",1359
"Gm16103","GSM2545354",1
"Tpp2","GSM2545354",2998
"Tex30","GSM2545354",214
"Bivm","GSM2545354",1010
"Gulp1","GSM2545354",234
"Wdr75","GSM2545354",1184
"Dnah7b","GSM2545354",704
"Gm4852","GSM2545354",6
"Gm8337","GSM2545354",15
"Nabp1","GSM2545354",408
"Gm17767","GSM2545354",3
"Myo1b","GSM2545354",783
"Stat4","GSM2545354",3
"Stat1","GSM2545354",1411
"Gls","GSM2545354",14853
"Rps27a-ps1","GSM2545354",2
"Gm28178","GSM2545354",1
"Inpp1","GSM2545354",3460
"Mstn","GSM2545354",17
"Asnsd1","GSM2545354",665
"Gtf3c3","GSM2545354",1011
"Pgap1","GSM2545354",2029
"Gm19637","GSM2545354",0
"Ankrd44","GSM2545354",723
"Sf3b1","GSM2545354",15555
"Gm6822","GSM2545354",5
"Boll","GSM2545354",8
"Gm8292","GSM2545354",12
"Plcl1","GSM2545354",1322
"Gm6644","GSM2545354",0
"Satb2","GSM2545354",30
"BC055402","GSM2545354",8
"Tyw5","GSM2545354",499
"Spats2l","GSM2545354",366
"Aox4","GSM2545354",6
"Aox2","GSM2545354",3
"Bzw1","GSM2545354",8543
"Clk1","GSM2545354",7834
"Ppil3","GSM2545354",381
"Nif3l1","GSM2545354",667
"Cflar","GSM2545354",1284
"Casp8","GSM2545354",94
"Stradb","GSM2545354",1066
"Tmem237","GSM2545354",1048
"Cdk15","GSM2545354",3
"Fzd7","GSM2545354",2147
"Sumo1","GSM2545354",2899
"Fam117b","GSM2545354",4214
"Wdr12","GSM2545354",1094
"Nbeal1","GSM2545354",1532
"Abi2","GSM2545354",4712
"Cd28","GSM2545354",57
"Gm11581","GSM2545354",1
"Icos","GSM2545354",1
"Nrp2","GSM2545354",454
"Gm4208","GSM2545354",1
"Ndufs1","GSM2545354",7258
"Eef1b2","GSM2545354",3459
"Gpr1","GSM2545354",9
"Gm11605","GSM2545354",5
"Adam23","GSM2545354",7341
"Dytn","GSM2545354",4
"Mdh1b","GSM2545354",31
"Gm13748","GSM2545354",10
"Ccnyl1","GSM2545354",512
"Plekhm3","GSM2545354",1844
"Rpl10a-ps1","GSM2545354",31
"Cryga","GSM2545354",0
"Pikfyve","GSM2545354",2570
"Map2","GSM2545354",23893
"Unc80","GSM2545354",19303
"Kansl1l","GSM2545354",1344
"Acadl","GSM2545354",2090
"Gm15793","GSM2545354",2
"Spag16","GSM2545354",118
"Bard1","GSM2545354",13
"Abca12","GSM2545354",9
"Atic","GSM2545354",982
"Fn1","GSM2545354",3471
"Gm5256","GSM2545354",6
"Tmem169","GSM2545354",578
"Xrcc5","GSM2545354",736
"Smarcal1","GSM2545354",2816
"Igfbp2","GSM2545354",2021
"Gm29183","GSM2545354",6
"Rufy4","GSM2545354",10
"Cxcr2","GSM2545354",0
"Arpc2","GSM2545354",4151
"Aamp","GSM2545354",4457
"Tmbim1","GSM2545354",1780
"Catip","GSM2545354",99
"Zfp142","GSM2545354",1971
"Rnf25","GSM2545354",1371
"Ttll4","GSM2545354",1998
"Prkag3","GSM2545354",14
"Gm29539","GSM2545354",0
"Wnt10a","GSM2545354",9
"Ihh","GSM2545354",6
"Slc23a3","GSM2545354",5
"Zfand2b","GSM2545354",392
"Ankzf1","GSM2545354",1064
"Glb1l","GSM2545354",369
"Ptprn","GSM2545354",5413
"Des","GSM2545354",60
"Asic4","GSM2545354",30
"Chpf","GSM2545354",2304
"Obsl1","GSM2545354",767
"Stk11ip","GSM2545354",1020
"Slc4a3","GSM2545354",3560
"Epha4","GSM2545354",1012
"Pax3","GSM2545354",332
"Mogat1","GSM2545354",9
"Kcne4","GSM2545354",47
"Gm5830","GSM2545354",14
"Scg2","GSM2545354",7050
"Mrpl44","GSM2545354",882
"Gm5529","GSM2545354",23
"Fam124b","GSM2545354",4
"Cul3","GSM2545354",8198
"Nyap2","GSM2545354",1128
"Rhbdd1","GSM2545354",556
"Col4a4","GSM2545354",132
"Col4a3","GSM2545354",107
"Mff","GSM2545354",7074
"Daw1","GSM2545354",36
"Trip12","GSM2545354",7615
"Fbxo36","GSM2545354",108
"Slc16a14","GSM2545354",182
"Gm15433","GSM2545354",2
"Rpl19-ps1","GSM2545354",6
"Sp110","GSM2545354",25
"Sp140","GSM2545354",26
"Sp100","GSM2545354",155
"Cab39","GSM2545354",8443
"Gpr55","GSM2545354",4
"Spata3","GSM2545354",14
"Htr2b","GSM2545354",1
"Armc9","GSM2545354",683
"B3gnt7","GSM2545354",12
"Snora75","GSM2545354",8
"Nmur1","GSM2545354",34
"Dis3l2","GSM2545354",863
"Gm6136","GSM2545354",27
"Ecel1","GSM2545354",108
"Prss56","GSM2545354",3
"Kcnj13","GSM2545354",669
"Inpp5d","GSM2545354",223
"Scarna6","GSM2545354",3
"Sag","GSM2545354",10
"Dgkd","GSM2545354",9690
"Gm19582","GSM2545354",79
"Usp40","GSM2545354",1362
"Ugt1a7c","GSM2545354",8
"Dnajb3","GSM2545354",38
"Mroh2a","GSM2545354",12
"Spp2","GSM2545354",7
"Gm29538","GSM2545354",7
"Glrp1","GSM2545354",4
"Sh3bp4","GSM2545354",479
"Gbx2","GSM2545354",7
"Iqca","GSM2545354",38
"Ackr3","GSM2545354",291
"Col6a3","GSM2545354",117
"Rab17","GSM2545354",1
"Ube2f","GSM2545354",1414
"Klhl30","GSM2545354",13
"Twist2","GSM2545354",4
"Hdac4","GSM2545354",1970
"Ndufa10","GSM2545354",4315
"Mir149","GSM2545354",2
"Ankmy1","GSM2545354",18
"Rnpepl1","GSM2545354",1177
"Capn10","GSM2545354",979
"Gpr35","GSM2545354",33
"Pask","GSM2545354",181
"Hdlbp","GSM2545354",8237
"Farp2","GSM2545354",339
"Stk25","GSM2545354",5322
"Thap4","GSM2545354",502
"D2hgdh","GSM2545354",458
"Pdcd1","GSM2545354",1
"Gm7895","GSM2545354",18
"Fam174a","GSM2545354",1513
"Slco4c1","GSM2545354",11
"Panct2","GSM2545354",12
"Gm6430","GSM2545354",4
"Gin1","GSM2545354",390
"Pam","GSM2545354",1918
"Cntnap5b","GSM2545354",983
"Cdh20","GSM2545354",1095
"Pign","GSM2545354",891
"Gm10193","GSM2545354",2
"Tnfrsf11a","GSM2545354",82
"Gm7160","GSM2545354",14
"Gm20753","GSM2545354",0
"Bcl2","GSM2545354",885
"Vps4b","GSM2545354",2048
"Serpinb5","GSM2545354",3
"Serpinb10","GSM2545354",1
"Gm8141","GSM2545354",16
"Cdh7","GSM2545354",1938
"Cdh19","GSM2545354",696
"Gm8173","GSM2545354",1
"Dsel","GSM2545354",354
"Gm6028","GSM2545354",6
"Nifk","GSM2545354",883
"Clasp1","GSM2545354",3583
"Inhbb","GSM2545354",315
"Gm3551","GSM2545354",1
"Gm28209","GSM2545354",1
"Cfap221","GSM2545354",13
"Sctr","GSM2545354",9
"Tmem37","GSM2545354",34
"En1","GSM2545354",182
"Insig2","GSM2545354",2386
"Ccdc93","GSM2545354",1485
"Htr5b","GSM2545354",13
"Ddx18","GSM2545354",849
"Actr3","GSM2545354",5977
"Slc35f5","GSM2545354",675
"Gpr39","GSM2545354",0
"Mgat5","GSM2545354",3923
"Gm8451","GSM2545354",31
"Tmem163","GSM2545354",2188
"Acmsd","GSM2545354",2
"Zranb3","GSM2545354",171
"Gm28800","GSM2545354",1
"Rpl28-ps1","GSM2545354",32
"Mir128-1","GSM2545354",1
"Lct","GSM2545354",8
"Gm6170","GSM2545354",19
"Thsd7b","GSM2545354",61
"Gm29428","GSM2545354",0
"Cd55","GSM2545354",305
"Gm16083","GSM2545354",13
"C4bp-ps1","GSM2545354",10
"Yod1","GSM2545354",508
"Fcamr","GSM2545354",2
"Dyrk3","GSM2545354",167
"Ikbke","GSM2545354",55
"Srgap2","GSM2545354",8635
"Slc26a9","GSM2545354",1
"Pm20d1","GSM2545354",203
"Rab29","GSM2545354",163
"Cdk18","GSM2545354",633
"Gm29695","GSM2545354",170
"Lemd1","GSM2545354",17
"Gm7241","GSM2545354",2
"Klhdc8a","GSM2545354",709
"Lrrn2","GSM2545354",3493
"Gm29257","GSM2545354",5
"Gm28609","GSM2545354",2
"Plekha6","GSM2545354",4860
"Ren1","GSM2545354",8
"Sox13","GSM2545354",304
"Zbed6","GSM2545354",1775
"Lax1","GSM2545354",2
"Optc","GSM2545354",41
"Prelp","GSM2545354",1265
"Gm8618","GSM2545354",0
"Mybph","GSM2545354",23
"Myog","GSM2545354",4
"Ppfia4","GSM2545354",10213
"Tmem183a","GSM2545354",2812
"Kdm5b","GSM2545354",2142
"Ppp1r12b","GSM2545354",3447
"Ube2t","GSM2545354",41
"Ptprv","GSM2545354",4
"Timm17a","GSM2545354",1424
"Csrp1","GSM2545354",9323
"Tnni1","GSM2545354",97
"Lad1","GSM2545354",20
"Pkp1","GSM2545354",4
"Ascl5","GSM2545354",0
"Cacna1s","GSM2545354",42
"Gm15850","GSM2545354",1
"Kif21b","GSM2545354",1429
"Camsap2","GSM2545354",8134
"Kif14","GSM2545354",15
"Gm29485","GSM2545354",2
"Gm19705","GSM2545354",33
"Mif-ps1","GSM2545354",1
"Nr5a2","GSM2545354",2
"Ptprc","GSM2545354",107
"Lhx9","GSM2545354",64
"Dennd1b","GSM2545354",875
"Crb1","GSM2545354",18
"Zbtb41","GSM2545354",1766
"Cfhr2","GSM2545354",2
"Gm5837","GSM2545354",6
"Kcnt2","GSM2545354",73
"Gm5835","GSM2545354",28
"Cdc73","GSM2545354",917
"B3galt2","GSM2545354",907
"Glrx2","GSM2545354",2032
"Rgs1","GSM2545354",6
"Gm7266","GSM2545354",1
"Rgs18","GSM2545354",1
"Brinp3","GSM2545354",667
"Ptgs2os","GSM2545354",0
"Ptgs2","GSM2545354",23
"Tpr","GSM2545354",6326
"Swt1","GSM2545354",785
"Mir7682","GSM2545354",5
"Rnf2","GSM2545354",1433
"Gm36527","GSM2545354",1
"Edem3","GSM2545354",3732
"Tsen15","GSM2545354",510
"Colgalt2","GSM2545354",109
"Rgl1","GSM2545354",1337
"Arpc5","GSM2545354",2185
"Ncf2","GSM2545354",63
"Nmnat2","GSM2545354",9980
"Lamc2","GSM2545354",63
"Dhx9","GSM2545354",6895
"Rgs16","GSM2545354",725
"Rgsl1","GSM2545354",29
"Zfp648","GSM2545354",5
"Gm9530","GSM2545354",11
"Stx6","GSM2545354",1693
"Xpr1","GSM2545354",4322
"Gm5532","GSM2545354",9
"Acbd6","GSM2545354",793
"Lhx4","GSM2545354",3
"Cep350","GSM2545354",3749
"Fam163a","GSM2545354",78
"Tdrd5","GSM2545354",56
"Nphs2","GSM2545354",10
"Gm2000","GSM2545354",19
"Soat1","GSM2545354",730
"Abl2","GSM2545354",2117
"Fam20b","GSM2545354",3195
"Ralgps2","GSM2545354",2107
"Angptl1","GSM2545354",17
"Rasal2","GSM2545354",2642
"Brinp2","GSM2545354",1125
"Gm4953","GSM2545354",7
"Gm31256","GSM2545354",3
"Rabgap1l","GSM2545354",6227
"Gm6177","GSM2545354",1
"Rc3h1","GSM2545354",3391
"Serpinc1","GSM2545354",3
"Snord47","GSM2545354",28
"Dars2","GSM2545354",650
"Cenpl","GSM2545354",86
"Fasl","GSM2545354",13
"Dnm3","GSM2545354",10259
"Dnm3os","GSM2545354",12
"Prrc2c","GSM2545354",7365
"Fmo2","GSM2545354",439
"Mettl11b","GSM2545354",4
"BC055324","GSM2545354",115
"Sele","GSM2545354",0
"Selp","GSM2545354",0
"F5","GSM2545354",1113
"Nme7","GSM2545354",432
"Atp1b1","GSM2545354",57409
"Gm26685","GSM2545354",1
"Dpt","GSM2545354",1
"Gm20743","GSM2545354",213
"Sft2d2","GSM2545354",1404
"Tiprl","GSM2545354",1961
"Rcsd1","GSM2545354",221
"Gm32999","GSM2545354",3
"Dusp27","GSM2545354",16
"Mael","GSM2545354",0
"Gm16418","GSM2545354",15
"Gm16701","GSM2545354",166
"Aldh9a1","GSM2545354",1616
"Mgst3","GSM2545354",1712
"Lrrc52","GSM2545354",3
"Rxrg","GSM2545354",30
"Lmx1a","GSM2545354",133
"Pbx1","GSM2545354",3975
"Asl","GSM2545362",748
"Apod","GSM2545362",15916
"Cyp2d22","GSM2545362",2842
"Klk6","GSM2545362",501
"Fcrls","GSM2545362",179
"Slc2a4","GSM2545362",350
"Exd2","GSM2545362",2372
"Gjc2","GSM2545362",499
"Plp1","GSM2545362",71380
"Gnb4","GSM2545362",1410
"Tnc","GSM2545362",417
"Trf","GSM2545362",14602
"Tubb2b","GSM2545362",2844
"Fads1","GSM2545362",7807
"Lxn","GSM2545362",1966
"Prr18","GSM2545362",1922
"Cmtm5","GSM2545362",1721
"Enpp1","GSM2545362",476
"Clic4","GSM2545362",6442
"Tm6sf2","GSM2545362",62
"Slc20a2","GSM2545362",6106
"Itih3","GSM2545362",5866
"Ptn","GSM2545362",5805
"Prodh","GSM2545362",1725
"Msantd1","GSM2545362",156
"Ugt8a","GSM2545362",2608
"Fbln5","GSM2545362",728
"Trp53inp2","GSM2545362",9965
"Slc7a3","GSM2545362",354
"Dnase1l2","GSM2545362",210
"Icosl","GSM2545362",686
"Rmnd1","GSM2545362",991
"Tssk5","GSM2545362",200
"Pycr1","GSM2545362",58
"Pla2g3","GSM2545362",266
"Vmn2r1","GSM2545362",62
"Gm29797","GSM2545362",64
"Phyhd1","GSM2545362",1585
"Gpr146","GSM2545362",1235
"Mag","GSM2545362",6667
"Tufm","GSM2545362",1767
"Igdcc4","GSM2545362",2723
"Gm10654","GSM2545362",250
"Ncmap","GSM2545362",95
"Etv4","GSM2545362",304
"Fabp7","GSM2545362",348
"Cpsf4l","GSM2545362",56
"Hexa","GSM2545362",1312
"Mfge8","GSM2545362",1566
"Ccdc136","GSM2545362",4499
"Glul","GSM2545362",62355
"Hopx","GSM2545362",4360
"Pigq","GSM2545362",3971
"Vps11","GSM2545362",3538
"Proca1","GSM2545362",199
"Fbxl22","GSM2545362",67
"Sfxn5","GSM2545362",9233
"Hexim2","GSM2545362",582
"Agt","GSM2545362",5483
"Rlbp1","GSM2545362",312
"Jam2","GSM2545362",3557
"Lcat","GSM2545362",1843
"Oxct1","GSM2545362",13708
"Cacna1e","GSM2545362",8809
"Fa2h","GSM2545362",1821
"Plxnb3","GSM2545362",1164
"Lman2l","GSM2545362",1065
"Dpy19l1","GSM2545362",2461
"Kctd21","GSM2545362",702
"Thra","GSM2545362",12069
"Dok3","GSM2545362",111
"Sult1a1","GSM2545362",770
"Rpe","GSM2545362",1035
"Acrbp","GSM2545362",338
"Slc2a9","GSM2545362",116
"Emp2","GSM2545362",1139
"Aipl1","GSM2545362",39
"Uri1","GSM2545362",2461
"Bcs1l","GSM2545362",435
"Rbm3","GSM2545362",7378
"Tra2a","GSM2545362",3893
"Prex1","GSM2545362",4354
"Josd2","GSM2545362",1392
"Tmco3","GSM2545362",1492
"Srebf1","GSM2545362",2834
"Acer2","GSM2545362",596
"Tsga10","GSM2545362",321
"Cyp3a13","GSM2545362",146
"Relt","GSM2545362",821
"Nrep","GSM2545362",29780
"Slc14a1","GSM2545362",1534
"Pnpla2","GSM2545362",1478
"Map6d1","GSM2545362",2033
"Ier5","GSM2545362",954
"Bfsp2","GSM2545362",89
"Idi1","GSM2545362",638
"Kat2b","GSM2545362",6302
"Rmdn3","GSM2545362",4434
"Eif4b","GSM2545362",10949
"Grm4","GSM2545362",12763
"Pink1","GSM2545362",19285
"Mettl16","GSM2545362",861
"Fam193b","GSM2545362",2724
"Rtca","GSM2545362",1597
"Fgfbp1","GSM2545362",48
"Pigs","GSM2545362",2588
"Cfp","GSM2545362",794
"Desi1","GSM2545362",5614
"Gbp4","GSM2545362",147
"Nid1","GSM2545362",921
"Armcx5","GSM2545362",954
"Cryab","GSM2545362",2556
"Prss53","GSM2545362",124
"Car4","GSM2545362",4285
"Gm6277","GSM2545362",148
"Amt","GSM2545362",1002
"Zc3h6","GSM2545362",1839
"Aqp4","GSM2545362",17407
"Tmem198b","GSM2545362",773
"Abi3bp","GSM2545362",1054
"Xpa","GSM2545362",535
"Aldh6a1","GSM2545362",4940
"Adam1a","GSM2545362",499
"Dynlt1a","GSM2545362",479
"Gatm","GSM2545362",4624
"H2-Q4","GSM2545362",196
"Nras","GSM2545362",1672
"Pla2g4e","GSM2545362",683
"Lpar1","GSM2545362",1728
"Il12rb1","GSM2545362",67
"Enpp6","GSM2545362",578
"Ermn","GSM2545362",4158
"Marcksl1","GSM2545362",985
"Ubqln4","GSM2545362",3280
"Glt8d1","GSM2545362",1434
"Ddx25","GSM2545362",1577
"Gpr17","GSM2545362",648
"Cat","GSM2545362",2255
"Wwox","GSM2545362",921
"Phkg1","GSM2545362",654
"Ppp1r3f","GSM2545362",1216
"Mrpl35","GSM2545362",1278
"Nudt9","GSM2545362",1729
"Lypd6","GSM2545362",1348
"Spice1","GSM2545362",636
"Tuba8","GSM2545362",1343
"Spon1","GSM2545362",5097
"Nfya","GSM2545362",914
"Sc5d","GSM2545362",4019
"Aldh18a1","GSM2545362",840
"Ebp","GSM2545362",872
"Srr","GSM2545362",2791
"Gm14827","GSM2545362",327
"Gm31135","GSM2545362",45
"Adam17","GSM2545362",1064
"Slc39a2","GSM2545362",649
"Snn","GSM2545362",6261
"Hnrnpc","GSM2545362",8826
"Srbd1","GSM2545362",514
"Ptp4a1","GSM2545362",1402
"Tppp","GSM2545362",11313
"Stac3","GSM2545362",149
"Emid1","GSM2545362",258
"Cotl1","GSM2545362",3344
"Ovgp1","GSM2545362",933
"Ssx2ip","GSM2545362",3402
"Hsd3b7","GSM2545362",676
"Kazald1","GSM2545362",273
"Omd","GSM2545362",146
"Bcas1","GSM2545362",6318
"Gm9925","GSM2545362",505
"Dleu2","GSM2545362",282
"Chil3","GSM2545362",59
"Deaf1","GSM2545362",2515
"Dusp19","GSM2545362",302
"Gkn3","GSM2545362",24
"Pllp","GSM2545362",1335
"Sox2ot","GSM2545362",986
"Ntf3","GSM2545362",117
"Lum","GSM2545362",127
"Gm20751","GSM2545362",166
"Thnsl2","GSM2545362",225
"Slc2a4rg-ps","GSM2545362",393
"Agpat5","GSM2545362",3393
"Mdk","GSM2545362",897
"Penk","GSM2545362",3675
"Cirbp","GSM2545362",4968
"Aloxe3","GSM2545362",453
"Nudt5","GSM2545362",452
"Serpinb1a","GSM2545362",398
"Mt1","GSM2545362",10323
"Fgfr3","GSM2545362",5386
"Myo1d","GSM2545362",790
"Cd99l2","GSM2545362",3749
"C2cd2","GSM2545362",913
"Brsk2","GSM2545362",7420
"Mrrf","GSM2545362",541
"Snhg4","GSM2545362",276
"Hmgcs1","GSM2545362",6732
"Stk17b","GSM2545362",4386
"Cyp51","GSM2545362",2197
"Gria4","GSM2545362",24204
"Ttyh1","GSM2545362",28766
"Slc13a1","GSM2545362",57
"Phf7","GSM2545362",254
"Get4","GSM2545362",1352
"Gstm1","GSM2545362",9659
"Fbxo31","GSM2545362",2995
"Padi2","GSM2545362",1083
"Gnmt","GSM2545362",203
"Paip2b","GSM2545362",4741
"Slc17a9","GSM2545362",48
"Vopp1","GSM2545362",1841
"Ogdhl","GSM2545362",4959
"Dcaf12","GSM2545362",2426
"Rorc","GSM2545362",1368
"Cp","GSM2545362",1597
"Jade2","GSM2545362",2814
"Nbl1","GSM2545362",2946
"Hsph1","GSM2545362",4581
"Serf2","GSM2545362",3498
"Rasgef1a","GSM2545362",4487
"Prrg1","GSM2545362",532
"Etnppl","GSM2545362",9360
"Cyp4f15","GSM2545362",283
"Ankrd29","GSM2545362",1329
"Gm27252","GSM2545362",93
"Kctd2","GSM2545362",3615
"Iigp1","GSM2545362",145
"Ak4","GSM2545362",4038
"Idh2","GSM2545362",1553
"Camkk1","GSM2545362",3139
"Rftn2","GSM2545362",1289
"Igtp","GSM2545362",204
"Bche","GSM2545362",442
"Marcks","GSM2545362",6404
"Pabpc4","GSM2545362",845
"Pmp22","GSM2545362",1537
"Car14","GSM2545362",892
"Serpinh1","GSM2545362",779
"Ppp1r13b","GSM2545362",3046
"Tfrc","GSM2545362",7161
"Smox","GSM2545362",2529
"Tjap1","GSM2545362",713
"Msmo1","GSM2545362",2141
"Slc26a8","GSM2545362",146
"Eml3","GSM2545362",1366
"Csf2ra","GSM2545362",489
"Rnf141","GSM2545362",3182
"Slc25a16","GSM2545362",1726
"Echdc1","GSM2545362",1456
"Eid2b","GSM2545362",948
"Piga","GSM2545362",516
"Ccdc149","GSM2545362",1304
"Car15","GSM2545362",718
"Eny2","GSM2545362",3418
"Mroh1","GSM2545362",4576
"Pcyox1l","GSM2545362",659
"Ankrd39","GSM2545362",464
"Timeless","GSM2545362",430
"Sparc","GSM2545362",45454
"Slc7a10","GSM2545362",1558
"Ppp1r2","GSM2545362",4982
"Psmf1","GSM2545362",1466
"Adat1","GSM2545362",255
"Slc6a12","GSM2545362",245
"Snhg3","GSM2545362",287
"Prg4","GSM2545362",383
"Plod1","GSM2545362",855
"Whamm","GSM2545362",1169
"Ttpa","GSM2545362",506
"Thbs3","GSM2545362",269
"Gltp","GSM2545362",1574
"Pex6","GSM2545362",1709
"Aim2","GSM2545362",224
"Ednrb","GSM2545362",5609
"Nuf2","GSM2545362",103
"Mog","GSM2545362",2817
"Ccl27a","GSM2545362",1940
"Tac4","GSM2545362",16
"Snhg8","GSM2545362",401
"Ak6","GSM2545362",291
"Kctd20","GSM2545362",2742
"Itgb4","GSM2545362",655
"Zfp810","GSM2545362",924
"Gm33489","GSM2545362",129
"Gna12","GSM2545362",1752
"Cyp4v3","GSM2545362",777
"Pkp4","GSM2545362",11482
"Agpat1","GSM2545362",2644
"Gipr","GSM2545362",50
"Edn3","GSM2545362",262
"Prr15","GSM2545362",83
"Traf1","GSM2545362",149
"Pim2","GSM2545362",1300
"Lrrc8a","GSM2545362",3944
"Erp44","GSM2545362",1731
"Tmem33","GSM2545362",5812
"Fen1","GSM2545362",714
"Tfap4","GSM2545362",523
"Lman2","GSM2545362",3231
"Senp8","GSM2545362",294
"Alg14","GSM2545362",760
"Ddah1","GSM2545362",4229
"Pomt1","GSM2545362",643
"Rab3b","GSM2545362",700
"Lrrc29","GSM2545362",117
"Nqo1","GSM2545362",474
"Gpr137b","GSM2545362",569
"Pcif1","GSM2545362",2546
"Qdpr","GSM2545362",5020
"Dcdc2b","GSM2545362",286
"Rap2a","GSM2545362",2338
"Cnpy4","GSM2545362",502
"Wdr41","GSM2545362",1613
"Gm20627","GSM2545362",26
"Mmaa","GSM2545362",1526
"Gm13562","GSM2545362",17
"Cd70","GSM2545362",27
"Itm2a","GSM2545362",1706
"Avil","GSM2545362",51
"Zscan22","GSM2545362",476
"Itgb3","GSM2545362",81
"Col11a2","GSM2545362",540
"Apoc1","GSM2545362",98
"Tmeff2","GSM2545362",2264
"Tyro3","GSM2545362",6067
"Ift22","GSM2545362",1046
"Mtmr7","GSM2545362",3097
"Gabrr2","GSM2545362",84
"Ube2v2","GSM2545362",2212
"C77080","GSM2545362",1563
"Elovl5","GSM2545362",4114
"Serinc5","GSM2545362",2888
"Pyroxd2","GSM2545362",168
"Ypel2","GSM2545362",2000
"Parp3","GSM2545362",431
"Xpo1","GSM2545362",5472
"Polr2a","GSM2545362",6587
"Tspyl4","GSM2545362",28185
"Irgm1","GSM2545362",490
"Cep131","GSM2545362",1102
"Sema4d","GSM2545362",3564
"Gbp6","GSM2545362",341
"Zfp119b","GSM2545362",293
"Eps15","GSM2545362",12979
"Pxmp2","GSM2545362",254
"Tomm40l","GSM2545362",1685
"Atat1","GSM2545362",1126
"Chrac1","GSM2545362",437
"Mrpl24","GSM2545362",1474
"Ipo9","GSM2545362",8748
"Actg1","GSM2545362",8506
"Noxred1","GSM2545362",58
"Gm20501","GSM2545362",167
"H2-K1","GSM2545362",1028
"Lig1","GSM2545362",678
"Morn2","GSM2545362",267
"Dcakd","GSM2545362",992
"Nop14","GSM2545362",1167
"Bbs1","GSM2545362",1565
"Tada2b","GSM2545362",1536
"Gal3st1","GSM2545362",284
"Xpc","GSM2545362",1055
"Irf2bp2","GSM2545362",2817
"Spns2","GSM2545362",2257
"Pole","GSM2545362",167
"Fam78b","GSM2545362",1878
"Ggcx","GSM2545362",884
"Anks1","GSM2545362",2128
"Pgm2","GSM2545362",4271
"Zgrf1","GSM2545362",536
"Alkbh3","GSM2545362",634
"Dnd1","GSM2545362",69
"Lime1","GSM2545362",2034
"Trim23","GSM2545362",4855
"Abhd14a","GSM2545362",535
"Zkscan3","GSM2545362",1810
"Fam131b","GSM2545362",9835
"Elovl1","GSM2545362",771
"Trim72","GSM2545362",58
"Klhdc9","GSM2545362",201
"Iqck","GSM2545362",116
"Smim14","GSM2545362",6588
"Kcnab3","GSM2545362",1872
"Ing5","GSM2545362",769
"Cnnm3","GSM2545362",2646
"Fn3k","GSM2545362",1000
"Cnp","GSM2545362",14666
"Uros","GSM2545362",741
"Eml1","GSM2545362",2597
"Lgals3","GSM2545362",76
"Gjb1","GSM2545362",733
"Dynll1","GSM2545362",1993
"Cyp2j12","GSM2545362",118
"Crip3","GSM2545362",30
"Sbk1","GSM2545362",22452
"Camkk2","GSM2545362",10470
"Setd7","GSM2545362",16274
"Btf3l4","GSM2545362",2386
"Acbd4","GSM2545362",1453
"Gm16835","GSM2545362",265
"Gpr37","GSM2545362",2354
"Prr5l","GSM2545362",704
"Slain1","GSM2545362",2104
"Calr","GSM2545362",9541
"Bst1","GSM2545362",14
"Fmnl3","GSM2545362",430
"Gpr89","GSM2545362",591
"Zranb1","GSM2545362",6763
"Col27a1","GSM2545362",1096
"Emc8","GSM2545362",3474
"Ormdl3","GSM2545362",2841
"Capg","GSM2545362",118
"Zbtb21","GSM2545362",949
"Sord","GSM2545362",853
"Tsc22d1","GSM2545362",9747
"Gpld1","GSM2545362",3498
"Cdh4","GSM2545362",734
"Hkdc1","GSM2545362",116
"Ggact","GSM2545362",1492
"Zfp493","GSM2545362",113
"Mkks","GSM2545362",1256
"Gm15423","GSM2545362",118
"Npas2","GSM2545362",249
"Plin4","GSM2545362",1162
"Rragc","GSM2545362",3079
"Nsun3","GSM2545362",751
"Hgsnat","GSM2545362",3228
"Acr","GSM2545362",147
"Ccdc167","GSM2545362",1255
"Thap1","GSM2545362",410
"Egfl8","GSM2545362",94
"Vps33a","GSM2545362",5295
"Igbp1","GSM2545362",1377
"Tbx6","GSM2545362",54
"Dcst2","GSM2545362",30
"Rbm28","GSM2545362",1840
"Pms1","GSM2545362",498
"Rtcb","GSM2545362",4181
"Smad9","GSM2545362",2156
"Ubxn2b","GSM2545362",797
"Rnf170","GSM2545362",1843
"Pithd1","GSM2545362",2667
"Steap3","GSM2545362",68
"Tomm20","GSM2545362",10340
"Klf15","GSM2545362",1686
"Amz2","GSM2545362",1752
"Folh1","GSM2545362",1069
"Ubfd1","GSM2545362",2999
"Gpx3","GSM2545362",951
"C4b","GSM2545362",1059
"Mdfi","GSM2545362",395
"Nucb2","GSM2545362",374
"Clip4","GSM2545362",1831
"Tipin","GSM2545362",859
"Amy1","GSM2545362",1232
"Efhd1","GSM2545362",1683
"Smim15","GSM2545362",2058
"Zfp658","GSM2545362",757
"E2f6","GSM2545362",1744
"Lix1","GSM2545362",449
"Coq4","GSM2545362",332
"Otoa","GSM2545362",53
"Mex3a","GSM2545362",145
"Tmem132c","GSM2545362",1342
"Dclk1","GSM2545362",14205
"Eml2","GSM2545362",4843
"Glyr1","GSM2545362",8598
"Gm1976","GSM2545362",508
"Smyd3","GSM2545362",1649
"Dcaf8","GSM2545362",8399
"Lias","GSM2545362",1192
"Msn","GSM2545362",2704
"Timmdc1","GSM2545362",575
"H2-Q6","GSM2545362",45
"Asic3","GSM2545362",71
"Col5a3","GSM2545362",440
"Stx3","GSM2545362",3086
"AW046200","GSM2545362",116
"Hsf1","GSM2545362",1341
"Colq","GSM2545362",158
"Rcor3","GSM2545362",1470
"Slc6a20a","GSM2545362",801
"Prps1","GSM2545362",2548
"Keap1","GSM2545362",2301
"Tap2","GSM2545362",472
"Slc16a7","GSM2545362",1471
"Eif2b3","GSM2545362",619
"Flywch1","GSM2545362",13619
"Amigo2","GSM2545362",1121
"Hspd1","GSM2545362",7351
"Sost","GSM2545362",26
"Gm8615","GSM2545362",13
"Kcnk13","GSM2545362",184
"Tspyl2","GSM2545362",5894
"Spsb3","GSM2545362",2521
"Gm8493","GSM2545362",22
"Fgf22","GSM2545362",115
"Slc6a6","GSM2545362",5340
"Xist","GSM2545362",48685
"Ddx3y","GSM2545362",1
"Eif2s3y","GSM2545362",0
"Kdm5d","GSM2545362",0
"Uty","GSM2545362",0
"Eif2s3x","GSM2545362",2590
"Kdm6a","GSM2545362",3526
"Casp12","GSM2545362",326
"Ddx3x","GSM2545362",26586
"Prl2c3","GSM2545362",76
"Casp1","GSM2545362",120
"Pbdc1","GSM2545362",486
"Kdm5c","GSM2545362",4802
"Ctxn2","GSM2545362",224
"Ldoc1","GSM2545362",382
"Gpr179","GSM2545362",83
"Pou4f1","GSM2545362",36
"Tmprss3","GSM2545362",84
"Prl2c2","GSM2545362",23
"Slc35b1","GSM2545362",1389
"Myoc","GSM2545362",294
"Cartpt","GSM2545362",62
"Tchh","GSM2545362",99
"H2-Q2","GSM2545362",37
"Ascl1","GSM2545362",125
"Crhr1","GSM2545362",2238
"Gm4017","GSM2545362",18
"Impg1","GSM2545362",59
"Rxfp3","GSM2545362",44
"AI504432","GSM2545362",1439
"Mpo","GSM2545362",13
"Oxtr","GSM2545362",48
"Usp2","GSM2545362",3867
"Lor","GSM2545362",21
"Srrm4","GSM2545362",3318
"Slc35g1","GSM2545362",138
"Tceal6","GSM2545362",1431
"Dach2","GSM2545362",104
"Lgr6","GSM2545362",455
"Kcna4","GSM2545362",318
"Zfyve28","GSM2545362",3170
"Hps4","GSM2545362",625
"Ucp3","GSM2545362",142
"Mettl17","GSM2545362",788
"Atg9b","GSM2545362",125
"Usp3","GSM2545362",3944
"Acta2","GSM2545362",201
"Wdr24","GSM2545362",656
"Zw10","GSM2545362",1443
"Ubtd2","GSM2545362",2305
"Slc6a4","GSM2545362",542
"Cog1","GSM2545362",1942
"S100a9","GSM2545362",147
"Nadk","GSM2545362",2420
"Col6a1","GSM2545362",422
"Susd2","GSM2545362",356
"Fam53b","GSM2545362",2044
"Npas1","GSM2545362",61
"Rhbdf1","GSM2545362",505
"Cacnb1","GSM2545362",1000
"Zfp579","GSM2545362",795
"Dtx4","GSM2545362",1268
"Chrm3","GSM2545362",224
"Plcl2","GSM2545362",1725
"Ptprj","GSM2545362",3290
"Cyhr1","GSM2545362",5777
"Stx5a","GSM2545362",2462
"Smim8","GSM2545362",477
"Pappa2","GSM2545362",9
"Stbd1","GSM2545362",21
"Rln3","GSM2545362",59
"Ldlr","GSM2545362",1616
"Bmp2","GSM2545362",60
"Itga10","GSM2545362",229
"Unc45a","GSM2545362",1346
"Hap1","GSM2545362",4543
"Gm35339","GSM2545362",350
"Serpinb8","GSM2545362",89
"Tmem200c","GSM2545362",292
"Ngb","GSM2545362",146
"Myh11","GSM2545362",317
"Ass1","GSM2545362",759
"Ccdc28b","GSM2545362",1559
"Vsx2","GSM2545362",24
"Klhl1","GSM2545362",411
"Slit1","GSM2545362",427
"Rbm10","GSM2545362",2557
"Sgk1","GSM2545362",5766
"Zbtb24","GSM2545362",694
"Kif5a","GSM2545362",45197
"Alox8","GSM2545362",223
"Rgcc","GSM2545362",259
"Olfr1033","GSM2545362",35
"Lrrn4","GSM2545362",17
"Trim59","GSM2545362",943
"Pnma2","GSM2545362",598
"Arc","GSM2545362",869
"Lypd6b","GSM2545362",199
"Prkar2b","GSM2545362",1015
"Gabrd","GSM2545362",5407
"Sh3gl1","GSM2545362",1433
"Rab9b","GSM2545362",1413
"Slc9a2","GSM2545362",113
"Gata3","GSM2545362",50
"Rnd3","GSM2545362",573
"Tdgf1","GSM2545362",326
"Tph2","GSM2545362",760
"Gprc5c","GSM2545362",1890
"Syt16","GSM2545362",314
"Cdyl","GSM2545362",482
"St8sia2","GSM2545362",157
"Usp19","GSM2545362",5745
"Foxj2","GSM2545362",2319
"Wdfy2","GSM2545362",1876
"Fibcd1","GSM2545362",127
"Hs3st4","GSM2545362",233
"Rab27b","GSM2545362",719
"Gm4988","GSM2545362",232
"Hebp1","GSM2545362",263
"Mrgpre","GSM2545362",175
"Slc22a4","GSM2545362",2429
"Txndc11","GSM2545362",1274
"Pgr15l","GSM2545362",56
"Evpl","GSM2545362",132
"Pax7","GSM2545362",36
"Trim65","GSM2545362",145
"Gm33533","GSM2545362",34
"Otof","GSM2545362",186
"Alk","GSM2545362",100
"Acap3","GSM2545362",3314
"Erdr1","GSM2545362",640
"Kcnq5","GSM2545362",209
"Msln","GSM2545362",47
"Tbc1d20","GSM2545362",1310
"Slc16a10","GSM2545362",319
"Errfi1","GSM2545362",2026
"Nr2e1","GSM2545362",4
"Gpr149","GSM2545362",46
"Plcxd1","GSM2545362",222
"Lrch3","GSM2545362",4957
"Morc2b","GSM2545362",125
"Elfn1","GSM2545362",191
"Rnf180","GSM2545362",418
"Pcdhb8","GSM2545362",196
"Creg2","GSM2545362",895
"Erich3","GSM2545362",1220
"Rpp25","GSM2545362",232
"Fgfr1","GSM2545362",6324
"Sfrp2","GSM2545362",58
"Rprm","GSM2545362",121
"Tmem120b","GSM2545362",500
"Tpra1","GSM2545362",1750
"Igsf9","GSM2545362",32
"Jakmip1","GSM2545362",1009
"Hsf4","GSM2545362",302
"Pcbd1","GSM2545362",230
"Rasgrf2","GSM2545362",1209
"Dgkk","GSM2545362",197
"Paxip1","GSM2545362",1752
"Smtn","GSM2545362",234
"Cmpk2","GSM2545362",818
"Drd4","GSM2545362",17
"Samd11","GSM2545362",41
"Magel2","GSM2545362",125
"Csrnp3","GSM2545362",2381
"Zfp941","GSM2545362",1200
"Lrrc1","GSM2545362",727
"Tmie","GSM2545362",336
"Pcdh8","GSM2545362",204
"Glra2","GSM2545362",334
"Gpatch8","GSM2545362",5876
"Slc6a16","GSM2545362",22
"Grm7","GSM2545362",1244
"Ybx3","GSM2545362",1581
"Tenm3","GSM2545362",1107
"Npffr1","GSM2545362",20
"Slc39a11","GSM2545362",402
"Otp","GSM2545362",59
"Hoga1","GSM2545362",69
"Egfl6","GSM2545362",37
"Plch2","GSM2545362",7529
"Pde11a","GSM2545362",119
"Zfp335","GSM2545362",1495
"Gpr61","GSM2545362",248
"Tox","GSM2545362",176
"Gabrr1","GSM2545362",6
"Jun","GSM2545362",3367
"Cox7b2","GSM2545362",35
"Mn1","GSM2545362",233
"Tmem130","GSM2545362",5666
"Dusp11","GSM2545362",7333
"Tmem91","GSM2545362",177
"Rbms2","GSM2545362",940
"Inpp5j","GSM2545362",5579
"Vstm2a","GSM2545362",1522
"C1qtnf2","GSM2545362",30
"Ctns","GSM2545362",1052
"Smarcd2","GSM2545362",3259
"Dbpht2","GSM2545362",112
"Ltbp2","GSM2545362",2253
"Drd1","GSM2545362",17
"Dact2","GSM2545362",267
"E4f1","GSM2545362",1149
"Zfp598","GSM2545362",2489
"Zcchc12","GSM2545362",1774
"Zfp263","GSM2545362",1372
"Tspyl3","GSM2545362",706
"Arhgap10","GSM2545362",653
"Plxnb2","GSM2545362",5884
"Doc2a","GSM2545362",206
"Tmem29","GSM2545362",574
"Dpf2","GSM2545362",2733
"Foxl2os","GSM2545362",36
"Slc47a1","GSM2545362",206
"Nap1l5","GSM2545362",24818
"Mapk7","GSM2545362",1281
"Grem2","GSM2545362",319
"Pcdh10","GSM2545362",2299
"Nol3","GSM2545362",376
"Gpr83","GSM2545362",118
"Nrsn2","GSM2545362",2860
"Prss16","GSM2545362",23
"Pcdh18","GSM2545362",187
"Emx2","GSM2545362",4
"Ccdc81","GSM2545362",73
"Rwdd2a","GSM2545362",508
"Mpped1","GSM2545362",404
"Galnt7","GSM2545362",1957
"S100a8","GSM2545362",127
"Mau2","GSM2545362",4999
"Ptpn23","GSM2545362",2677
"Sstr1","GSM2545362",225
"Wdfy4","GSM2545362",64
"Anxa3","GSM2545362",391
"C3","GSM2545362",69
"Tead4","GSM2545362",298
"Clvs2","GSM2545362",408
"Gaa","GSM2545362",9010
"Zfp219","GSM2545362",5154
"Bves","GSM2545362",27
"Tmem161a","GSM2545362",904
"Unc5d","GSM2545362",966
"Cd180","GSM2545362",58
"Scml4","GSM2545362",50
"Stk38","GSM2545362",2354
"Sox17","GSM2545362",197
"Srsf9","GSM2545362",1421
"Herpud1","GSM2545362",2703
"Hmbs","GSM2545362",467
"Gm2824","GSM2545362",93
"Mir1901","GSM2545362",26
"Adamts19","GSM2545362",18
"Zfp36l1","GSM2545362",1734
"Impact","GSM2545362",10234
"Trmt6","GSM2545362",1635
"Plekhm1","GSM2545362",1530
"Basp1","GSM2545362",2290
"Grid1","GSM2545362",1239
"Zdbf2","GSM2545362",956
"Tal1","GSM2545362",111
"Raf1","GSM2545362",3958
"Pgpep1l","GSM2545362",19
"Fzd4","GSM2545362",1017
"Tfdp1","GSM2545362",1793
"Pdzrn4","GSM2545362",108
"Ier3","GSM2545362",477
"Mir378a","GSM2545362",6
"Magee2","GSM2545362",159
"Plekhg2","GSM2545362",262
"Boc","GSM2545362",3552
"Ddx39b","GSM2545362",5262
"H2-T24","GSM2545362",125
"Insm1","GSM2545362",40
"Vstm5","GSM2545362",146
"Kctd4","GSM2545362",224
"Oprm1","GSM2545362",234
"Zfand6","GSM2545362",2596
"Cx3cl1","GSM2545362",3140
"Tacr3","GSM2545362",139
"Gpr4","GSM2545362",86
"Ptgis","GSM2545362",57
"Ccdc28a","GSM2545362",611
"Ido2","GSM2545362",26
"Elfn2","GSM2545362",1529
"Ngp","GSM2545362",132
"Ptpro","GSM2545362",370
"Neto1","GSM2545362",420
"Col6a2","GSM2545362",284
"Fev","GSM2545362",33
"Mmab","GSM2545362",732
"Resp18","GSM2545362",1533
"Amn","GSM2545362",45
"Tmem132b","GSM2545362",797
"St6gal2","GSM2545362",280
"Tbc1d25","GSM2545362",625
"Pdcd2l","GSM2545362",551
"Acot3","GSM2545362",37
"Gm5468","GSM2545362",16
"Atg16l1","GSM2545362",1942
"Rpl14-ps1","GSM2545362",29
"Glra3","GSM2545362",352
"Plekhh3","GSM2545362",1718
"Pcdhga1","GSM2545362",175
"Gm9899","GSM2545362",1157
"Eps8l1","GSM2545362",410
"Serpina3g","GSM2545362",41
"Pcdh17","GSM2545362",1878
"Riok3","GSM2545362",3791
"Dcaf12l2","GSM2545362",21
"Ankrd6","GSM2545362",766
"Dhrs11","GSM2545362",435
"Zdhhc22","GSM2545362",500
"Hmgb3","GSM2545362",619
"Mid1","GSM2545362",252
"Celf3","GSM2545362",1721
"Akap5","GSM2545362",305
"Phlda3","GSM2545362",661
"Arfgap2","GSM2545362",3400
"Gabpb1","GSM2545362",1118
"Mybpc1","GSM2545362",3159
"Nfkbia","GSM2545362",1184
"Gabra3","GSM2545362",1482
"Gtpbp2","GSM2545362",2466
"Ptgdr","GSM2545362",27
"Myh15","GSM2545362",37
"Ciz1","GSM2545362",1526
"Tmem62","GSM2545362",2882
"Pan3","GSM2545362",4842
"Pld3","GSM2545362",3484
"Trim3","GSM2545362",6665
"Spata2l","GSM2545362",479
"Gm2223","GSM2545362",24
"Dnah1","GSM2545362",186
"Pnoc","GSM2545362",112
"Dzank1","GSM2545362",11442
"Safb2","GSM2545362",2771
"Rnf128","GSM2545362",1160
"Jpx","GSM2545362",373
"Il16","GSM2545362",6536
"Slc26a7","GSM2545362",183
"Rspo1","GSM2545362",29
"Hcfc2","GSM2545362",1913
"Gm35315","GSM2545362",81
"Tyrp1","GSM2545362",15
"Pank4","GSM2545362",1800
"Ngef","GSM2545362",706
"Llgl1","GSM2545362",3050
"Usp12","GSM2545362",2339
"Ppp2r2d","GSM2545362",2297
"Zfp677","GSM2545362",169
"Heyl","GSM2545362",199
"Sin3b","GSM2545362",2388
"Sidt1","GSM2545362",1899
"Spin2c","GSM2545362",173
"Wasf2","GSM2545362",1311
"Tmem14a","GSM2545362",785
"Cntnap5a","GSM2545362",843
"Ccm2l","GSM2545362",172
"Sema3e","GSM2545362",881
"Il18bp","GSM2545362",374
"Slc35f1","GSM2545362",1543
"Best1","GSM2545362",38
"Pde8b","GSM2545362",883
"Htr7","GSM2545362",188
"Cfap57","GSM2545362",41
"Sgsm1","GSM2545362",4737
"Scn3b","GSM2545362",660
"Mark3","GSM2545362",3362
"Acsl5","GSM2545362",708
"Qpct","GSM2545362",249
"Iqcc","GSM2545362",655
"Noc2l","GSM2545362",2298
"Slc25a27","GSM2545362",4865
"Kdm4b","GSM2545362",2716
"Pde1b","GSM2545362",1792
"Pcdha10","GSM2545362",70
"Gja5","GSM2545362",22
"Irs4","GSM2545362",117
"Mamdc4","GSM2545362",146
"Mthfd2l","GSM2545362",377
"Lrrtm1","GSM2545362",364
"Tacr1","GSM2545362",98
"Lmo3","GSM2545362",334
"Psg16","GSM2545362",1063
"Abcc8","GSM2545362",2254
"Epc1","GSM2545362",2785
"Slc6a7","GSM2545362",689
"Col4a5","GSM2545362",421
"Gm8013","GSM2545362",11
"Clpx","GSM2545362",2164
"Dffb","GSM2545362",502
"Senp3","GSM2545362",2489
"Hhex","GSM2545362",63
"Per2","GSM2545362",1521
"Rnpep","GSM2545362",1383
"Ttll1","GSM2545362",845
"Ppp1r1c","GSM2545362",25
"Moxd1","GSM2545362",169
"Susd6","GSM2545362",4345
"Ighm","GSM2545362",213
"Fam131a","GSM2545362",2998
"Zfp92","GSM2545362",78
"Kirrel","GSM2545362",539
"Npsr1","GSM2545362",17
"Kcnj16","GSM2545362",1886
"Atg10","GSM2545362",370
"Vwc2l","GSM2545362",139
"Sox14","GSM2545362",32
"Zc3h3","GSM2545362",463
"Gak","GSM2545362",4248
"Tox2","GSM2545362",337
"Tenm2","GSM2545362",1319
"Begain","GSM2545362",1359
"Dsc3","GSM2545362",29
"Fbll1","GSM2545362",345
"Dnah7a","GSM2545362",19
"Gm3764","GSM2545362",4579
"Strip1","GSM2545362",2980
"Nmnat3","GSM2545362",56
"Lims2","GSM2545362",283
"Fam43b","GSM2545362",262
"Ccnl2","GSM2545362",8000
"Gm11627","GSM2545362",11
"Rabl2","GSM2545362",951
"Kcnj3","GSM2545362",5573
"Zfp36","GSM2545362",236
"Slc2a1","GSM2545362",4729
"Cnksr3","GSM2545362",2653
"AW551984","GSM2545362",767
"Hykk","GSM2545362",213
"Rnasel","GSM2545362",172
"Shc1","GSM2545362",446
"Ppp1r12c","GSM2545362",3308
"Syne4","GSM2545362",299
"Arrdc2","GSM2545362",851
"Usp28","GSM2545362",2230
"Slfn4","GSM2545362",53
"Pomt2","GSM2545362",1356
"Gm10432","GSM2545362",212
"Cngb1","GSM2545362",43
"Dot1l","GSM2545362",6026
"Gmnn","GSM2545362",117
"Ccdc160","GSM2545362",77
"Ptpn5","GSM2545362",1160
"Mal2","GSM2545362",522
"Arap3","GSM2545362",225
"Mib2","GSM2545362",2618
"Itgb1bp2","GSM2545362",61
"Stk32b","GSM2545362",115
"Dgkb","GSM2545362",1696
"Pcgf6","GSM2545362",964
"Serinc2","GSM2545362",744
"Arhgef37","GSM2545362",732
"Ltf","GSM2545362",55
"Timp2","GSM2545362",5312
"Snora41","GSM2545362",19
"F3","GSM2545362",2661
"Tgfbi","GSM2545362",198
"Rab44","GSM2545362",13
"Lclat1","GSM2545362",1095
"Arid5b","GSM2545362",1821
"Col25a1","GSM2545362",566
"Inpp5b","GSM2545362",2804
"Dhfr","GSM2545362",394
"Phkg2","GSM2545362",2003
"Bcl11a","GSM2545362",720
"Nr2f1","GSM2545362",1592
"Trhr","GSM2545362",83
"Msc","GSM2545362",16
"Mndal","GSM2545362",217
"Pou3f2","GSM2545362",830
"Gm9962","GSM2545362",33
"Atg16l2","GSM2545362",764
"Gm16425","GSM2545362",14
"Ap1m1","GSM2545362",2122
"Trpv3","GSM2545362",30
"Inpp5k","GSM2545362",2740
"D11Wsu47e","GSM2545362",215
"Fkbp1b","GSM2545362",364
"Syvn1","GSM2545362",1928
"Aldh3a2","GSM2545362",3254
"Dtd2","GSM2545362",333
"Pcdh19","GSM2545362",540
"Gm5526","GSM2545362",16
"Nsun5","GSM2545362",563
"Hrh2","GSM2545362",328
"Lmbr1l","GSM2545362",588
"Pkn1","GSM2545362",1217
"Nptx2","GSM2545362",89
"Ctxn1","GSM2545362",313
"Rp1","GSM2545362",3
"Gm7357","GSM2545362",8
"Mrpl15","GSM2545362",1028
"Lypla1","GSM2545362",2185
"Tcea1","GSM2545362",3345
"Gm6104","GSM2545362",3
"Atp6v1h","GSM2545362",5064
"Oprk1","GSM2545362",141
"Npbwr1","GSM2545362",10
"Rb1cc1","GSM2545362",6719
"Gm2147","GSM2545362",2
"Gm26901","GSM2545362",6
"Sntg1","GSM2545362",547
"Gm6187","GSM2545362",3
"Rrs1","GSM2545362",804
"Mcmdc2","GSM2545362",52
"Snhg6","GSM2545362",260
"Snord87","GSM2545362",2
"Tcf24","GSM2545362",9
"Ppp1r42","GSM2545362",13
"Arfgef1","GSM2545362",6175
"Cpa6","GSM2545362",6
"Ncoa2","GSM2545362",5270
"Tram1","GSM2545362",1855
"Gm5523","GSM2545362",2
"Eya1","GSM2545362",310
"Smt3h2-ps4","GSM2545362",3
"Trpa1","GSM2545362",5
"Gm10566","GSM2545362",2
"Terf1","GSM2545362",687
"Rdh10","GSM2545362",838
"Stau2","GSM2545362",4087
"Ly96","GSM2545362",31
"Jph1","GSM2545362",1575
"Gdap1","GSM2545362",6552
"Rbm6-ps1","GSM2545362",12
"Pi15","GSM2545362",39
"Gm28154","GSM2545362",21
"Gm16070","GSM2545362",3
"Gm15825","GSM2545362",3
"Tfap2d","GSM2545362",164
"Tfap2b","GSM2545362",2157
"Pkhd1","GSM2545362",4
"Mir133b","GSM2545362",6
"Il17f","GSM2545362",0
"Paqr8","GSM2545362",18734
"Tram2","GSM2545362",11
"Gm7658","GSM2545362",11
"Gm7761","GSM2545362",9
"Mir30c-2","GSM2545362",8
"Ogfrl1","GSM2545362",10975
"Smap1","GSM2545362",3270
"Fam135a","GSM2545362",3690
"Col19a1","GSM2545362",1418
"Lmbrd1","GSM2545362",10199
"Gm20172","GSM2545362",2
"Gm29214","GSM2545362",6
"Gm7846","GSM2545362",7
"Gm5525","GSM2545362",36
"Phf3","GSM2545362",4713
"Khdrbs2","GSM2545362",316
"Gm5415","GSM2545362",0
"Zfp451","GSM2545362",1535
"Gm15455","GSM2545362",8
"Bend6","GSM2545362",10108
"Ptpn18","GSM2545362",45
"Cfc1","GSM2545362",3
"Amer3","GSM2545362",2265
"Fam168b","GSM2545362",13128
"Gm33222","GSM2545362",9
"Kansl3","GSM2545362",3847
"Fer1l5","GSM2545362",4
"Cnnm4","GSM2545362",1138
"Sema4c","GSM2545362",1153
"Cox5b","GSM2545362",5486
"Zap70","GSM2545362",24
"Tmem131","GSM2545362",3782
"Cnga3","GSM2545362",4
"Unc50","GSM2545362",1489
"Lipt1","GSM2545362",127
"Mrpl30","GSM2545362",1266
"Lyg2","GSM2545362",10
"Txndc9","GSM2545362",2005
"Eif5b","GSM2545362",5235
"Gm16150","GSM2545362",12
"Gm16152","GSM2545362",4
"Pdcl3","GSM2545362",1227
"Rpl31","GSM2545362",2857
"Tbc1d8","GSM2545362",2049
"Cnot11","GSM2545362",1450
"Snord89","GSM2545362",14
"Rnf149","GSM2545362",1136
"Rfx8","GSM2545362",7
"Gm16894","GSM2545362",24
"Il1rl2","GSM2545362",18
"Il1rl1","GSM2545362",6
"Il18r1","GSM2545362",2
"Slc9a4","GSM2545362",15
"Mfsd9","GSM2545362",178
"Tmem182","GSM2545362",10
"Gm28175","GSM2545362",36
"Pantr1","GSM2545362",290
"Pou3f3","GSM2545362",1648
"Pantr2","GSM2545362",46
"Mrps9","GSM2545362",1407
"Gpr45","GSM2545362",106
"Tgfbrap1","GSM2545362",2710
"Fhl2","GSM2545362",119
"Nck2","GSM2545362",702
"Uxs1","GSM2545362",1315
"Gm16103","GSM2545362",2
"Tpp2","GSM2545362",3295
"Tex30","GSM2545362",229
"Bivm","GSM2545362",1097
"Gulp1","GSM2545362",257
"Wdr75","GSM2545362",1300
"Dnah7b","GSM2545362",899
"Gm4852","GSM2545362",9
"Gm8337","GSM2545362",10
"Nabp1","GSM2545362",469
"Gm17767","GSM2545362",2
"Myo1b","GSM2545362",893
"Stat4","GSM2545362",6
"Stat1","GSM2545362",1957
"Gls","GSM2545362",15795
"Rps27a-ps1","GSM2545362",4
"Gm28178","GSM2545362",1
"Inpp1","GSM2545362",3805
"Mstn","GSM2545362",19
"Asnsd1","GSM2545362",902
"Gtf3c3","GSM2545362",1324
"Pgap1","GSM2545362",2229
"Gm19637","GSM2545362",0
"Ankrd44","GSM2545362",886
"Sf3b1","GSM2545362",18361
"Gm6822","GSM2545362",10
"Boll","GSM2545362",9
"Gm8292","GSM2545362",10
"Plcl1","GSM2545362",1704
"Gm6644","GSM2545362",1
"Satb2","GSM2545362",27
"BC055402","GSM2545362",13
"Tyw5","GSM2545362",514
"Spats2l","GSM2545362",436
"Aox4","GSM2545362",6
"Aox2","GSM2545362",3
"Bzw1","GSM2545362",8717
"Clk1","GSM2545362",7904
"Ppil3","GSM2545362",406
"Nif3l1","GSM2545362",820
"Cflar","GSM2545362",1387
"Casp8","GSM2545362",107
"Stradb","GSM2545362",1209
"Tmem237","GSM2545362",925
"Cdk15","GSM2545362",9
"Fzd7","GSM2545362",2646
"Sumo1","GSM2545362",3210
"Fam117b","GSM2545362",4262
"Wdr12","GSM2545362",1102
"Nbeal1","GSM2545362",1788
"Abi2","GSM2545362",5510
"Cd28","GSM2545362",81
"Gm11581","GSM2545362",0
"Icos","GSM2545362",3
"Nrp2","GSM2545362",566
"Gm4208","GSM2545362",1
"Ndufs1","GSM2545362",8334
"Eef1b2","GSM2545362",3832
"Gpr1","GSM2545362",8
"Gm11605","GSM2545362",4
"Adam23","GSM2545362",8865
"Dytn","GSM2545362",4
"Mdh1b","GSM2545362",31
"Gm13748","GSM2545362",9
"Ccnyl1","GSM2545362",559
"Plekhm3","GSM2545362",2166
"Rpl10a-ps1","GSM2545362",24
"Cryga","GSM2545362",0
"Pikfyve","GSM2545362",2946
"Map2","GSM2545362",30000
"Unc80","GSM2545362",24059
"Kansl1l","GSM2545362",1480
"Acadl","GSM2545362",2218
"Gm15793","GSM2545362",5
"Spag16","GSM2545362",150
"Bard1","GSM2545362",27
"Abca12","GSM2545362",5
"Atic","GSM2545362",1047
"Fn1","GSM2545362",3029
"Gm5256","GSM2545362",0
"Tmem169","GSM2545362",813
"Xrcc5","GSM2545362",912
"Smarcal1","GSM2545362",3492
"Igfbp2","GSM2545362",1589
"Gm29183","GSM2545362",5
"Rufy4","GSM2545362",8
"Cxcr2","GSM2545362",8
"Arpc2","GSM2545362",4221
"Aamp","GSM2545362",4715
"Tmbim1","GSM2545362",1954
"Catip","GSM2545362",100
"Zfp142","GSM2545362",1681
"Rnf25","GSM2545362",1433
"Ttll4","GSM2545362",1890
"Prkag3","GSM2545362",25
"Gm29539","GSM2545362",1
"Wnt10a","GSM2545362",22
"Ihh","GSM2545362",8
"Slc23a3","GSM2545362",5
"Zfand2b","GSM2545362",434
"Ankzf1","GSM2545362",1155
"Glb1l","GSM2545362",436
"Ptprn","GSM2545362",6079
"Des","GSM2545362",75
"Asic4","GSM2545362",136
"Chpf","GSM2545362",2303
"Obsl1","GSM2545362",778
"Stk11ip","GSM2545362",1083
"Slc4a3","GSM2545362",4135
"Epha4","GSM2545362",1316
"Pax3","GSM2545362",308
"Mogat1","GSM2545362",11
"Kcne4","GSM2545362",62
"Gm5830","GSM2545362",8
"Scg2","GSM2545362",9546
"Mrpl44","GSM2545362",853
"Gm5529","GSM2545362",17
"Fam124b","GSM2545362",3
"Cul3","GSM2545362",8511
"Nyap2","GSM2545362",1345
"Rhbdd1","GSM2545362",634
"Col4a4","GSM2545362",124
"Col4a3","GSM2545362",108
"Mff","GSM2545362",7268
"Daw1","GSM2545362",58
"Trip12","GSM2545362",9156
"Fbxo36","GSM2545362",129
"Slc16a14","GSM2545362",238
"Gm15433","GSM2545362",0
"Rpl19-ps1","GSM2545362",3
"Sp110","GSM2545362",48
"Sp140","GSM2545362",26
"Sp100","GSM2545362",198
"Cab39","GSM2545362",9150
"Gpr55","GSM2545362",5
"Spata3","GSM2545362",21
"Htr2b","GSM2545362",1
"Armc9","GSM2545362",829
"B3gnt7","GSM2545362",12
"Snora75","GSM2545362",7
"Nmur1","GSM2545362",18
"Dis3l2","GSM2545362",949
"Gm6136","GSM2545362",13
"Ecel1","GSM2545362",188
"Prss56","GSM2545362",2
"Kcnj13","GSM2545362",402
"Inpp5d","GSM2545362",226
"Scarna6","GSM2545362",3
"Sag","GSM2545362",6
"Dgkd","GSM2545362",9198
"Gm19582","GSM2545362",69
"Usp40","GSM2545362",1528
"Ugt1a7c","GSM2545362",10
"Dnajb3","GSM2545362",20
"Mroh2a","GSM2545362",16
"Spp2","GSM2545362",13
"Gm29538","GSM2545362",9
"Glrp1","GSM2545362",1
"Sh3bp4","GSM2545362",507
"Gbx2","GSM2545362",23
"Iqca","GSM2545362",45
"Ackr3","GSM2545362",248
"Col6a3","GSM2545362",116
"Rab17","GSM2545362",0
"Ube2f","GSM2545362",1319
"Klhl30","GSM2545362",14
"Twist2","GSM2545362",4
"Hdac4","GSM2545362",1918
"Ndufa10","GSM2545362",4552
"Mir149","GSM2545362",4
"Ankmy1","GSM2545362",22
"Rnpepl1","GSM2545362",1304
"Capn10","GSM2545362",962
"Gpr35","GSM2545362",39
"Pask","GSM2545362",166
"Hdlbp","GSM2545362",8486
"Farp2","GSM2545362",361
"Stk25","GSM2545362",5853
"Thap4","GSM2545362",488
"D2hgdh","GSM2545362",462
"Pdcd1","GSM2545362",2
"Gm7895","GSM2545362",15
"Fam174a","GSM2545362",1640
"Slco4c1","GSM2545362",18
"Panct2","GSM2545362",30
"Gm6430","GSM2545362",3
"Gin1","GSM2545362",462
"Pam","GSM2545362",2634
"Cntnap5b","GSM2545362",1097
"Cdh20","GSM2545362",1133
"Pign","GSM2545362",1070
"Gm10193","GSM2545362",0
"Tnfrsf11a","GSM2545362",96
"Gm7160","GSM2545362",18
"Gm20753","GSM2545362",6
"Bcl2","GSM2545362",806
"Vps4b","GSM2545362",2454
"Serpinb5","GSM2545362",1
"Serpinb10","GSM2545362",2
"Gm8141","GSM2545362",11
"Cdh7","GSM2545362",1938
"Cdh19","GSM2545362",810
"Gm8173","GSM2545362",0
"Dsel","GSM2545362",401
"Gm6028","GSM2545362",4
"Nifk","GSM2545362",975
"Clasp1","GSM2545362",4167
"Inhbb","GSM2545362",437
"Gm3551","GSM2545362",0
"Gm28209","GSM2545362",3
"Cfap221","GSM2545362",8
"Sctr","GSM2545362",13
"Tmem37","GSM2545362",25
"En1","GSM2545362",247
"Insig2","GSM2545362",2409
"Ccdc93","GSM2545362",1442
"Htr5b","GSM2545362",23
"Ddx18","GSM2545362",881
"Actr3","GSM2545362",6852
"Slc35f5","GSM2545362",750
"Gpr39","GSM2545362",0
"Mgat5","GSM2545362",4478
"Gm8451","GSM2545362",40
"Tmem163","GSM2545362",2593
"Acmsd","GSM2545362",2
"Zranb3","GSM2545362",250
"Gm28800","GSM2545362",4
"Rpl28-ps1","GSM2545362",22
"Mir128-1","GSM2545362",4
"Lct","GSM2545362",23
"Gm6170","GSM2545362",43
"Thsd7b","GSM2545362",112
"Gm29428","GSM2545362",4
"Cd55","GSM2545362",241
"Gm16083","GSM2545362",36
"C4bp-ps1","GSM2545362",9
"Yod1","GSM2545362",672
"Fcamr","GSM2545362",1
"Dyrk3","GSM2545362",167
"Ikbke","GSM2545362",74
"Srgap2","GSM2545362",8666
"Slc26a9","GSM2545362",2
"Pm20d1","GSM2545362",279
"Rab29","GSM2545362",194
"Cdk18","GSM2545362",740
"Gm29695","GSM2545362",214
"Lemd1","GSM2545362",40
"Gm7241","GSM2545362",0
"Klhdc8a","GSM2545362",952
"Lrrn2","GSM2545362",3920
"Gm29257","GSM2545362",5
"Gm28609","GSM2545362",9
"Plekha6","GSM2545362",5805
"Ren1","GSM2545362",3
"Sox13","GSM2545362",350
"Zbed6","GSM2545362",2066
"Lax1","GSM2545362",6
"Optc","GSM2545362",34
"Prelp","GSM2545362",1269
"Gm8618","GSM2545362",0
"Mybph","GSM2545362",20
"Myog","GSM2545362",1
"Ppfia4","GSM2545362",11331
"Tmem183a","GSM2545362",2880
"Kdm5b","GSM2545362",2299
"Ppp1r12b","GSM2545362",3759
"Ube2t","GSM2545362",66
"Ptprv","GSM2545362",5
"Timm17a","GSM2545362",1788
"Csrp1","GSM2545362",10429
"Tnni1","GSM2545362",138
"Lad1","GSM2545362",38
"Pkp1","GSM2545362",3
"Ascl5","GSM2545362",2
"Cacna1s","GSM2545362",29
"Gm15850","GSM2545362",1
"Kif21b","GSM2545362",1728
"Camsap2","GSM2545362",8739
"Kif14","GSM2545362",8
"Gm29485","GSM2545362",2
"Gm19705","GSM2545362",49
"Mif-ps1","GSM2545362",0
"Nr5a2","GSM2545362",9
"Ptprc","GSM2545362",133
"Lhx9","GSM2545362",335
"Dennd1b","GSM2545362",1206
"Crb1","GSM2545362",28
"Zbtb41","GSM2545362",1916
"Cfhr2","GSM2545362",3
"Gm5837","GSM2545362",6
"Kcnt2","GSM2545362",103
"Gm5835","GSM2545362",48
"Cdc73","GSM2545362",957
"B3galt2","GSM2545362",834
"Glrx2","GSM2545362",2092
"Rgs1","GSM2545362",7
"Gm7266","GSM2545362",4
"Rgs18","GSM2545362",3
"Brinp3","GSM2545362",1043
"Ptgs2os","GSM2545362",1
"Ptgs2","GSM2545362",180
"Tpr","GSM2545362",7522
"Swt1","GSM2545362",719
"Mir7682","GSM2545362",4
"Rnf2","GSM2545362",1609
"Gm36527","GSM2545362",5
"Edem3","GSM2545362",3924
"Tsen15","GSM2545362",660
"Colgalt2","GSM2545362",169
"Rgl1","GSM2545362",1615
"Arpc5","GSM2545362",2237
"Ncf2","GSM2545362",82
"Nmnat2","GSM2545362",9687
"Lamc2","GSM2545362",94
"Dhx9","GSM2545362",6812
"Rgs16","GSM2545362",586
"Rgsl1","GSM2545362",36
"Zfp648","GSM2545362",10
"Gm9530","GSM2545362",29
"Stx6","GSM2545362",1964
"Xpr1","GSM2545362",4816
"Gm5532","GSM2545362",9
"Acbd6","GSM2545362",882
"Lhx4","GSM2545362",24
"Cep350","GSM2545362",3967
"Fam163a","GSM2545362",118
"Tdrd5","GSM2545362",90
"Nphs2","GSM2545362",11
"Gm2000","GSM2545362",15
"Soat1","GSM2545362",762
"Abl2","GSM2545362",2423
"Fam20b","GSM2545362",4029
"Ralgps2","GSM2545362",2188
"Angptl1","GSM2545362",16
"Rasal2","GSM2545362",3049
"Brinp2","GSM2545362",1135
"Gm4953","GSM2545362",3
"Gm31256","GSM2545362",1
"Rabgap1l","GSM2545362",7272
"Gm6177","GSM2545362",0
"Rc3h1","GSM2545362",3918
"Serpinc1","GSM2545362",0
"Snord47","GSM2545362",25
"Dars2","GSM2545362",717
"Cenpl","GSM2545362",114
"Fasl","GSM2545362",13
"Dnm3","GSM2545362",13517
"Dnm3os","GSM2545362",7
"Prrc2c","GSM2545362",9286
"Fmo2","GSM2545362",276
"Mettl11b","GSM2545362",11
"BC055324","GSM2545362",125
"Sele","GSM2545362",10
"Selp","GSM2545362",8
"F5","GSM2545362",1030
"Nme7","GSM2545362",426
"Atp1b1","GSM2545362",64450
"Gm26685","GSM2545362",0
"Dpt","GSM2545362",3
"Gm20743","GSM2545362",231
"Sft2d2","GSM2545362",1366
"Tiprl","GSM2545362",1952
"Rcsd1","GSM2545362",191
"Gm32999","GSM2545362",2
"Dusp27","GSM2545362",16
"Mael","GSM2545362",2
"Gm16418","GSM2545362",8
"Gm16701","GSM2545362",196
"Aldh9a1","GSM2545362",1973
"Mgst3","GSM2545362",1763
"Lrrc52","GSM2545362",3
"Rxrg","GSM2545362",54
"Lmx1a","GSM2545362",104
"Pbx1","GSM2545362",4739
"Asl","GSM2545363",576
"Apod","GSM2545363",11166
"Cyp2d22","GSM2545363",2011
"Klk6","GSM2545363",598
"Fcrls","GSM2545363",184
"Slc2a4","GSM2545363",317
"Exd2","GSM2545363",2722
"Gjc2","GSM2545363",488
"Plp1","GSM2545363",66033
"Gnb4","GSM2545363",1646
"Tnc","GSM2545363",678
"Trf","GSM2545363",16336
"Tubb2b","GSM2545363",3900
"Fads1","GSM2545363",7683
"Lxn","GSM2545363",2550
"Prr18","GSM2545363",1767
"Cmtm5","GSM2545363",2061
"Enpp1","GSM2545363",509
"Clic4","GSM2545363",6773
"Tm6sf2","GSM2545363",156
"Slc20a2","GSM2545363",5610
"Itih3","GSM2545363",2536
"Ptn","GSM2545363",7040
"Prodh","GSM2545363",1345
"Msantd1","GSM2545363",164
"Ugt8a","GSM2545363",2776
"Fbln5","GSM2545363",341
"Trp53inp2","GSM2545363",9215
"Slc7a3","GSM2545363",417
"Dnase1l2","GSM2545363",493
"Icosl","GSM2545363",444
"Rmnd1","GSM2545363",1151
"Tssk5","GSM2545363",143
"Pycr1","GSM2545363",58
"Pla2g3","GSM2545363",163
"Vmn2r1","GSM2545363",38
"Gm29797","GSM2545363",109
"Phyhd1","GSM2545363",911
"Gpr146","GSM2545363",957
"Mag","GSM2545363",6323
"Tufm","GSM2545363",2050
"Igdcc4","GSM2545363",2702
"Gm10654","GSM2545363",163
"Ncmap","GSM2545363",53
"Etv4","GSM2545363",446
"Fabp7","GSM2545363",700
"Cpsf4l","GSM2545363",85
"Hexa","GSM2545363",1441
"Mfge8","GSM2545363",1998
"Ccdc136","GSM2545363",3603
"Glul","GSM2545363",45733
"Hopx","GSM2545363",6336
"Pigq","GSM2545363",3942
"Vps11","GSM2545363",3044
"Proca1","GSM2545363",245
"Fbxl22","GSM2545363",220
"Sfxn5","GSM2545363",9756
"Hexim2","GSM2545363",475
"Agt","GSM2545363",3198
"Rlbp1","GSM2545363",381
"Jam2","GSM2545363",3526
"Lcat","GSM2545363",2535
"Oxct1","GSM2545363",14504
"Cacna1e","GSM2545363",9192
"Fa2h","GSM2545363",1594
"Plxnb3","GSM2545363",1076
"Lman2l","GSM2545363",1349
"Dpy19l1","GSM2545363",2133
"Kctd21","GSM2545363",771
"Thra","GSM2545363",10708
"Dok3","GSM2545363",170
"Sult1a1","GSM2545363",479
"Rpe","GSM2545363",1250
"Acrbp","GSM2545363",452
"Slc2a9","GSM2545363",80
"Emp2","GSM2545363",1310
"Aipl1","GSM2545363",17
"Uri1","GSM2545363",2155
"Bcs1l","GSM2545363",501
"Rbm3","GSM2545363",5394
"Tra2a","GSM2545363",5066
"Prex1","GSM2545363",4362
"Josd2","GSM2545363",1667
"Tmco3","GSM2545363",1436
"Srebf1","GSM2545363",1670
"Acer2","GSM2545363",380
"Tsga10","GSM2545363",288
"Cyp3a13","GSM2545363",110
"Relt","GSM2545363",570
"Nrep","GSM2545363",37893
"Slc14a1","GSM2545363",1530
"Pnpla2","GSM2545363",1232
"Map6d1","GSM2545363",2514
"Ier5","GSM2545363",808
"Bfsp2","GSM2545363",123
"Idi1","GSM2545363",519
"Kat2b","GSM2545363",5924
"Rmdn3","GSM2545363",5159
"Eif4b","GSM2545363",8653
"Grm4","GSM2545363",17332
"Pink1","GSM2545363",14384
"Mettl16","GSM2545363",1012
"Fam193b","GSM2545363",3147
"Rtca","GSM2545363",1377
"Fgfbp1","GSM2545363",52
"Pigs","GSM2545363",2648
"Cfp","GSM2545363",1039
"Desi1","GSM2545363",5841
"Gbp4","GSM2545363",121
"Nid1","GSM2545363",1088
"Armcx5","GSM2545363",609
"Cryab","GSM2545363",2979
"Prss53","GSM2545363",169
"Car4","GSM2545363",7284
"Gm6277","GSM2545363",191
"Amt","GSM2545363",1167
"Zc3h6","GSM2545363",1261
"Aqp4","GSM2545363",18949
"Tmem198b","GSM2545363",979
"Abi3bp","GSM2545363",1181
"Xpa","GSM2545363",418
"Aldh6a1","GSM2545363",3391
"Adam1a","GSM2545363",716
"Dynlt1a","GSM2545363",641
"Gatm","GSM2545363",4224
"H2-Q4","GSM2545363",128
"Nras","GSM2545363",1786
"Pla2g4e","GSM2545363",290
"Lpar1","GSM2545363",1777
"Il12rb1","GSM2545363",37
"Enpp6","GSM2545363",492
"Ermn","GSM2545363",3553
"Marcksl1","GSM2545363",960
"Ubqln4","GSM2545363",3822
"Glt8d1","GSM2545363",1503
"Ddx25","GSM2545363",1341
"Gpr17","GSM2545363",740
"Cat","GSM2545363",1991
"Wwox","GSM2545363",842
"Phkg1","GSM2545363",742
"Ppp1r3f","GSM2545363",994
"Mrpl35","GSM2545363",1254
"Nudt9","GSM2545363",1526
"Lypd6","GSM2545363",1178
"Spice1","GSM2545363",748
"Tuba8","GSM2545363",1676
"Spon1","GSM2545363",4021
"Nfya","GSM2545363",1126
"Sc5d","GSM2545363",3664
"Aldh18a1","GSM2545363",958
"Ebp","GSM2545363",1270
"Srr","GSM2545363",2674
"Gm14827","GSM2545363",420
"Gm31135","GSM2545363",79
"Adam17","GSM2545363",1110
"Slc39a2","GSM2545363",980
"Snn","GSM2545363",4589
"Hnrnpc","GSM2545363",10350
"Srbd1","GSM2545363",587
"Ptp4a1","GSM2545363",1575
"Tppp","GSM2545363",9885
"Stac3","GSM2545363",167
"Emid1","GSM2545363",398
"Cotl1","GSM2545363",3284
"Ovgp1","GSM2545363",738
"Ssx2ip","GSM2545363",3248
"Hsd3b7","GSM2545363",768
"Kazald1","GSM2545363",258
"Omd","GSM2545363",163
"Bcas1","GSM2545363",5428
"Gm9925","GSM2545363",384
"Dleu2","GSM2545363",514
"Chil3","GSM2545363",18
"Deaf1","GSM2545363",2252
"Dusp19","GSM2545363",263
"Gkn3","GSM2545363",143
"Pllp","GSM2545363",1434
"Sox2ot","GSM2545363",759
"Ntf3","GSM2545363",306
"Lum","GSM2545363",220
"Gm20751","GSM2545363",100
"Thnsl2","GSM2545363",139
"Slc2a4rg-ps","GSM2545363",668
"Agpat5","GSM2545363",3793
"Mdk","GSM2545363",927
"Penk","GSM2545363",3098
"Cirbp","GSM2545363",2789
"Aloxe3","GSM2545363",412
"Nudt5","GSM2545363",538
"Serpinb1a","GSM2545363",516
"Mt1","GSM2545363",8665
"Fgfr3","GSM2545363",3669
"Myo1d","GSM2545363",654
"Cd99l2","GSM2545363",3492
"C2cd2","GSM2545363",928
"Brsk2","GSM2545363",6465
"Mrrf","GSM2545363",601
"Snhg4","GSM2545363",268
"Hmgcs1","GSM2545363",5730
"Stk17b","GSM2545363",5206
"Cyp51","GSM2545363",2020
"Gria4","GSM2545363",25997
"Ttyh1","GSM2545363",21493
"Slc13a1","GSM2545363",137
"Phf7","GSM2545363",173
"Get4","GSM2545363",1228
"Gstm1","GSM2545363",7204
"Fbxo31","GSM2545363",2416
"Padi2","GSM2545363",897
"Gnmt","GSM2545363",159
"Paip2b","GSM2545363",3921
"Slc17a9","GSM2545363",33
"Vopp1","GSM2545363",1732
"Ogdhl","GSM2545363",3608
"Dcaf12","GSM2545363",2639
"Rorc","GSM2545363",1401
"Cp","GSM2545363",1216
"Jade2","GSM2545363",2035
"Nbl1","GSM2545363",2565
"Hsph1","GSM2545363",5571
"Serf2","GSM2545363",3703
"Rasgef1a","GSM2545363",4350
"Prrg1","GSM2545363",557
"Etnppl","GSM2545363",4743
"Cyp4f15","GSM2545363",117
"Ankrd29","GSM2545363",1245
"Gm27252","GSM2545363",68
"Kctd2","GSM2545363",3380
"Iigp1","GSM2545363",91
"Ak4","GSM2545363",4926
"Idh2","GSM2545363",1201
"Camkk1","GSM2545363",2530
"Rftn2","GSM2545363",1317
"Igtp","GSM2545363",122
"Bche","GSM2545363",359
"Marcks","GSM2545363",6900
"Pabpc4","GSM2545363",823
"Pmp22","GSM2545363",1669
"Car14","GSM2545363",600
"Serpinh1","GSM2545363",1055
"Ppp1r13b","GSM2545363",2720
"Tfrc","GSM2545363",5588
"Smox","GSM2545363",2109
"Tjap1","GSM2545363",1019
"Msmo1","GSM2545363",1842
"Slc26a8","GSM2545363",101
"Eml3","GSM2545363",1103
"Csf2ra","GSM2545363",613
"Rnf141","GSM2545363",3185
"Slc25a16","GSM2545363",1381
"Echdc1","GSM2545363",1371
"Eid2b","GSM2545363",793
"Piga","GSM2545363",522
"Ccdc149","GSM2545363",1016
"Car15","GSM2545363",1004
"Eny2","GSM2545363",2964
"Mroh1","GSM2545363",3850
"Pcyox1l","GSM2545363",748
"Ankrd39","GSM2545363",421
"Timeless","GSM2545363",357
"Sparc","GSM2545363",30257
"Slc7a10","GSM2545363",1452
"Ppp1r2","GSM2545363",4495
"Psmf1","GSM2545363",1270
"Adat1","GSM2545363",283
"Slc6a12","GSM2545363",251
"Snhg3","GSM2545363",229
"Prg4","GSM2545363",406
"Plod1","GSM2545363",830
"Whamm","GSM2545363",1070
"Ttpa","GSM2545363",482
"Thbs3","GSM2545363",204
"Gltp","GSM2545363",1598
"Pex6","GSM2545363",1891
"Aim2","GSM2545363",140
"Ednrb","GSM2545363",5885
"Nuf2","GSM2545363",148
"Mog","GSM2545363",2523
"Ccl27a","GSM2545363",2172
"Tac4","GSM2545363",20
"Snhg8","GSM2545363",401
"Ak6","GSM2545363",382
"Kctd20","GSM2545363",2751
"Itgb4","GSM2545363",603
"Zfp810","GSM2545363",601
"Gm33489","GSM2545363",282
"Gna12","GSM2545363",1516
"Cyp4v3","GSM2545363",656
"Pkp4","GSM2545363",11964
"Agpat1","GSM2545363",2880
"Gipr","GSM2545363",37
"Edn3","GSM2545363",313
"Prr15","GSM2545363",30
"Traf1","GSM2545363",268
"Pim2","GSM2545363",1266
"Lrrc8a","GSM2545363",3169
"Erp44","GSM2545363",1915
"Tmem33","GSM2545363",6120
"Fen1","GSM2545363",705
"Tfap4","GSM2545363",359
"Lman2","GSM2545363",3419
"Senp8","GSM2545363",306
"Alg14","GSM2545363",804
"Ddah1","GSM2545363",4256
"Pomt1","GSM2545363",706
"Rab3b","GSM2545363",297
"Lrrc29","GSM2545363",80
"Nqo1","GSM2545363",327
"Gpr137b","GSM2545363",574
"Pcif1","GSM2545363",2280
"Qdpr","GSM2545363",5352
"Dcdc2b","GSM2545363",382
"Rap2a","GSM2545363",2301
"Cnpy4","GSM2545363",581
"Wdr41","GSM2545363",1533
"Gm20627","GSM2545363",30
"Mmaa","GSM2545363",1562
"Gm13562","GSM2545363",34
"Cd70","GSM2545363",40
"Itm2a","GSM2545363",2147
"Avil","GSM2545363",58
"Zscan22","GSM2545363",619
"Itgb3","GSM2545363",83
"Col11a2","GSM2545363",539
"Apoc1","GSM2545363",38
"Tmeff2","GSM2545363",2206
"Tyro3","GSM2545363",7469
"Ift22","GSM2545363",1112
"Mtmr7","GSM2545363",2872
"Gabrr2","GSM2545363",82
"Ube2v2","GSM2545363",2231
"C77080","GSM2545363",1253
"Elovl5","GSM2545363",4258
"Serinc5","GSM2545363",2608
"Pyroxd2","GSM2545363",153
"Ypel2","GSM2545363",2038
"Parp3","GSM2545363",300
"Xpo1","GSM2545363",6094
"Polr2a","GSM2545363",5031
"Tspyl4","GSM2545363",28310
"Irgm1","GSM2545363",245
"Cep131","GSM2545363",825
"Sema4d","GSM2545363",3988
"Gbp6","GSM2545363",148
"Zfp119b","GSM2545363",250
"Eps15","GSM2545363",13441
"Pxmp2","GSM2545363",201
"Tomm40l","GSM2545363",2089
"Atat1","GSM2545363",1084
"Chrac1","GSM2545363",395
"Mrpl24","GSM2545363",1732
"Ipo9","GSM2545363",6880
"Actg1","GSM2545363",7075
"Noxred1","GSM2545363",83
"Gm20501","GSM2545363",126
"H2-K1","GSM2545363",821
"Lig1","GSM2545363",562
"Morn2","GSM2545363",255
"Dcakd","GSM2545363",1097
"Nop14","GSM2545363",969
"Bbs1","GSM2545363",1353
"Tada2b","GSM2545363",1295
"Gal3st1","GSM2545363",249
"Xpc","GSM2545363",764
"Irf2bp2","GSM2545363",2757
"Spns2","GSM2545363",2040
"Pole","GSM2545363",89
"Fam78b","GSM2545363",1877
"Ggcx","GSM2545363",931
"Anks1","GSM2545363",2400
"Pgm2","GSM2545363",3274
"Zgrf1","GSM2545363",419
"Alkbh3","GSM2545363",515
"Dnd1","GSM2545363",74
"Lime1","GSM2545363",3000
"Trim23","GSM2545363",3980
"Abhd14a","GSM2545363",540
"Zkscan3","GSM2545363",2118
"Fam131b","GSM2545363",9605
"Elovl1","GSM2545363",669
"Trim72","GSM2545363",35
"Klhdc9","GSM2545363",93
"Iqck","GSM2545363",98
"Smim14","GSM2545363",5993
"Kcnab3","GSM2545363",1305
"Ing5","GSM2545363",500
"Cnnm3","GSM2545363",2392
"Fn3k","GSM2545363",1108
"Cnp","GSM2545363",14347
"Uros","GSM2545363",817
"Eml1","GSM2545363",2583
"Lgals3","GSM2545363",70
"Gjb1","GSM2545363",595
"Dynll1","GSM2545363",2646
"Cyp2j12","GSM2545363",108
"Crip3","GSM2545363",43
"Sbk1","GSM2545363",26115
"Camkk2","GSM2545363",13903
"Setd7","GSM2545363",18347
"Btf3l4","GSM2545363",1971
"Acbd4","GSM2545363",1368
"Gm16835","GSM2545363",181
"Gpr37","GSM2545363",2007
"Prr5l","GSM2545363",534
"Slain1","GSM2545363",2130
"Calr","GSM2545363",12768
"Bst1","GSM2545363",4
"Fmnl3","GSM2545363",395
"Gpr89","GSM2545363",656
"Zranb1","GSM2545363",7022
"Col27a1","GSM2545363",886
"Emc8","GSM2545363",3202
"Ormdl3","GSM2545363",2746
"Capg","GSM2545363",71
"Zbtb21","GSM2545363",896
"Sord","GSM2545363",744
"Tsc22d1","GSM2545363",10866
"Gpld1","GSM2545363",2456
"Cdh4","GSM2545363",763
"Hkdc1","GSM2545363",74
"Ggact","GSM2545363",1484
"Zfp493","GSM2545363",153
"Mkks","GSM2545363",1593
"Gm15423","GSM2545363",101
"Npas2","GSM2545363",134
"Plin4","GSM2545363",740
"Rragc","GSM2545363",2837
"Nsun3","GSM2545363",542
"Hgsnat","GSM2545363",2774
"Acr","GSM2545363",54
"Ccdc167","GSM2545363",1353
"Thap1","GSM2545363",421
"Egfl8","GSM2545363",120
"Vps33a","GSM2545363",4431
"Igbp1","GSM2545363",1130
"Tbx6","GSM2545363",72
"Dcst2","GSM2545363",15
"Rbm28","GSM2545363",2275
"Pms1","GSM2545363",434
"Rtcb","GSM2545363",4038
"Smad9","GSM2545363",1696
"Ubxn2b","GSM2545363",781
"Rnf170","GSM2545363",1655
"Pithd1","GSM2545363",2228
"Steap3","GSM2545363",82
"Tomm20","GSM2545363",8191
"Klf15","GSM2545363",1541
"Amz2","GSM2545363",1745
"Folh1","GSM2545363",596
"Ubfd1","GSM2545363",2795
"Gpx3","GSM2545363",143
"C4b","GSM2545363",407
"Mdfi","GSM2545363",465
"Nucb2","GSM2545363",251
"Clip4","GSM2545363",1189
"Tipin","GSM2545363",745
"Amy1","GSM2545363",822
"Efhd1","GSM2545363",1511
"Smim15","GSM2545363",2178
"Zfp658","GSM2545363",880
"E2f6","GSM2545363",1887
"Lix1","GSM2545363",384
"Coq4","GSM2545363",343
"Otoa","GSM2545363",44
"Mex3a","GSM2545363",207
"Tmem132c","GSM2545363",1288
"Dclk1","GSM2545363",18023
"Eml2","GSM2545363",2503
"Glyr1","GSM2545363",8223
"Gm1976","GSM2545363",342
"Smyd3","GSM2545363",1243
"Dcaf8","GSM2545363",7625
"Lias","GSM2545363",985
"Msn","GSM2545363",2715
"Timmdc1","GSM2545363",637
"H2-Q6","GSM2545363",40
"Asic3","GSM2545363",38
"Col5a3","GSM2545363",275
"Stx3","GSM2545363",2621
"AW046200","GSM2545363",176
"Hsf1","GSM2545363",1652
"Colq","GSM2545363",157
"Rcor3","GSM2545363",1433
"Slc6a20a","GSM2545363",740
"Prps1","GSM2545363",2280
"Keap1","GSM2545363",2121
"Tap2","GSM2545363",318
"Slc16a7","GSM2545363",1371
"Eif2b3","GSM2545363",546
"Flywch1","GSM2545363",11845
"Amigo2","GSM2545363",726
"Hspd1","GSM2545363",7615
"Sost","GSM2545363",81
"Gm8615","GSM2545363",25
"Kcnk13","GSM2545363",147
"Tspyl2","GSM2545363",4668
"Spsb3","GSM2545363",2491
"Gm8493","GSM2545363",33
"Fgf22","GSM2545363",70
"Slc6a6","GSM2545363",4750
"Xist","GSM2545363",23
"Ddx3y","GSM2545363",3978
"Eif2s3y","GSM2545363",3146
"Kdm5d","GSM2545363",1540
"Uty","GSM2545363",1380
"Eif2s3x","GSM2545363",1385
"Kdm6a","GSM2545363",2158
"Casp12","GSM2545363",228
"Ddx3x","GSM2545363",17890
"Prl2c3","GSM2545363",51
"Casp1","GSM2545363",73
"Pbdc1","GSM2545363",430
"Kdm5c","GSM2545363",4194
"Ctxn2","GSM2545363",107
"Ldoc1","GSM2545363",809
"Gpr179","GSM2545363",15
"Pou4f1","GSM2545363",7
"Tmprss3","GSM2545363",36
"Prl2c2","GSM2545363",11
"Slc35b1","GSM2545363",1720
"Myoc","GSM2545363",137
"Cartpt","GSM2545363",0
"Tchh","GSM2545363",39
"H2-Q2","GSM2545363",1
"Ascl1","GSM2545363",63
"Crhr1","GSM2545363",3538
"Gm4017","GSM2545363",22
"Impg1","GSM2545363",37
"Rxfp3","GSM2545363",1
"AI504432","GSM2545363",895
"Mpo","GSM2545363",1
"Oxtr","GSM2545363",23
"Usp2","GSM2545363",4059
"Lor","GSM2545363",2
"Srrm4","GSM2545363",4107
"Slc35g1","GSM2545363",184
"Tceal6","GSM2545363",1175
"Dach2","GSM2545363",65
"Lgr6","GSM2545363",227
"Kcna4","GSM2545363",158
"Zfyve28","GSM2545363",3631
"Hps4","GSM2545363",842
"Ucp3","GSM2545363",75
"Mettl17","GSM2545363",973
"Atg9b","GSM2545363",25
"Usp3","GSM2545363",5453
"Acta2","GSM2545363",271
"Wdr24","GSM2545363",657
"Zw10","GSM2545363",1673
"Ubtd2","GSM2545363",2655
"Slc6a4","GSM2545363",1
"Cog1","GSM2545363",2260
"S100a9","GSM2545363",94
"Nadk","GSM2545363",2571
"Col6a1","GSM2545363",490
"Susd2","GSM2545363",169
"Fam53b","GSM2545363",2560
"Npas1","GSM2545363",6
"Rhbdf1","GSM2545363",504
"Cacnb1","GSM2545363",733
"Zfp579","GSM2545363",1157
"Dtx4","GSM2545363",888
"Chrm3","GSM2545363",60
"Plcl2","GSM2545363",1915
"Ptprj","GSM2545363",3631
"Cyhr1","GSM2545363",6146
"Stx5a","GSM2545363",2727
"Smim8","GSM2545363",365
"Pappa2","GSM2545363",3
"Stbd1","GSM2545363",48
"Rln3","GSM2545363",0
"Ldlr","GSM2545363",941
"Bmp2","GSM2545363",29
"Itga10","GSM2545363",337
"Unc45a","GSM2545363",1581
"Hap1","GSM2545363",2256
"Gm35339","GSM2545363",458
"Serpinb8","GSM2545363",122
"Tmem200c","GSM2545363",198
"Ngb","GSM2545363",14
"Myh11","GSM2545363",264
"Ass1","GSM2545363",319
"Ccdc28b","GSM2545363",1920
"Vsx2","GSM2545363",1
"Klhl1","GSM2545363",173
"Slit1","GSM2545363",47
"Rbm10","GSM2545363",3396
"Sgk1","GSM2545363",4447
"Zbtb24","GSM2545363",761
"Kif5a","GSM2545363",32740
"Alox8","GSM2545363",111
"Rgcc","GSM2545363",319
"Olfr1033","GSM2545363",57
"Lrrn4","GSM2545363",6
"Trim59","GSM2545363",714
"Pnma2","GSM2545363",203
"Arc","GSM2545363",772
"Lypd6b","GSM2545363",51
"Prkar2b","GSM2545363",608
"Gabrd","GSM2545363",7118
"Sh3gl1","GSM2545363",1915
"Rab9b","GSM2545363",966
"Slc9a2","GSM2545363",160
"Gata3","GSM2545363",0
"Rnd3","GSM2545363",441
"Tdgf1","GSM2545363",229
"Tph2","GSM2545363",26
"Gprc5c","GSM2545363",2569
"Syt16","GSM2545363",137
"Cdyl","GSM2545363",482
"St8sia2","GSM2545363",45
"Usp19","GSM2545363",6489
"Foxj2","GSM2545363",2564
"Wdfy2","GSM2545363",1857
"Fibcd1","GSM2545363",12
"Hs3st4","GSM2545363",23
"Rab27b","GSM2545363",237
"Gm4988","GSM2545363",109
"Hebp1","GSM2545363",234
"Mrgpre","GSM2545363",66
"Slc22a4","GSM2545363",2850
"Txndc11","GSM2545363",1372
"Pgr15l","GSM2545363",1
"Evpl","GSM2545363",29
"Pax7","GSM2545363",0
"Trim65","GSM2545363",180
"Gm33533","GSM2545363",2
"Otof","GSM2545363",98
"Alk","GSM2545363",24
"Acap3","GSM2545363",3718
"Erdr1","GSM2545363",610
"Kcnq5","GSM2545363",56
"Msln","GSM2545363",80
"Tbc1d20","GSM2545363",1296
"Slc16a10","GSM2545363",261
"Errfi1","GSM2545363",1929
"Nr2e1","GSM2545363",0
"Gpr149","GSM2545363",1
"Plcxd1","GSM2545363",96
"Lrch3","GSM2545363",5585
"Morc2b","GSM2545363",160
"Elfn1","GSM2545363",28
"Rnf180","GSM2545363",265
"Pcdhb8","GSM2545363",122
"Creg2","GSM2545363",291
"Erich3","GSM2545363",637
"Rpp25","GSM2545363",126
"Fgfr1","GSM2545363",7122
"Sfrp2","GSM2545363",18
"Rprm","GSM2545363",35
"Tmem120b","GSM2545363",596
"Tpra1","GSM2545363",2092
"Igsf9","GSM2545363",10
"Jakmip1","GSM2545363",719
"Hsf4","GSM2545363",138
"Pcbd1","GSM2545363",108
"Rasgrf2","GSM2545363",173
"Dgkk","GSM2545363",3
"Paxip1","GSM2545363",1921
"Smtn","GSM2545363",228
"Cmpk2","GSM2545363",550
"Drd4","GSM2545363",37
"Samd11","GSM2545363",23
"Magel2","GSM2545363",16
"Csrnp3","GSM2545363",1348
"Zfp941","GSM2545363",638
"Lrrc1","GSM2545363",790
"Tmie","GSM2545363",196
"Pcdh8","GSM2545363",76
"Glra2","GSM2545363",104
"Gpatch8","GSM2545363",5698
"Slc6a16","GSM2545363",9
"Grm7","GSM2545363",1003
"Ybx3","GSM2545363",1765
"Tenm3","GSM2545363",435
"Npffr1","GSM2545363",2
"Slc39a11","GSM2545363",332
"Otp","GSM2545363",2
"Hoga1","GSM2545363",70
"Egfl6","GSM2545363",12
"Plch2","GSM2545363",10167
"Pde11a","GSM2545363",19
"Zfp335","GSM2545363",1654
"Gpr61","GSM2545363",163
"Tox","GSM2545363",57
"Gabrr1","GSM2545363",2
"Jun","GSM2545363",3099
"Cox7b2","GSM2545363",55
"Mn1","GSM2545363",106
"Tmem130","GSM2545363",3066
"Dusp11","GSM2545363",9085
"Tmem91","GSM2545363",49
"Rbms2","GSM2545363",1021
"Inpp5j","GSM2545363",6191
"Vstm2a","GSM2545363",792
"C1qtnf2","GSM2545363",36
"Ctns","GSM2545363",1290
"Smarcd2","GSM2545363",3404
"Dbpht2","GSM2545363",67
"Ltbp2","GSM2545363",2180
"Drd1","GSM2545363",7
"Dact2","GSM2545363",123
"E4f1","GSM2545363",1382
"Zfp598","GSM2545363",2709
"Zcchc12","GSM2545363",263
"Zfp263","GSM2545363",1491
"Tspyl3","GSM2545363",541
"Arhgap10","GSM2545363",710
"Plxnb2","GSM2545363",5804
"Doc2a","GSM2545363",20
"Tmem29","GSM2545363",477
"Dpf2","GSM2545363",3143
"Foxl2os","GSM2545363",44
"Slc47a1","GSM2545363",398
"Nap1l5","GSM2545363",17780
"Mapk7","GSM2545363",1362
"Grem2","GSM2545363",76
"Pcdh10","GSM2545363",1423
"Nol3","GSM2545363",243
"Gpr83","GSM2545363",39
"Nrsn2","GSM2545363",1689
"Prss16","GSM2545363",20
"Pcdh18","GSM2545363",97
"Emx2","GSM2545363",1
"Ccdc81","GSM2545363",47
"Rwdd2a","GSM2545363",260
"Mpped1","GSM2545363",164
"Galnt7","GSM2545363",2313
"S100a8","GSM2545363",50
"Mau2","GSM2545363",5161
"Ptpn23","GSM2545363",2762
"Sstr1","GSM2545363",84
"Wdfy4","GSM2545363",27
"Anxa3","GSM2545363",407
"C3","GSM2545363",17
"Tead4","GSM2545363",308
"Clvs2","GSM2545363",265
"Gaa","GSM2545363",5422
"Zfp219","GSM2545363",6626
"Bves","GSM2545363",9
"Tmem161a","GSM2545363",1015
"Unc5d","GSM2545363",450
"Cd180","GSM2545363",48
"Scml4","GSM2545363",11
"Stk38","GSM2545363",2560
"Sox17","GSM2545363",310
"Srsf9","GSM2545363",1668
"Herpud1","GSM2545363",3064
"Hmbs","GSM2545363",542
"Gm2824","GSM2545363",17
"Mir1901","GSM2545363",45
"Adamts19","GSM2545363",0
"Zfp36l1","GSM2545363",1248
"Impact","GSM2545363",6465
"Trmt6","GSM2545363",1934
"Plekhm1","GSM2545363",1721
"Basp1","GSM2545363",416
"Grid1","GSM2545363",835
"Zdbf2","GSM2545363",283
"Tal1","GSM2545363",47
"Raf1","GSM2545363",4311
"Pgpep1l","GSM2545363",2
"Fzd4","GSM2545363",857
"Tfdp1","GSM2545363",2112
"Pdzrn4","GSM2545363",48
"Ier3","GSM2545363",409
"Mir378a","GSM2545363",10
"Magee2","GSM2545363",58
"Plekhg2","GSM2545363",226
"Boc","GSM2545363",4309
"Ddx39b","GSM2545363",5705
"H2-T24","GSM2545363",79
"Insm1","GSM2545363",15
"Vstm5","GSM2545363",57
"Kctd4","GSM2545363",127
"Oprm1","GSM2545363",68
"Zfand6","GSM2545363",2948
"Cx3cl1","GSM2545363",1981
"Tacr3","GSM2545363",2
"Gpr4","GSM2545363",140
"Ptgis","GSM2545363",58
"Ccdc28a","GSM2545363",472
"Ido2","GSM2545363",1
"Elfn2","GSM2545363",821
"Ngp","GSM2545363",50
"Ptpro","GSM2545363",117
"Neto1","GSM2545363",123
"Col6a2","GSM2545363",315
"Fev","GSM2545363",2
"Mmab","GSM2545363",480
"Resp18","GSM2545363",380
"Amn","GSM2545363",12
"Tmem132b","GSM2545363",393
"St6gal2","GSM2545363",123
"Tbc1d25","GSM2545363",903
"Pdcd2l","GSM2545363",680
"Acot3","GSM2545363",10
"Gm5468","GSM2545363",1
"Atg16l1","GSM2545363",2236
"Rpl14-ps1","GSM2545363",23
"Glra3","GSM2545363",31
"Plekhh3","GSM2545363",2000
"Pcdhga1","GSM2545363",171
"Gm9899","GSM2545363",1532
"Eps8l1","GSM2545363",156
"Serpina3g","GSM2545363",20
"Pcdh17","GSM2545363",1133
"Riok3","GSM2545363",4005
"Dcaf12l2","GSM2545363",5
"Ankrd6","GSM2545363",248
"Dhrs11","GSM2545363",507
"Zdhhc22","GSM2545363",185
"Hmgb3","GSM2545363",369
"Mid1","GSM2545363",166
"Celf3","GSM2545363",1856
"Akap5","GSM2545363",209
"Phlda3","GSM2545363",357
"Arfgap2","GSM2545363",3855
"Gabpb1","GSM2545363",1342
"Mybpc1","GSM2545363",2374
"Nfkbia","GSM2545363",999
"Gabra3","GSM2545363",618
"Gtpbp2","GSM2545363",3013
"Ptgdr","GSM2545363",38
"Myh15","GSM2545363",23
"Ciz1","GSM2545363",1658
"Tmem62","GSM2545363",3364
"Pan3","GSM2545363",5309
"Pld3","GSM2545363",2167
"Trim3","GSM2545363",7118
"Spata2l","GSM2545363",606
"Gm2223","GSM2545363",13
"Dnah1","GSM2545363",33
"Pnoc","GSM2545363",69
"Dzank1","GSM2545363",6773
"Safb2","GSM2545363",3501
"Rnf128","GSM2545363",1112
"Jpx","GSM2545363",271
"Il16","GSM2545363",8117
"Slc26a7","GSM2545363",266
"Rspo1","GSM2545363",10
"Hcfc2","GSM2545363",1981
"Gm35315","GSM2545363",58
"Tyrp1","GSM2545363",14
"Pank4","GSM2545363",1992
"Ngef","GSM2545363",337
"Llgl1","GSM2545363",3086
"Usp12","GSM2545363",2632
"Ppp2r2d","GSM2545363",2335
"Zfp677","GSM2545363",166
"Heyl","GSM2545363",72
"Sin3b","GSM2545363",2255
"Sidt1","GSM2545363",1954
"Spin2c","GSM2545363",87
"Wasf2","GSM2545363",1156
"Tmem14a","GSM2545363",637
"Cntnap5a","GSM2545363",448
"Ccm2l","GSM2545363",171
"Sema3e","GSM2545363",615
"Il18bp","GSM2545363",468
"Slc35f1","GSM2545363",1206
"Best1","GSM2545363",26
"Pde8b","GSM2545363",674
"Htr7","GSM2545363",34
"Cfap57","GSM2545363",10
"Sgsm1","GSM2545363",4520
"Scn3b","GSM2545363",134
"Mark3","GSM2545363",3832
"Acsl5","GSM2545363",505
"Qpct","GSM2545363",136
"Iqcc","GSM2545363",731
"Noc2l","GSM2545363",2557
"Slc25a27","GSM2545363",4943
"Kdm4b","GSM2545363",2756
"Pde1b","GSM2545363",755
"Pcdha10","GSM2545363",65
"Gja5","GSM2545363",27
"Irs4","GSM2545363",0
"Mamdc4","GSM2545363",240
"Mthfd2l","GSM2545363",213
"Lrrtm1","GSM2545363",229
"Tacr1","GSM2545363",1
"Lmo3","GSM2545363",163
"Psg16","GSM2545363",1110
"Abcc8","GSM2545363",3157
"Epc1","GSM2545363",3211
"Slc6a7","GSM2545363",284
"Col4a5","GSM2545363",392
"Gm8013","GSM2545363",3
"Clpx","GSM2545363",2124
"Dffb","GSM2545363",497
"Senp3","GSM2545363",2762
"Hhex","GSM2545363",30
"Per2","GSM2545363",3298
"Rnpep","GSM2545363",1569
"Ttll1","GSM2545363",675
"Ppp1r1c","GSM2545363",9
"Moxd1","GSM2545363",211
"Susd6","GSM2545363",5373
"Ighm","GSM2545363",119
"Fam131a","GSM2545363",3632
"Zfp92","GSM2545363",23
"Kirrel","GSM2545363",482
"Npsr1","GSM2545363",1
"Kcnj16","GSM2545363",1302
"Atg10","GSM2545363",274
"Vwc2l","GSM2545363",11
"Sox14","GSM2545363",6
"Zc3h3","GSM2545363",579
"Gak","GSM2545363",4316
"Tox2","GSM2545363",85
"Tenm2","GSM2545363",711
"Begain","GSM2545363",618
"Dsc3","GSM2545363",3
"Fbll1","GSM2545363",315
"Dnah7a","GSM2545363",6
"Gm3764","GSM2545363",5048
"Strip1","GSM2545363",3241
"Nmnat3","GSM2545363",39
"Lims2","GSM2545363",372
"Fam43b","GSM2545363",137
"Ccnl2","GSM2545363",9678
"Gm11627","GSM2545363",2
"Rabl2","GSM2545363",1029
"Kcnj3","GSM2545363",6675
"Zfp36","GSM2545363",168
"Slc2a1","GSM2545363",5416
"Cnksr3","GSM2545363",3265
"AW551984","GSM2545363",15
"Hykk","GSM2545363",216
"Rnasel","GSM2545363",75
"Shc1","GSM2545363",421
"Ppp1r12c","GSM2545363",3737
"Syne4","GSM2545363",391
"Arrdc2","GSM2545363",695
"Usp28","GSM2545363",2649
"Slfn4","GSM2545363",3
"Pomt2","GSM2545363",1409
"Gm10432","GSM2545363",148
"Cngb1","GSM2545363",6
"Dot1l","GSM2545363",6820
"Gmnn","GSM2545363",115
"Ccdc160","GSM2545363",32
"Ptpn5","GSM2545363",586
"Mal2","GSM2545363",135
"Arap3","GSM2545363",254
"Mib2","GSM2545363",2838
"Itgb1bp2","GSM2545363",67
"Stk32b","GSM2545363",5
"Dgkb","GSM2545363",1112
"Pcgf6","GSM2545363",1369
"Serinc2","GSM2545363",935
"Arhgef37","GSM2545363",659
"Ltf","GSM2545363",24
"Timp2","GSM2545363",1911
"Snora41","GSM2545363",25
"F3","GSM2545363",2235
"Tgfbi","GSM2545363",150
"Rab44","GSM2545363",6
"Lclat1","GSM2545363",1086
"Arid5b","GSM2545363",2037
"Col25a1","GSM2545363",105
"Inpp5b","GSM2545363",2879
"Dhfr","GSM2545363",286
"Phkg2","GSM2545363",2011
"Bcl11a","GSM2545363",526
"Nr2f1","GSM2545363",2023
"Trhr","GSM2545363",14
"Msc","GSM2545363",7
"Mndal","GSM2545363",164
"Pou3f2","GSM2545363",709
"Gm9962","GSM2545363",12
"Atg16l2","GSM2545363",1148
"Gm16425","GSM2545363",8
"Ap1m1","GSM2545363",2173
"Trpv3","GSM2545363",9
"Inpp5k","GSM2545363",2730
"D11Wsu47e","GSM2545363",231
"Fkbp1b","GSM2545363",276
"Syvn1","GSM2545363",2286
"Aldh3a2","GSM2545363",3268
"Dtd2","GSM2545363",240
"Pcdh19","GSM2545363",251
"Gm5526","GSM2545363",22
"Nsun5","GSM2545363",686
"Hrh2","GSM2545363",222
"Lmbr1l","GSM2545363",654
"Pkn1","GSM2545363",1267
"Nptx2","GSM2545363",27
"Ctxn1","GSM2545363",87
"Rp1","GSM2545363",1
"Gm7357","GSM2545363",1
"Mrpl15","GSM2545363",1092
"Lypla1","GSM2545363",2300
"Tcea1","GSM2545363",3389
"Gm6104","GSM2545363",1
"Atp6v1h","GSM2545363",4845
"Oprk1","GSM2545363",42
"Npbwr1","GSM2545363",1
"Rb1cc1","GSM2545363",6118
"Gm2147","GSM2545363",1
"Gm26901","GSM2545363",2
"Sntg1","GSM2545363",367
"Gm6187","GSM2545363",2
"Rrs1","GSM2545363",713
"Mcmdc2","GSM2545363",36
"Snhg6","GSM2545363",313
"Snord87","GSM2545363",1
"Tcf24","GSM2545363",5
"Ppp1r42","GSM2545363",7
"Arfgef1","GSM2545363",5494
"Cpa6","GSM2545363",0
"Ncoa2","GSM2545363",4741
"Tram1","GSM2545363",1723
"Gm5523","GSM2545363",3
"Eya1","GSM2545363",330
"Smt3h2-ps4","GSM2545363",0
"Trpa1","GSM2545363",0
"Gm10566","GSM2545363",1
"Terf1","GSM2545363",720
"Rdh10","GSM2545363",951
"Stau2","GSM2545363",3344
"Ly96","GSM2545363",42
"Jph1","GSM2545363",1379
"Gdap1","GSM2545363",5842
"Rbm6-ps1","GSM2545363",16
"Pi15","GSM2545363",12
"Gm28154","GSM2545363",17
"Gm16070","GSM2545363",4
"Gm15825","GSM2545363",0
"Tfap2d","GSM2545363",1
"Tfap2b","GSM2545363",2209
"Pkhd1","GSM2545363",0
"Mir133b","GSM2545363",8
"Il17f","GSM2545363",3
"Paqr8","GSM2545363",18133
"Tram2","GSM2545363",9
"Gm7658","GSM2545363",6
"Gm7761","GSM2545363",13
"Mir30c-2","GSM2545363",8
"Ogfrl1","GSM2545363",10628
"Smap1","GSM2545363",3335
"Fam135a","GSM2545363",3215
"Col19a1","GSM2545363",1206
"Lmbrd1","GSM2545363",9386
"Gm20172","GSM2545363",4
"Gm29214","GSM2545363",9
"Gm7846","GSM2545363",13
"Gm5525","GSM2545363",12
"Phf3","GSM2545363",4435
"Khdrbs2","GSM2545363",235
"Gm5415","GSM2545363",3
"Zfp451","GSM2545363",1355
"Gm15455","GSM2545363",6
"Bend6","GSM2545363",9792
"Ptpn18","GSM2545363",31
"Cfc1","GSM2545363",9
"Amer3","GSM2545363",2393
"Fam168b","GSM2545363",12688
"Gm33222","GSM2545363",11
"Kansl3","GSM2545363",3907
"Fer1l5","GSM2545363",2
"Cnnm4","GSM2545363",1153
"Sema4c","GSM2545363",1227
"Cox5b","GSM2545363",5456
"Zap70","GSM2545363",17
"Tmem131","GSM2545363",3755
"Cnga3","GSM2545363",0
"Unc50","GSM2545363",1542
"Lipt1","GSM2545363",96
"Mrpl30","GSM2545363",1159
"Lyg2","GSM2545363",6
"Txndc9","GSM2545363",1946
"Eif5b","GSM2545363",5670
"Gm16150","GSM2545363",0
"Gm16152","GSM2545363",3
"Pdcl3","GSM2545363",1192
"Rpl31","GSM2545363",2946
"Tbc1d8","GSM2545363",2053
"Cnot11","GSM2545363",1517
"Snord89","GSM2545363",17
"Rnf149","GSM2545363",1037
"Rfx8","GSM2545363",6
"Gm16894","GSM2545363",8
"Il1rl2","GSM2545363",9
"Il1rl1","GSM2545363",8
"Il18r1","GSM2545363",0
"Slc9a4","GSM2545363",11
"Mfsd9","GSM2545363",155
"Tmem182","GSM2545363",17
"Gm28175","GSM2545363",5
"Pantr1","GSM2545363",251
"Pou3f3","GSM2545363",1442
"Pantr2","GSM2545363",62
"Mrps9","GSM2545363",1337
"Gpr45","GSM2545363",71
"Tgfbrap1","GSM2545363",2510
"Fhl2","GSM2545363",103
"Nck2","GSM2545363",846
"Uxs1","GSM2545363",1552
"Gm16103","GSM2545363",0
"Tpp2","GSM2545363",3312
"Tex30","GSM2545363",268
"Bivm","GSM2545363",1113
"Gulp1","GSM2545363",165
"Wdr75","GSM2545363",1209
"Dnah7b","GSM2545363",695
"Gm4852","GSM2545363",11
"Gm8337","GSM2545363",16
"Nabp1","GSM2545363",409
"Gm17767","GSM2545363",2
"Myo1b","GSM2545363",844
"Stat4","GSM2545363",2
"Stat1","GSM2545363",1500
"Gls","GSM2545363",16026
"Rps27a-ps1","GSM2545363",1
"Gm28178","GSM2545363",0
"Inpp1","GSM2545363",3849
"Mstn","GSM2545363",28
"Asnsd1","GSM2545363",771
"Gtf3c3","GSM2545363",1058
"Pgap1","GSM2545363",1977
"Gm19637","GSM2545363",2
"Ankrd44","GSM2545363",758
"Sf3b1","GSM2545363",17331
"Gm6822","GSM2545363",11
"Boll","GSM2545363",14
"Gm8292","GSM2545363",14
"Plcl1","GSM2545363",1169
"Gm6644","GSM2545363",1
"Satb2","GSM2545363",36
"BC055402","GSM2545363",1
"Tyw5","GSM2545363",515
"Spats2l","GSM2545363",283
"Aox4","GSM2545363",2
"Aox2","GSM2545363",0
"Bzw1","GSM2545363",8608
"Clk1","GSM2545363",8816
"Ppil3","GSM2545363",389
"Nif3l1","GSM2545363",722
"Cflar","GSM2545363",1096
"Casp8","GSM2545363",78
"Stradb","GSM2545363",1150
"Tmem237","GSM2545363",735
"Cdk15","GSM2545363",4
"Fzd7","GSM2545363",2841
"Sumo1","GSM2545363",3312
"Fam117b","GSM2545363",4197
"Wdr12","GSM2545363",1068
"Nbeal1","GSM2545363",1247
"Abi2","GSM2545363",4927
"Cd28","GSM2545363",86
"Gm11581","GSM2545363",3
"Icos","GSM2545363",5
"Nrp2","GSM2545363",390
"Gm4208","GSM2545363",2
"Ndufs1","GSM2545363",7644
"Eef1b2","GSM2545363",3606
"Gpr1","GSM2545363",2
"Gm11605","GSM2545363",6
"Adam23","GSM2545363",7912
"Dytn","GSM2545363",3
"Mdh1b","GSM2545363",21
"Gm13748","GSM2545363",4
"Ccnyl1","GSM2545363",498
"Plekhm3","GSM2545363",1932
"Rpl10a-ps1","GSM2545363",28
"Cryga","GSM2545363",0
"Pikfyve","GSM2545363",2633
"Map2","GSM2545363",23269
"Unc80","GSM2545363",19683
"Kansl1l","GSM2545363",1355
"Acadl","GSM2545363",1925
"Gm15793","GSM2545363",0
"Spag16","GSM2545363",45
"Bard1","GSM2545363",15
"Abca12","GSM2545363",4
"Atic","GSM2545363",957
"Fn1","GSM2545363",2838
"Gm5256","GSM2545363",1
"Tmem169","GSM2545363",685
"Xrcc5","GSM2545363",659
"Smarcal1","GSM2545363",2964
"Igfbp2","GSM2545363",702
"Gm29183","GSM2545363",1
"Rufy4","GSM2545363",5
"Cxcr2","GSM2545363",5
"Arpc2","GSM2545363",4270
"Aamp","GSM2545363",4961
"Tmbim1","GSM2545363",1860
"Catip","GSM2545363",42
"Zfp142","GSM2545363",1785
"Rnf25","GSM2545363",1498
"Ttll4","GSM2545363",2093
"Prkag3","GSM2545363",11
"Gm29539","GSM2545363",2
"Wnt10a","GSM2545363",8
"Ihh","GSM2545363",7
"Slc23a3","GSM2545363",2
"Zfand2b","GSM2545363",431
"Ankzf1","GSM2545363",1246
"Glb1l","GSM2545363",306
"Ptprn","GSM2545363",4374
"Des","GSM2545363",78
"Asic4","GSM2545363",22
"Chpf","GSM2545363",2167
"Obsl1","GSM2545363",700
"Stk11ip","GSM2545363",1153
"Slc4a3","GSM2545363",3610
"Epha4","GSM2545363",1106
"Pax3","GSM2545363",271
"Mogat1","GSM2545363",2
"Kcne4","GSM2545363",59
"Gm5830","GSM2545363",12
"Scg2","GSM2545363",5761
"Mrpl44","GSM2545363",880
"Gm5529","GSM2545363",7
"Fam124b","GSM2545363",3
"Cul3","GSM2545363",8153
"Nyap2","GSM2545363",1451
"Rhbdd1","GSM2545363",535
"Col4a4","GSM2545363",28
"Col4a3","GSM2545363",31
"Mff","GSM2545363",7749
"Daw1","GSM2545363",4
"Trip12","GSM2545363",7522
"Fbxo36","GSM2545363",94
"Slc16a14","GSM2545363",205
"Gm15433","GSM2545363",1
"Rpl19-ps1","GSM2545363",4
"Sp110","GSM2545363",37
"Sp140","GSM2545363",33
"Sp100","GSM2545363",127
"Cab39","GSM2545363",8715
"Gpr55","GSM2545363",3
"Spata3","GSM2545363",23
"Htr2b","GSM2545363",1
"Armc9","GSM2545363",623
"B3gnt7","GSM2545363",18
"Snora75","GSM2545363",17
"Nmur1","GSM2545363",27
"Dis3l2","GSM2545363",880
"Gm6136","GSM2545363",28
"Ecel1","GSM2545363",12
"Prss56","GSM2545363",3
"Kcnj13","GSM2545363",73
"Inpp5d","GSM2545363",177
"Scarna6","GSM2545363",2
"Sag","GSM2545363",8
"Dgkd","GSM2545363",11449
"Gm19582","GSM2545363",84
"Usp40","GSM2545363",1339
"Ugt1a7c","GSM2545363",3
"Dnajb3","GSM2545363",24
"Mroh2a","GSM2545363",9
"Spp2","GSM2545363",5
"Gm29538","GSM2545363",0
"Glrp1","GSM2545363",1
"Sh3bp4","GSM2545363",369
"Gbx2","GSM2545363",0
"Iqca","GSM2545363",6
"Ackr3","GSM2545363",247
"Col6a3","GSM2545363",51
"Rab17","GSM2545363",1
"Ube2f","GSM2545363",1435
"Klhl30","GSM2545363",7
"Twist2","GSM2545363",4
"Hdac4","GSM2545363",2212
"Ndufa10","GSM2545363",4713
"Mir149","GSM2545363",0
"Ankmy1","GSM2545363",12
"Rnpepl1","GSM2545363",1274
"Capn10","GSM2545363",1022
"Gpr35","GSM2545363",29
"Pask","GSM2545363",187
"Hdlbp","GSM2545363",8139
"Farp2","GSM2545363",294
"Stk25","GSM2545363",6029
"Thap4","GSM2545363",495
"D2hgdh","GSM2545363",494
"Pdcd1","GSM2545363",2
"Gm7895","GSM2545363",17
"Fam174a","GSM2545363",1598
"Slco4c1","GSM2545363",4
"Panct2","GSM2545363",9
"Gm6430","GSM2545363",5
"Gin1","GSM2545363",472
"Pam","GSM2545363",1534
"Cntnap5b","GSM2545363",887
"Cdh20","GSM2545363",1102
"Pign","GSM2545363",847
"Gm10193","GSM2545363",0
"Tnfrsf11a","GSM2545363",65
"Gm7160","GSM2545363",7
"Gm20753","GSM2545363",6
"Bcl2","GSM2545363",879
"Vps4b","GSM2545363",2242
"Serpinb5","GSM2545363",4
"Serpinb10","GSM2545363",0
"Gm8141","GSM2545363",12
"Cdh7","GSM2545363",1995
"Cdh19","GSM2545363",682
"Gm8173","GSM2545363",1
"Dsel","GSM2545363",265
"Gm6028","GSM2545363",3
"Nifk","GSM2545363",948
"Clasp1","GSM2545363",3340
"Inhbb","GSM2545363",273
"Gm3551","GSM2545363",1
"Gm28209","GSM2545363",3
"Cfap221","GSM2545363",3
"Sctr","GSM2545363",3
"Tmem37","GSM2545363",31
"En1","GSM2545363",41
"Insig2","GSM2545363",2413
"Ccdc93","GSM2545363",1327
"Htr5b","GSM2545363",4
"Ddx18","GSM2545363",899
"Actr3","GSM2545363",6600
"Slc35f5","GSM2545363",766
"Gpr39","GSM2545363",2
"Mgat5","GSM2545363",3709
"Gm8451","GSM2545363",19
"Tmem163","GSM2545363",2736
"Acmsd","GSM2545363",1
"Zranb3","GSM2545363",159
"Gm28800","GSM2545363",1
"Rpl28-ps1","GSM2545363",21
"Mir128-1","GSM2545363",1
"Lct","GSM2545363",9
"Gm6170","GSM2545363",25
"Thsd7b","GSM2545363",24
"Gm29428","GSM2545363",1
"Cd55","GSM2545363",137
"Gm16083","GSM2545363",6
"C4bp-ps1","GSM2545363",11
"Yod1","GSM2545363",521
"Fcamr","GSM2545363",0
"Dyrk3","GSM2545363",140
"Ikbke","GSM2545363",63
"Srgap2","GSM2545363",9613
"Slc26a9","GSM2545363",2
"Pm20d1","GSM2545363",199
"Rab29","GSM2545363",187
"Cdk18","GSM2545363",495
"Gm29695","GSM2545363",132
"Lemd1","GSM2545363",7
"Gm7241","GSM2545363",0
"Klhdc8a","GSM2545363",656
"Lrrn2","GSM2545363",3606
"Gm29257","GSM2545363",3
"Gm28609","GSM2545363",8
"Plekha6","GSM2545363",4477
"Ren1","GSM2545363",0
"Sox13","GSM2545363",334
"Zbed6","GSM2545363",1377
"Lax1","GSM2545363",1
"Optc","GSM2545363",39
"Prelp","GSM2545363",806
"Gm8618","GSM2545363",0
"Mybph","GSM2545363",29
"Myog","GSM2545363",0
"Ppfia4","GSM2545363",11706
"Tmem183a","GSM2545363",3151
"Kdm5b","GSM2545363",2032
"Ppp1r12b","GSM2545363",3387
"Ube2t","GSM2545363",83
"Ptprv","GSM2545363",0
"Timm17a","GSM2545363",1642
"Csrp1","GSM2545363",9603
"Tnni1","GSM2545363",73
"Lad1","GSM2545363",25
"Pkp1","GSM2545363",3
"Ascl5","GSM2545363",2
"Cacna1s","GSM2545363",35
"Gm15850","GSM2545363",1
"Kif21b","GSM2545363",1111
"Camsap2","GSM2545363",7921
"Kif14","GSM2545363",13
"Gm29485","GSM2545363",3
"Gm19705","GSM2545363",46
"Mif-ps1","GSM2545363",2
"Nr5a2","GSM2545363",1
"Ptprc","GSM2545363",87
"Lhx9","GSM2545363",29
"Dennd1b","GSM2545363",965
"Crb1","GSM2545363",2
"Zbtb41","GSM2545363",1746
"Cfhr2","GSM2545363",3
"Gm5837","GSM2545363",5
"Kcnt2","GSM2545363",35
"Gm5835","GSM2545363",30
"Cdc73","GSM2545363",831
"B3galt2","GSM2545363",726
"Glrx2","GSM2545363",2240
"Rgs1","GSM2545363",0
"Gm7266","GSM2545363",5
"Rgs18","GSM2545363",5
"Brinp3","GSM2545363",780
"Ptgs2os","GSM2545363",0
"Ptgs2","GSM2545363",53
"Tpr","GSM2545363",6311
"Swt1","GSM2545363",751
"Mir7682","GSM2545363",3
"Rnf2","GSM2545363",1713
"Gm36527","GSM2545363",3
"Edem3","GSM2545363",3852
"Tsen15","GSM2545363",670
"Colgalt2","GSM2545363",130
"Rgl1","GSM2545363",1142
"Arpc5","GSM2545363",2263
"Ncf2","GSM2545363",65
"Nmnat2","GSM2545363",10689
"Lamc2","GSM2545363",66
"Dhx9","GSM2545363",7017
"Rgs16","GSM2545363",751
"Rgsl1","GSM2545363",18
"Zfp648","GSM2545363",2
"Gm9530","GSM2545363",21
"Stx6","GSM2545363",1807
"Xpr1","GSM2545363",3874
"Gm5532","GSM2545363",3
"Acbd6","GSM2545363",862
"Lhx4","GSM2545363",0
"Cep350","GSM2545363",3290
"Fam163a","GSM2545363",59
"Tdrd5","GSM2545363",59
"Nphs2","GSM2545363",3
"Gm2000","GSM2545363",15
"Soat1","GSM2545363",600
"Abl2","GSM2545363",1981
"Fam20b","GSM2545363",3177
"Ralgps2","GSM2545363",2004
"Angptl1","GSM2545363",5
"Rasal2","GSM2545363",2424
"Brinp2","GSM2545363",1022
"Gm4953","GSM2545363",0
"Gm31256","GSM2545363",1
"Rabgap1l","GSM2545363",6473
"Gm6177","GSM2545363",1
"Rc3h1","GSM2545363",3331
"Serpinc1","GSM2545363",1
"Snord47","GSM2545363",24
"Dars2","GSM2545363",683
"Cenpl","GSM2545363",104
"Fasl","GSM2545363",19
"Dnm3","GSM2545363",10878
"Dnm3os","GSM2545363",9
"Prrc2c","GSM2545363",6641
"Fmo2","GSM2545363",507
"Mettl11b","GSM2545363",5
"BC055324","GSM2545363",130
"Sele","GSM2545363",1
"Selp","GSM2545363",1
"F5","GSM2545363",25
"Nme7","GSM2545363",418
"Atp1b1","GSM2545363",57383
"Gm26685","GSM2545363",1
"Dpt","GSM2545363",0
"Gm20743","GSM2545363",223
"Sft2d2","GSM2545363",1016
"Tiprl","GSM2545363",2089
"Rcsd1","GSM2545363",205
"Gm32999","GSM2545363",1
"Dusp27","GSM2545363",8
"Mael","GSM2545363",5
"Gm16418","GSM2545363",9
"Gm16701","GSM2545363",177
"Aldh9a1","GSM2545363",1561
"Mgst3","GSM2545363",1911
"Lrrc52","GSM2545363",1
"Rxrg","GSM2545363",15
"Lmx1a","GSM2545363",14
"Pbx1","GSM2545363",3980
"Asl","GSM2545380",1192
"Apod","GSM2545380",38148
"Cyp2d22","GSM2545380",4019
"Klk6","GSM2545380",259
"Fcrls","GSM2545380",68
"Slc2a4","GSM2545380",796
"Exd2","GSM2545380",1694
"Gjc2","GSM2545380",262
"Plp1","GSM2545380",33076
"Gnb4","GSM2545380",1065
"Tnc","GSM2545380",266
"Trf","GSM2545380",9830
"Tubb2b","GSM2545380",2082
"Fads1","GSM2545380",6176
"Lxn","GSM2545380",1671
"Prr18","GSM2545380",1036
"Cmtm5","GSM2545380",1358
"Enpp1","GSM2545380",394
"Clic4","GSM2545380",5334
"Tm6sf2","GSM2545380",38
"Slc20a2","GSM2545380",8184
"Itih3","GSM2545380",6650
"Ptn","GSM2545380",4718
"Prodh","GSM2545380",2634
"Msantd1","GSM2545380",96
"Ugt8a","GSM2545380",1005
"Fbln5","GSM2545380",1532
"Trp53inp2","GSM2545380",8291
"Slc7a3","GSM2545380",190
"Dnase1l2","GSM2545380",179
"Icosl","GSM2545380",1257
"Rmnd1","GSM2545380",854
"Tssk5","GSM2545380",402
"Pycr1","GSM2545380",27
"Pla2g3","GSM2545380",464
"Vmn2r1","GSM2545380",100
"Gm29797","GSM2545380",31
"Phyhd1","GSM2545380",2152
"Gpr146","GSM2545380",1574
"Mag","GSM2545380",4504
"Tufm","GSM2545380",1623
"Igdcc4","GSM2545380",1858
"Gm10654","GSM2545380",447
"Ncmap","GSM2545380",149
"Etv4","GSM2545380",258
"Fabp7","GSM2545380",235
"Cpsf4l","GSM2545380",33
"Hexa","GSM2545380",1118
"Mfge8","GSM2545380",1344
"Ccdc136","GSM2545380",6152
"Glul","GSM2545380",87942
"Hopx","GSM2545380",4001
"Pigq","GSM2545380",3723
"Vps11","GSM2545380",4377
"Proca1","GSM2545380",147
"Fbxl22","GSM2545380",57
"Sfxn5","GSM2545380",8549
"Hexim2","GSM2545380",921
"Agt","GSM2545380",7469
"Rlbp1","GSM2545380",222
"Jam2","GSM2545380",2930
"Lcat","GSM2545380",1669
"Oxct1","GSM2545380",12128
"Cacna1e","GSM2545380",4830
"Fa2h","GSM2545380",1195
"Plxnb3","GSM2545380",664
"Lman2l","GSM2545380",962
"Dpy19l1","GSM2545380",1814
"Kctd21","GSM2545380",571
"Thra","GSM2545380",16961
"Dok3","GSM2545380",51
"Sult1a1","GSM2545380",1813
"Rpe","GSM2545380",895
"Acrbp","GSM2545380",218
"Slc2a9","GSM2545380",224
"Emp2","GSM2545380",979
"Aipl1","GSM2545380",98
"Uri1","GSM2545380",2871
"Bcs1l","GSM2545380",334
"Rbm3","GSM2545380",11506
"Tra2a","GSM2545380",3366
"Prex1","GSM2545380",3691
"Josd2","GSM2545380",1085
"Tmco3","GSM2545380",1237
"Srebf1","GSM2545380",3994
"Acer2","GSM2545380",896
"Tsga10","GSM2545380",204
"Cyp3a13","GSM2545380",177
"Relt","GSM2545380",1060
"Nrep","GSM2545380",30064
"Slc14a1","GSM2545380",1227
"Pnpla2","GSM2545380",2447
"Map6d1","GSM2545380",1724
"Ier5","GSM2545380",1333
"Bfsp2","GSM2545380",54
"Idi1","GSM2545380",391
"Kat2b","GSM2545380",7960
"Rmdn3","GSM2545380",4398
"Eif4b","GSM2545380",11959
"Grm4","GSM2545380",11009
"Pink1","GSM2545380",29301
"Mettl16","GSM2545380",799
"Fam193b","GSM2545380",2390
"Rtca","GSM2545380",2201
"Fgfbp1","GSM2545380",151
"Pigs","GSM2545380",2221
"Cfp","GSM2545380",574
"Desi1","GSM2545380",5178
"Gbp4","GSM2545380",325
"Nid1","GSM2545380",656
"Armcx5","GSM2545380",1229
"Cryab","GSM2545380",2196
"Prss53","GSM2545380",75
"Car4","GSM2545380",3575
"Gm6277","GSM2545380",106
"Amt","GSM2545380",813
"Zc3h6","GSM2545380",2178
"Aqp4","GSM2545380",14547
"Tmem198b","GSM2545380",692
"Abi3bp","GSM2545380",793
"Xpa","GSM2545380",712
"Aldh6a1","GSM2545380",5801
"Adam1a","GSM2545380",433
"Dynlt1a","GSM2545380",404
"Gatm","GSM2545380",3179
"H2-Q4","GSM2545380",430
"Nras","GSM2545380",1460
"Pla2g4e","GSM2545380",983
"Lpar1","GSM2545380",1395
"Il12rb1","GSM2545380",130
"Enpp6","GSM2545380",319
"Ermn","GSM2545380",2320
"Marcksl1","GSM2545380",731
"Ubqln4","GSM2545380",3039
"Glt8d1","GSM2545380",1120
"Ddx25","GSM2545380",2116
"Gpr17","GSM2545380",436
"Cat","GSM2545380",1896
"Wwox","GSM2545380",1252
"Phkg1","GSM2545380",600
"Ppp1r3f","GSM2545380",1530
"Mrpl35","GSM2545380",1074
"Nudt9","GSM2545380",2162
"Lypd6","GSM2545380",1988
"Spice1","GSM2545380",564
"Tuba8","GSM2545380",1112
"Spon1","GSM2545380",5656
"Nfya","GSM2545380",851
"Sc5d","GSM2545380",3114
"Aldh18a1","GSM2545380",814
"Ebp","GSM2545380",890
"Srr","GSM2545380",2132
"Gm14827","GSM2545380",241
"Gm31135","GSM2545380",30
"Adam17","GSM2545380",953
"Slc39a2","GSM2545380",482
"Snn","GSM2545380",7034
"Hnrnpc","GSM2545380",8274
"Srbd1","GSM2545380",367
"Ptp4a1","GSM2545380",1307
"Tppp","GSM2545380",8106
"Stac3","GSM2545380",115
"Emid1","GSM2545380",287
"Cotl1","GSM2545380",5543
"Ovgp1","GSM2545380",1211
"Ssx2ip","GSM2545380",4509
"Hsd3b7","GSM2545380",595
"Kazald1","GSM2545380",393
"Omd","GSM2545380",361
"Bcas1","GSM2545380",4549
"Gm9925","GSM2545380",598
"Dleu2","GSM2545380",304
"Chil3","GSM2545380",184
"Deaf1","GSM2545380",3561
"Dusp19","GSM2545380",200
"Gkn3","GSM2545380",17
"Pllp","GSM2545380",977
"Sox2ot","GSM2545380",517
"Ntf3","GSM2545380",116
"Lum","GSM2545380",150
"Gm20751","GSM2545380",225
"Thnsl2","GSM2545380",274
"Slc2a4rg-ps","GSM2545380",307
"Agpat5","GSM2545380",3176
"Mdk","GSM2545380",727
"Penk","GSM2545380",5044
"Cirbp","GSM2545380",7415
"Aloxe3","GSM2545380",716
"Nudt5","GSM2545380",422
"Serpinb1a","GSM2545380",316
"Mt1","GSM2545380",18946
"Fgfr3","GSM2545380",5646
"Myo1d","GSM2545380",505
"Cd99l2","GSM2545380",3032
"C2cd2","GSM2545380",754
"Brsk2","GSM2545380",8948
"Mrrf","GSM2545380",504
"Snhg4","GSM2545380",397
"Hmgcs1","GSM2545380",4500
"Stk17b","GSM2545380",4133
"Cyp51","GSM2545380",1680
"Gria4","GSM2545380",20325
"Ttyh1","GSM2545380",35941
"Slc13a1","GSM2545380",73
"Phf7","GSM2545380",330
"Get4","GSM2545380",1811
"Gstm1","GSM2545380",13954
"Fbxo31","GSM2545380",4157
"Padi2","GSM2545380",663
"Gnmt","GSM2545380",397
"Paip2b","GSM2545380",5056
"Slc17a9","GSM2545380",95
"Vopp1","GSM2545380",1550
"Ogdhl","GSM2545380",5342
"Dcaf12","GSM2545380",2516
"Rorc","GSM2545380",1788
"Cp","GSM2545380",2038
"Jade2","GSM2545380",3248
"Nbl1","GSM2545380",5798
"Hsph1","GSM2545380",3376
"Serf2","GSM2545380",3306
"Rasgef1a","GSM2545380",5582
"Prrg1","GSM2545380",330
"Etnppl","GSM2545380",10133
"Cyp4f15","GSM2545380",313
"Ankrd29","GSM2545380",1066
"Gm27252","GSM2545380",218
"Kctd2","GSM2545380",4686
"Iigp1","GSM2545380",120
"Ak4","GSM2545380",4365
"Idh2","GSM2545380",2242
"Camkk1","GSM2545380",3900
"Rftn2","GSM2545380",1161
"Igtp","GSM2545380",207
"Bche","GSM2545380",317
"Marcks","GSM2545380",5522
"Pabpc4","GSM2545380",744
"Pmp22","GSM2545380",1261
"Car14","GSM2545380",1657
"Serpinh1","GSM2545380",835
"Ppp1r13b","GSM2545380",4006
"Tfrc","GSM2545380",10851
"Smox","GSM2545380",3370
"Tjap1","GSM2545380",680
"Msmo1","GSM2545380",1447
"Slc26a8","GSM2545380",200
"Eml3","GSM2545380",1932
"Csf2ra","GSM2545380",400
"Rnf141","GSM2545380",2811
"Slc25a16","GSM2545380",2192
"Echdc1","GSM2545380",1122
"Eid2b","GSM2545380",1255
"Piga","GSM2545380",437
"Ccdc149","GSM2545380",1587
"Car15","GSM2545380",470
"Eny2","GSM2545380",3942
"Mroh1","GSM2545380",5688
"Pcyox1l","GSM2545380",608
"Ankrd39","GSM2545380",749
"Timeless","GSM2545380",556
"Sparc","GSM2545380",67748
"Slc7a10","GSM2545380",1315
"Ppp1r2","GSM2545380",6332
"Psmf1","GSM2545380",1738
"Adat1","GSM2545380",220
"Slc6a12","GSM2545380",333
"Snhg3","GSM2545380",427
"Prg4","GSM2545380",959
"Plod1","GSM2545380",732
"Whamm","GSM2545380",1613
"Ttpa","GSM2545380",438
"Thbs3","GSM2545380",413
"Gltp","GSM2545380",1291
"Pex6","GSM2545380",1557
"Aim2","GSM2545380",232
"Ednrb","GSM2545380",4599
"Nuf2","GSM2545380",98
"Mog","GSM2545380",1893
"Ccl27a","GSM2545380",1568
"Tac4","GSM2545380",47
"Snhg8","GSM2545380",677
"Ak6","GSM2545380",278
"Kctd20","GSM2545380",2778
"Itgb4","GSM2545380",473
"Zfp810","GSM2545380",1083
"Gm33489","GSM2545380",95
"Gna12","GSM2545380",1487
"Cyp4v3","GSM2545380",1046
"Pkp4","GSM2545380",10864
"Agpat1","GSM2545380",2381
"Gipr","GSM2545380",106
"Edn3","GSM2545380",242
"Prr15","GSM2545380",114
"Traf1","GSM2545380",180
"Pim2","GSM2545380",1296
"Lrrc8a","GSM2545380",5385
"Erp44","GSM2545380",1627
"Tmem33","GSM2545380",5309
"Fen1","GSM2545380",986
"Tfap4","GSM2545380",562
"Lman2","GSM2545380",3109
"Senp8","GSM2545380",230
"Alg14","GSM2545380",705
"Ddah1","GSM2545380",4305
"Pomt1","GSM2545380",495
"Rab3b","GSM2545380",775
"Lrrc29","GSM2545380",154
"Nqo1","GSM2545380",711
"Gpr137b","GSM2545380",512
"Pcif1","GSM2545380",3459
"Qdpr","GSM2545380",4394
"Dcdc2b","GSM2545380",222
"Rap2a","GSM2545380",2020
"Cnpy4","GSM2545380",481
"Wdr41","GSM2545380",1333
"Gm20627","GSM2545380",12
"Mmaa","GSM2545380",1361
"Gm13562","GSM2545380",15
"Cd70","GSM2545380",17
"Itm2a","GSM2545380",1759
"Avil","GSM2545380",26
"Zscan22","GSM2545380",527
"Itgb3","GSM2545380",42
"Col11a2","GSM2545380",287
"Apoc1","GSM2545380",217
"Tmeff2","GSM2545380",2270
"Tyro3","GSM2545380",5959
"Ift22","GSM2545380",1009
"Mtmr7","GSM2545380",3429
"Gabrr2","GSM2545380",146
"Ube2v2","GSM2545380",1940
"C77080","GSM2545380",2041
"Elovl5","GSM2545380",3838
"Serinc5","GSM2545380",2260
"Pyroxd2","GSM2545380",142
"Ypel2","GSM2545380",1726
"Parp3","GSM2545380",567
"Xpo1","GSM2545380",4771
"Polr2a","GSM2545380",7776
"Tspyl4","GSM2545380",26188
"Irgm1","GSM2545380",472
"Cep131","GSM2545380",1395
"Sema4d","GSM2545380",3361
"Gbp6","GSM2545380",310
"Zfp119b","GSM2545380",411
"Eps15","GSM2545380",11732
"Pxmp2","GSM2545380",407
"Tomm40l","GSM2545380",1785
"Atat1","GSM2545380",1026
"Chrac1","GSM2545380",665
"Mrpl24","GSM2545380",1477
"Ipo9","GSM2545380",10579
"Actg1","GSM2545380",6930
"Noxred1","GSM2545380",32
"Gm20501","GSM2545380",198
"H2-K1","GSM2545380",1787
"Lig1","GSM2545380",892
"Morn2","GSM2545380",225
"Dcakd","GSM2545380",1013
"Nop14","GSM2545380",1333
"Bbs1","GSM2545380",1310
"Tada2b","GSM2545380",1852
"Gal3st1","GSM2545380",192
"Xpc","GSM2545380",1120
"Irf2bp2","GSM2545380",2721
"Spns2","GSM2545380",2824
"Pole","GSM2545380",190
"Fam78b","GSM2545380",1656
"Ggcx","GSM2545380",708
"Anks1","GSM2545380",2066
"Pgm2","GSM2545380",4903
"Zgrf1","GSM2545380",675
"Alkbh3","GSM2545380",807
"Dnd1","GSM2545380",48
"Lime1","GSM2545380",1889
"Trim23","GSM2545380",5604
"Abhd14a","GSM2545380",511
"Zkscan3","GSM2545380",1900
"Fam131b","GSM2545380",12847
"Elovl1","GSM2545380",667
"Trim72","GSM2545380",99
"Klhdc9","GSM2545380",266
"Iqck","GSM2545380",187
"Smim14","GSM2545380",7439
"Kcnab3","GSM2545380",2516
"Ing5","GSM2545380",798
"Cnnm3","GSM2545380",3233
"Fn3k","GSM2545380",962
"Cnp","GSM2545380",13322
"Uros","GSM2545380",656
"Eml1","GSM2545380",2522
"Lgals3","GSM2545380",144
"Gjb1","GSM2545380",524
"Dynll1","GSM2545380",2062
"Cyp2j12","GSM2545380",101
"Crip3","GSM2545380",17
"Sbk1","GSM2545380",23294
"Camkk2","GSM2545380",9945
"Setd7","GSM2545380",12994
"Btf3l4","GSM2545380",2947
"Acbd4","GSM2545380",2000
"Gm16835","GSM2545380",306
"Gpr37","GSM2545380",1506
"Prr5l","GSM2545380",426
"Slain1","GSM2545380",2007
"Calr","GSM2545380",8585
"Bst1","GSM2545380",45
"Fmnl3","GSM2545380",547
"Gpr89","GSM2545380",505
"Zranb1","GSM2545380",9942
"Col27a1","GSM2545380",429
"Emc8","GSM2545380",4327
"Ormdl3","GSM2545380",4633
"Capg","GSM2545380",187
"Zbtb21","GSM2545380",847
"Sord","GSM2545380",1124
"Tsc22d1","GSM2545380",10040
"Gpld1","GSM2545380",3802
"Cdh4","GSM2545380",666
"Hkdc1","GSM2545380",138
"Ggact","GSM2545380",2309
"Zfp493","GSM2545380",111
"Mkks","GSM2545380",1263
"Gm15423","GSM2545380",178
"Npas2","GSM2545380",320
"Plin4","GSM2545380",2045
"Rragc","GSM2545380",3773
"Nsun3","GSM2545380",853
"Hgsnat","GSM2545380",3805
"Acr","GSM2545380",177
"Ccdc167","GSM2545380",1103
"Thap1","GSM2545380",350
"Egfl8","GSM2545380",105
"Vps33a","GSM2545380",5715
"Igbp1","GSM2545380",1856
"Tbx6","GSM2545380",45
"Dcst2","GSM2545380",45
"Rbm28","GSM2545380",1665
"Pms1","GSM2545380",605
"Rtcb","GSM2545380",5245
"Smad9","GSM2545380",2523
"Ubxn2b","GSM2545380",627
"Rnf170","GSM2545380",2184
"Pithd1","GSM2545380",3100
"Steap3","GSM2545380",71
"Tomm20","GSM2545380",12404
"Klf15","GSM2545380",2596
"Amz2","GSM2545380",1665
"Folh1","GSM2545380",1031
"Ubfd1","GSM2545380",2604
"Gpx3","GSM2545380",1146
"C4b","GSM2545380",1107
"Mdfi","GSM2545380",423
"Nucb2","GSM2545380",353
"Clip4","GSM2545380",1908
"Tipin","GSM2545380",1147
"Amy1","GSM2545380",1452
"Efhd1","GSM2545380",1492
"Smim15","GSM2545380",1990
"Zfp658","GSM2545380",706
"E2f6","GSM2545380",1748
"Lix1","GSM2545380",353
"Coq4","GSM2545380",294
"Otoa","GSM2545380",90
"Mex3a","GSM2545380",137
"Tmem132c","GSM2545380",1730
"Dclk1","GSM2545380",15251
"Eml2","GSM2545380",5032
"Glyr1","GSM2545380",10355
"Gm1976","GSM2545380",597
"Smyd3","GSM2545380",1835
"Dcaf8","GSM2545380",9298
"Lias","GSM2545380",1453
"Msn","GSM2545380",2587
"Timmdc1","GSM2545380",565
"H2-Q6","GSM2545380",84
"Asic3","GSM2545380",95
"Col5a3","GSM2545380",631
"Stx3","GSM2545380",3841
"AW046200","GSM2545380",91
"Hsf1","GSM2545380",1372
"Colq","GSM2545380",128
"Rcor3","GSM2545380",1719
"Slc6a20a","GSM2545380",1277
"Prps1","GSM2545380",3029
"Keap1","GSM2545380",2836
"Tap2","GSM2545380",516
"Slc16a7","GSM2545380",1117
"Eif2b3","GSM2545380",774
"Flywch1","GSM2545380",16926
"Amigo2","GSM2545380",1288
"Hspd1","GSM2545380",7094
"Sost","GSM2545380",13
"Gm8615","GSM2545380",10
"Kcnk13","GSM2545380",100
"Tspyl2","GSM2545380",6955
"Spsb3","GSM2545380",3814
"Gm8493","GSM2545380",15
"Fgf22","GSM2545380",137
"Slc6a6","GSM2545380",7291
"Xist","GSM2545380",41296
"Ddx3y","GSM2545380",2
"Eif2s3y","GSM2545380",0
"Kdm5d","GSM2545380",0
"Uty","GSM2545380",0
"Eif2s3x","GSM2545380",2673
"Kdm6a","GSM2545380",3583
"Casp12","GSM2545380",438
"Ddx3x","GSM2545380",29562
"Prl2c3","GSM2545380",122
"Casp1","GSM2545380",117
"Pbdc1","GSM2545380",473
"Kdm5c","GSM2545380",4682
"Ctxn2","GSM2545380",177
"Ldoc1","GSM2545380",404
"Gpr179","GSM2545380",61
"Pou4f1","GSM2545380",47
"Tmprss3","GSM2545380",80
"Prl2c2","GSM2545380",31
"Slc35b1","GSM2545380",1880
"Myoc","GSM2545380",316
"Cartpt","GSM2545380",24
"Tchh","GSM2545380",107
"H2-Q2","GSM2545380",37
"Ascl1","GSM2545380",181
"Crhr1","GSM2545380",2762
"Gm4017","GSM2545380",10
"Impg1","GSM2545380",66
"Rxfp3","GSM2545380",28
"AI504432","GSM2545380",1100
"Mpo","GSM2545380",6
"Oxtr","GSM2545380",30
"Usp2","GSM2545380",5069
"Lor","GSM2545380",17
"Srrm4","GSM2545380",3890
"Slc35g1","GSM2545380",239
"Tceal6","GSM2545380",1490
"Dach2","GSM2545380",95
"Lgr6","GSM2545380",302
"Kcna4","GSM2545380",260
"Zfyve28","GSM2545380",4043
"Hps4","GSM2545380",722
"Ucp3","GSM2545380",156
"Mettl17","GSM2545380",831
"Atg9b","GSM2545380",72
"Usp3","GSM2545380",5385
"Acta2","GSM2545380",274
"Wdr24","GSM2545380",672
"Zw10","GSM2545380",1664
"Ubtd2","GSM2545380",3151
"Slc6a4","GSM2545380",7
"Cog1","GSM2545380",1978
"S100a9","GSM2545380",205
"Nadk","GSM2545380",2577
"Col6a1","GSM2545380",645
"Susd2","GSM2545380",200
"Fam53b","GSM2545380",2636
"Npas1","GSM2545380",21
"Rhbdf1","GSM2545380",594
"Cacnb1","GSM2545380",963
"Zfp579","GSM2545380",744
"Dtx4","GSM2545380",1108
"Chrm3","GSM2545380",130
"Plcl2","GSM2545380",2008
"Ptprj","GSM2545380",4100
"Cyhr1","GSM2545380",5680
"Stx5a","GSM2545380",2761
"Smim8","GSM2545380",577
"Pappa2","GSM2545380",3
"Stbd1","GSM2545380",30
"Rln3","GSM2545380",0
"Ldlr","GSM2545380",1235
"Bmp2","GSM2545380",61
"Itga10","GSM2545380",219
"Unc45a","GSM2545380",1612
"Hap1","GSM2545380",3717
"Gm35339","GSM2545380",225
"Serpinb8","GSM2545380",95
"Tmem200c","GSM2545380",245
"Ngb","GSM2545380",121
"Myh11","GSM2545380",244
"Ass1","GSM2545380",766
"Ccdc28b","GSM2545380",2399
"Vsx2","GSM2545380",3
"Klhl1","GSM2545380",320
"Slit1","GSM2545380",216
"Rbm10","GSM2545380",2853
"Sgk1","GSM2545380",8533
"Zbtb24","GSM2545380",859
"Kif5a","GSM2545380",37698
"Alox8","GSM2545380",122
"Rgcc","GSM2545380",346
"Olfr1033","GSM2545380",53
"Lrrn4","GSM2545380",12
"Trim59","GSM2545380",719
"Pnma2","GSM2545380",311
"Arc","GSM2545380",761
"Lypd6b","GSM2545380",221
"Prkar2b","GSM2545380",732
"Gabrd","GSM2545380",6891
"Sh3gl1","GSM2545380",1836
"Rab9b","GSM2545380",1075
"Slc9a2","GSM2545380",233
"Gata3","GSM2545380",53
"Rnd3","GSM2545380",568
"Tdgf1","GSM2545380",412
"Tph2","GSM2545380",34
"Gprc5c","GSM2545380",2887
"Syt16","GSM2545380",249
"Cdyl","GSM2545380",553
"St8sia2","GSM2545380",71
"Usp19","GSM2545380",6279
"Foxj2","GSM2545380",2530
"Wdfy2","GSM2545380",1939
"Fibcd1","GSM2545380",88
"Hs3st4","GSM2545380",173
"Rab27b","GSM2545380",488
"Gm4988","GSM2545380",166
"Hebp1","GSM2545380",191
"Mrgpre","GSM2545380",157
"Slc22a4","GSM2545380",2891
"Txndc11","GSM2545380",1696
"Pgr15l","GSM2545380",9
"Evpl","GSM2545380",65
"Pax7","GSM2545380",43
"Trim65","GSM2545380",188
"Gm33533","GSM2545380",15
"Otof","GSM2545380",93
"Alk","GSM2545380",46
"Acap3","GSM2545380",3781
"Erdr1","GSM2545380",747
"Kcnq5","GSM2545380",136
"Msln","GSM2545380",108
"Tbc1d20","GSM2545380",1496
"Slc16a10","GSM2545380",316
"Errfi1","GSM2545380",2648
"Nr2e1","GSM2545380",14
"Gpr149","GSM2545380",9
"Plcxd1","GSM2545380",232
"Lrch3","GSM2545380",4485
"Morc2b","GSM2545380",101
"Elfn1","GSM2545380",109
"Rnf180","GSM2545380",362
"Pcdhb8","GSM2545380",168
"Creg2","GSM2545380",493
"Erich3","GSM2545380",788
"Rpp25","GSM2545380",217
"Fgfr1","GSM2545380",7619
"Sfrp2","GSM2545380",44
"Rprm","GSM2545380",67
"Tmem120b","GSM2545380",679
"Tpra1","GSM2545380",1793
"Igsf9","GSM2545380",20
"Jakmip1","GSM2545380",999
"Hsf4","GSM2545380",285
"Pcbd1","GSM2545380",146
"Rasgrf2","GSM2545380",800
"Dgkk","GSM2545380",70
"Paxip1","GSM2545380",2088
"Smtn","GSM2545380",248
"Cmpk2","GSM2545380",814
"Drd4","GSM2545380",45
"Samd11","GSM2545380",36
"Magel2","GSM2545380",77
"Csrnp3","GSM2545380",1921
"Zfp941","GSM2545380",897
"Lrrc1","GSM2545380",815
"Tmie","GSM2545380",311
"Pcdh8","GSM2545380",157
"Glra2","GSM2545380",274
"Gpatch8","GSM2545380",5778
"Slc6a16","GSM2545380",17
"Grm7","GSM2545380",903
"Ybx3","GSM2545380",1884
"Tenm3","GSM2545380",849
"Npffr1","GSM2545380",14
"Slc39a11","GSM2545380",414
"Otp","GSM2545380",1
"Hoga1","GSM2545380",91
"Egfl6","GSM2545380",15
"Plch2","GSM2545380",7525
"Pde11a","GSM2545380",76
"Zfp335","GSM2545380",1674
"Gpr61","GSM2545380",245
"Tox","GSM2545380",123
"Gabrr1","GSM2545380",39
"Jun","GSM2545380",2819
"Cox7b2","GSM2545380",30
"Mn1","GSM2545380",250
"Tmem130","GSM2545380",3865
"Dusp11","GSM2545380",6499
"Tmem91","GSM2545380",129
"Rbms2","GSM2545380",1066
"Inpp5j","GSM2545380",6617
"Vstm2a","GSM2545380",1200
"C1qtnf2","GSM2545380",44
"Ctns","GSM2545380",1151
"Smarcd2","GSM2545380",3930
"Dbpht2","GSM2545380",73
"Ltbp2","GSM2545380",2387
"Drd1","GSM2545380",23
"Dact2","GSM2545380",251
"E4f1","GSM2545380",1351
"Zfp598","GSM2545380",2913
"Zcchc12","GSM2545380",1029
"Zfp263","GSM2545380",1556
"Tspyl3","GSM2545380",721
"Arhgap10","GSM2545380",831
"Plxnb2","GSM2545380",5868
"Doc2a","GSM2545380",196
"Tmem29","GSM2545380",626
"Dpf2","GSM2545380",3027
"Foxl2os","GSM2545380",32
"Slc47a1","GSM2545380",321
"Nap1l5","GSM2545380",27057
"Mapk7","GSM2545380",1324
"Grem2","GSM2545380",192
"Pcdh10","GSM2545380",1762
"Nol3","GSM2545380",285
"Gpr83","GSM2545380",74
"Nrsn2","GSM2545380",2866
"Prss16","GSM2545380",29
"Pcdh18","GSM2545380",116
"Emx2","GSM2545380",10
"Ccdc81","GSM2545380",56
"Rwdd2a","GSM2545380",445
"Mpped1","GSM2545380",316
"Galnt7","GSM2545380",2321
"S100a8","GSM2545380",184
"Mau2","GSM2545380",5515
"Ptpn23","GSM2545380",2634
"Sstr1","GSM2545380",157
"Wdfy4","GSM2545380",41
"Anxa3","GSM2545380",643
"C3","GSM2545380",54
"Tead4","GSM2545380",257
"Clvs2","GSM2545380",404
"Gaa","GSM2545380",8015
"Zfp219","GSM2545380",5451
"Bves","GSM2545380",10
"Tmem161a","GSM2545380",1009
"Unc5d","GSM2545380",801
"Cd180","GSM2545380",53
"Scml4","GSM2545380",28
"Stk38","GSM2545380",2494
"Sox17","GSM2545380",246
"Srsf9","GSM2545380",1369
"Herpud1","GSM2545380",3783
"Hmbs","GSM2545380",566
"Gm2824","GSM2545380",46
"Mir1901","GSM2545380",35
"Adamts19","GSM2545380",10
"Zfp36l1","GSM2545380",1317
"Impact","GSM2545380",8998
"Trmt6","GSM2545380",1977
"Plekhm1","GSM2545380",1612
"Basp1","GSM2545380",1421
"Grid1","GSM2545380",1229
"Zdbf2","GSM2545380",460
"Tal1","GSM2545380",151
"Raf1","GSM2545380",4481
"Pgpep1l","GSM2545380",16
"Fzd4","GSM2545380",1067
"Tfdp1","GSM2545380",2092
"Pdzrn4","GSM2545380",78
"Ier3","GSM2545380",627
"Mir378a","GSM2545380",5
"Magee2","GSM2545380",95
"Plekhg2","GSM2545380",243
"Boc","GSM2545380",4112
"Ddx39b","GSM2545380",6589
"H2-T24","GSM2545380",95
"Insm1","GSM2545380",27
"Vstm5","GSM2545380",120
"Kctd4","GSM2545380",128
"Oprm1","GSM2545380",151
"Zfand6","GSM2545380",2952
"Cx3cl1","GSM2545380",2765
"Tacr3","GSM2545380",77
"Gpr4","GSM2545380",147
"Ptgis","GSM2545380",171
"Ccdc28a","GSM2545380",463
"Ido2","GSM2545380",18
"Elfn2","GSM2545380",1139
"Ngp","GSM2545380",105
"Ptpro","GSM2545380",323
"Neto1","GSM2545380",218
"Col6a2","GSM2545380",423
"Fev","GSM2545380",4
"Mmab","GSM2545380",745
"Resp18","GSM2545380",1008
"Amn","GSM2545380",32
"Tmem132b","GSM2545380",676
"St6gal2","GSM2545380",220
"Tbc1d25","GSM2545380",794
"Pdcd2l","GSM2545380",767
"Acot3","GSM2545380",25
"Gm5468","GSM2545380",9
"Atg16l1","GSM2545380",2362
"Rpl14-ps1","GSM2545380",42
"Glra3","GSM2545380",174
"Plekhh3","GSM2545380",2106
"Pcdhga1","GSM2545380",140
"Gm9899","GSM2545380",1235
"Eps8l1","GSM2545380",283
"Serpina3g","GSM2545380",25
"Pcdh17","GSM2545380",1362
"Riok3","GSM2545380",4470
"Dcaf12l2","GSM2545380",15
"Ankrd6","GSM2545380",624
"Dhrs11","GSM2545380",557
"Zdhhc22","GSM2545380",279
"Hmgb3","GSM2545380",594
"Mid1","GSM2545380",196
"Celf3","GSM2545380",1825
"Akap5","GSM2545380",250
"Phlda3","GSM2545380",517
"Arfgap2","GSM2545380",4614
"Gabpb1","GSM2545380",1448
"Mybpc1","GSM2545380",3210
"Nfkbia","GSM2545380",1554
"Gabra3","GSM2545380",1051
"Gtpbp2","GSM2545380",2703
"Ptgdr","GSM2545380",20
"Myh15","GSM2545380",19
"Ciz1","GSM2545380",1640
"Tmem62","GSM2545380",3193
"Pan3","GSM2545380",5488
"Pld3","GSM2545380",3206
"Trim3","GSM2545380",8394
"Spata2l","GSM2545380",603
"Gm2223","GSM2545380",27
"Dnah1","GSM2545380",69
"Pnoc","GSM2545380",120
"Dzank1","GSM2545380",9973
"Safb2","GSM2545380",2941
"Rnf128","GSM2545380",1280
"Jpx","GSM2545380",413
"Il16","GSM2545380",7750
"Slc26a7","GSM2545380",372
"Rspo1","GSM2545380",24
"Hcfc2","GSM2545380",1902
"Gm35315","GSM2545380",96
"Tyrp1","GSM2545380",8
"Pank4","GSM2545380",1991
"Ngef","GSM2545380",713
"Llgl1","GSM2545380",3269
"Usp12","GSM2545380",2968
"Ppp2r2d","GSM2545380",3035
"Zfp677","GSM2545380",142
"Heyl","GSM2545380",134
"Sin3b","GSM2545380",2563
"Sidt1","GSM2545380",2320
"Spin2c","GSM2545380",175
"Wasf2","GSM2545380",1341
"Tmem14a","GSM2545380",703
"Cntnap5a","GSM2545380",584
"Ccm2l","GSM2545380",172
"Sema3e","GSM2545380",621
"Il18bp","GSM2545380",334
"Slc35f1","GSM2545380",1318
"Best1","GSM2545380",50
"Pde8b","GSM2545380",892
"Htr7","GSM2545380",98
"Cfap57","GSM2545380",18
"Sgsm1","GSM2545380",4916
"Scn3b","GSM2545380",311
"Mark3","GSM2545380",3863
"Acsl5","GSM2545380",708
"Qpct","GSM2545380",156
"Iqcc","GSM2545380",740
"Noc2l","GSM2545380",2658
"Slc25a27","GSM2545380",4465
"Kdm4b","GSM2545380",3619
"Pde1b","GSM2545380",1827
"Pcdha10","GSM2545380",68
"Gja5","GSM2545380",18
"Irs4","GSM2545380",14
"Mamdc4","GSM2545380",98
"Mthfd2l","GSM2545380",371
"Lrrtm1","GSM2545380",297
"Tacr1","GSM2545380",75
"Lmo3","GSM2545380",321
"Psg16","GSM2545380",1055
"Abcc8","GSM2545380",2346
"Epc1","GSM2545380",3293
"Slc6a7","GSM2545380",578
"Col4a5","GSM2545380",336
"Gm8013","GSM2545380",2
"Clpx","GSM2545380",2426
"Dffb","GSM2545380",532
"Senp3","GSM2545380",2652
"Hhex","GSM2545380",47
"Per2","GSM2545380",2458
"Rnpep","GSM2545380",1478
"Ttll1","GSM2545380",773
"Ppp1r1c","GSM2545380",14
"Moxd1","GSM2545380",137
"Susd6","GSM2545380",5755
"Ighm","GSM2545380",211
"Fam131a","GSM2545380",3879
"Zfp92","GSM2545380",46
"Kirrel","GSM2545380",580
"Npsr1","GSM2545380",14
"Kcnj16","GSM2545380",1645
"Atg10","GSM2545380",380
"Vwc2l","GSM2545380",69
"Sox14","GSM2545380",43
"Zc3h3","GSM2545380",530
"Gak","GSM2545380",5275
"Tox2","GSM2545380",302
"Tenm2","GSM2545380",904
"Begain","GSM2545380",1251
"Dsc3","GSM2545380",6
"Fbll1","GSM2545380",406
"Dnah7a","GSM2545380",17
"Gm3764","GSM2545380",5002
"Strip1","GSM2545380",3437
"Nmnat3","GSM2545380",63
"Lims2","GSM2545380",311
"Fam43b","GSM2545380",233
"Ccnl2","GSM2545380",7913
"Gm11627","GSM2545380",12
"Rabl2","GSM2545380",889
"Kcnj3","GSM2545380",5814
"Zfp36","GSM2545380",295
"Slc2a1","GSM2545380",6807
"Cnksr3","GSM2545380",3229
"AW551984","GSM2545380",294
"Hykk","GSM2545380",224
"Rnasel","GSM2545380",107
"Shc1","GSM2545380",514
"Ppp1r12c","GSM2545380",4252
"Syne4","GSM2545380",366
"Arrdc2","GSM2545380",1446
"Usp28","GSM2545380",2085
"Slfn4","GSM2545380",7
"Pomt2","GSM2545380",1397
"Gm10432","GSM2545380",171
"Cngb1","GSM2545380",26
"Dot1l","GSM2545380",6480
"Gmnn","GSM2545380",158
"Ccdc160","GSM2545380",70
"Ptpn5","GSM2545380",961
"Mal2","GSM2545380",331
"Arap3","GSM2545380",282
"Mib2","GSM2545380",2730
"Itgb1bp2","GSM2545380",40
"Stk32b","GSM2545380",38
"Dgkb","GSM2545380",1123
"Pcgf6","GSM2545380",1064
"Serinc2","GSM2545380",730
"Arhgef37","GSM2545380",883
"Ltf","GSM2545380",42
"Timp2","GSM2545380",4756
"Snora41","GSM2545380",24
"F3","GSM2545380",3365
"Tgfbi","GSM2545380",263
"Rab44","GSM2545380",10
"Lclat1","GSM2545380",1030
"Arid5b","GSM2545380",1911
"Col25a1","GSM2545380",322
"Inpp5b","GSM2545380",2822
"Dhfr","GSM2545380",405
"Phkg2","GSM2545380",2203
"Bcl11a","GSM2545380",598
"Nr2f1","GSM2545380",1819
"Trhr","GSM2545380",36
"Msc","GSM2545380",14
"Mndal","GSM2545380",131
"Pou3f2","GSM2545380",773
"Gm9962","GSM2545380",21
"Atg16l2","GSM2545380",829
"Gm16425","GSM2545380",10
"Ap1m1","GSM2545380",2216
"Trpv3","GSM2545380",31
"Inpp5k","GSM2545380",3409
"D11Wsu47e","GSM2545380",219
"Fkbp1b","GSM2545380",341
"Syvn1","GSM2545380",2178
"Aldh3a2","GSM2545380",3048
"Dtd2","GSM2545380",358
"Pcdh19","GSM2545380",337
"Gm5526","GSM2545380",18
"Nsun5","GSM2545380",631
"Hrh2","GSM2545380",312
"Lmbr1l","GSM2545380",667
"Pkn1","GSM2545380",1360
"Nptx2","GSM2545380",128
"Ctxn1","GSM2545380",215
"Rp1","GSM2545380",0
"Gm7357","GSM2545380",2
"Mrpl15","GSM2545380",1344
"Lypla1","GSM2545380",2499
"Tcea1","GSM2545380",4118
"Gm6104","GSM2545380",1
"Atp6v1h","GSM2545380",5624
"Oprk1","GSM2545380",48
"Npbwr1","GSM2545380",5
"Rb1cc1","GSM2545380",6620
"Gm2147","GSM2545380",2
"Gm26901","GSM2545380",4
"Sntg1","GSM2545380",458
"Gm6187","GSM2545380",0
"Rrs1","GSM2545380",847
"Mcmdc2","GSM2545380",28
"Snhg6","GSM2545380",345
"Snord87","GSM2545380",0
"Tcf24","GSM2545380",11
"Ppp1r42","GSM2545380",15
"Arfgef1","GSM2545380",5923
"Cpa6","GSM2545380",3
"Ncoa2","GSM2545380",5420
"Tram1","GSM2545380",1907
"Gm5523","GSM2545380",0
"Eya1","GSM2545380",373
"Smt3h2-ps4","GSM2545380",5
"Trpa1","GSM2545380",5
"Gm10566","GSM2545380",2
"Terf1","GSM2545380",662
"Rdh10","GSM2545380",1006
"Stau2","GSM2545380",4170
"Ly96","GSM2545380",33
"Jph1","GSM2545380",1545
"Gdap1","GSM2545380",6072
"Rbm6-ps1","GSM2545380",8
"Pi15","GSM2545380",24
"Gm28154","GSM2545380",14
"Gm16070","GSM2545380",2
"Gm15825","GSM2545380",4
"Tfap2d","GSM2545380",358
"Tfap2b","GSM2545380",2443
"Pkhd1","GSM2545380",5
"Mir133b","GSM2545380",6
"Il17f","GSM2545380",2
"Paqr8","GSM2545380",21039
"Tram2","GSM2545380",21
"Gm7658","GSM2545380",16
"Gm7761","GSM2545380",9
"Mir30c-2","GSM2545380",13
"Ogfrl1","GSM2545380",11514
"Smap1","GSM2545380",3881
"Fam135a","GSM2545380",3525
"Col19a1","GSM2545380",1290
"Lmbrd1","GSM2545380",10986
"Gm20172","GSM2545380",6
"Gm29214","GSM2545380",5
"Gm7846","GSM2545380",8
"Gm5525","GSM2545380",18
"Phf3","GSM2545380",4696
"Khdrbs2","GSM2545380",300
"Gm5415","GSM2545380",1
"Zfp451","GSM2545380",1422
"Gm15455","GSM2545380",3
"Bend6","GSM2545380",11061
"Ptpn18","GSM2545380",66
"Cfc1","GSM2545380",7
"Amer3","GSM2545380",2508
"Fam168b","GSM2545380",14043
"Gm33222","GSM2545380",9
"Kansl3","GSM2545380",4156
"Fer1l5","GSM2545380",3
"Cnnm4","GSM2545380",1363
"Sema4c","GSM2545380",1209
"Cox5b","GSM2545380",7110
"Zap70","GSM2545380",49
"Tmem131","GSM2545380",3482
"Cnga3","GSM2545380",4
"Unc50","GSM2545380",1843
"Lipt1","GSM2545380",102
"Mrpl30","GSM2545380",1361
"Lyg2","GSM2545380",6
"Txndc9","GSM2545380",2187
"Eif5b","GSM2545380",6216
"Gm16150","GSM2545380",19
"Gm16152","GSM2545380",0
"Pdcl3","GSM2545380",1373
"Rpl31","GSM2545380",3937
"Tbc1d8","GSM2545380",1956
"Cnot11","GSM2545380",1719
"Snord89","GSM2545380",15
"Rnf149","GSM2545380",1177
"Rfx8","GSM2545380",4
"Gm16894","GSM2545380",33
"Il1rl2","GSM2545380",16
"Il1rl1","GSM2545380",5
"Il18r1","GSM2545380",3
"Slc9a4","GSM2545380",12
"Mfsd9","GSM2545380",178
"Tmem182","GSM2545380",13
"Gm28175","GSM2545380",22
"Pantr1","GSM2545380",304
"Pou3f3","GSM2545380",1695
"Pantr2","GSM2545380",42
"Mrps9","GSM2545380",1476
"Gpr45","GSM2545380",95
"Tgfbrap1","GSM2545380",2952
"Fhl2","GSM2545380",128
"Nck2","GSM2545380",874
"Uxs1","GSM2545380",1657
"Gm16103","GSM2545380",2
"Tpp2","GSM2545380",3500
"Tex30","GSM2545380",339
"Bivm","GSM2545380",1200
"Gulp1","GSM2545380",288
"Wdr75","GSM2545380",1420
"Dnah7b","GSM2545380",624
"Gm4852","GSM2545380",6
"Gm8337","GSM2545380",11
"Nabp1","GSM2545380",483
"Gm17767","GSM2545380",4
"Myo1b","GSM2545380",851
"Stat4","GSM2545380",12
"Stat1","GSM2545380",1538
"Gls","GSM2545380",15580
"Rps27a-ps1","GSM2545380",3
"Gm28178","GSM2545380",0
"Inpp1","GSM2545380",3926
"Mstn","GSM2545380",24
"Asnsd1","GSM2545380",884
"Gtf3c3","GSM2545380",1242
"Pgap1","GSM2545380",1854
"Gm19637","GSM2545380",2
"Ankrd44","GSM2545380",698
"Sf3b1","GSM2545380",19083
"Gm6822","GSM2545380",9
"Boll","GSM2545380",13
"Gm8292","GSM2545380",17
"Plcl1","GSM2545380",1332
"Gm6644","GSM2545380",1
"Satb2","GSM2545380",17
"BC055402","GSM2545380",0
"Tyw5","GSM2545380",544
"Spats2l","GSM2545380",374
"Aox4","GSM2545380",7
"Aox2","GSM2545380",7
"Bzw1","GSM2545380",9724
"Clk1","GSM2545380",9053
"Ppil3","GSM2545380",404
"Nif3l1","GSM2545380",903
"Cflar","GSM2545380",1434
"Casp8","GSM2545380",85
"Stradb","GSM2545380",1224
"Tmem237","GSM2545380",1039
"Cdk15","GSM2545380",10
"Fzd7","GSM2545380",2531
"Sumo1","GSM2545380",3743
"Fam117b","GSM2545380",4815
"Wdr12","GSM2545380",1304
"Nbeal1","GSM2545380",1213
"Abi2","GSM2545380",5697
"Cd28","GSM2545380",72
"Gm11581","GSM2545380",4
"Icos","GSM2545380",1
"Nrp2","GSM2545380",428
"Gm4208","GSM2545380",1
"Ndufs1","GSM2545380",8851
"Eef1b2","GSM2545380",4845
"Gpr1","GSM2545380",7
"Gm11605","GSM2545380",4
"Adam23","GSM2545380",8726
"Dytn","GSM2545380",0
"Mdh1b","GSM2545380",8
"Gm13748","GSM2545380",4
"Ccnyl1","GSM2545380",568
"Plekhm3","GSM2545380",2073
"Rpl10a-ps1","GSM2545380",32
"Cryga","GSM2545380",2
"Pikfyve","GSM2545380",2774
"Map2","GSM2545380",24519
"Unc80","GSM2545380",19688
"Kansl1l","GSM2545380",1458
"Acadl","GSM2545380",2198
"Gm15793","GSM2545380",1
"Spag16","GSM2545380",107
"Bard1","GSM2545380",18
"Abca12","GSM2545380",2
"Atic","GSM2545380",1077
"Fn1","GSM2545380",2916
"Gm5256","GSM2545380",0
"Tmem169","GSM2545380",762
"Xrcc5","GSM2545380",917
"Smarcal1","GSM2545380",3134
"Igfbp2","GSM2545380",1987
"Gm29183","GSM2545380",4
"Rufy4","GSM2545380",8
"Cxcr2","GSM2545380",6
"Arpc2","GSM2545380",4901
"Aamp","GSM2545380",5759
"Tmbim1","GSM2545380",2099
"Catip","GSM2545380",75
"Zfp142","GSM2545380",1942
"Rnf25","GSM2545380",1502
"Ttll4","GSM2545380",1967
"Prkag3","GSM2545380",25
"Gm29539","GSM2545380",3
"Wnt10a","GSM2545380",19
"Ihh","GSM2545380",9
"Slc23a3","GSM2545380",4
"Zfand2b","GSM2545380",473
"Ankzf1","GSM2545380",1181
"Glb1l","GSM2545380",397
"Ptprn","GSM2545380",6223
"Des","GSM2545380",84
"Asic4","GSM2545380",154
"Chpf","GSM2545380",2575
"Obsl1","GSM2545380",865
"Stk11ip","GSM2545380",1173
"Slc4a3","GSM2545380",4057
"Epha4","GSM2545380",1066
"Pax3","GSM2545380",329
"Mogat1","GSM2545380",11
"Kcne4","GSM2545380",47
"Gm5830","GSM2545380",14
"Scg2","GSM2545380",9031
"Mrpl44","GSM2545380",1027
"Gm5529","GSM2545380",27
"Fam124b","GSM2545380",1
"Cul3","GSM2545380",9697
"Nyap2","GSM2545380",1346
"Rhbdd1","GSM2545380",612
"Col4a4","GSM2545380",90
"Col4a3","GSM2545380",62
"Mff","GSM2545380",8624
"Daw1","GSM2545380",10
"Trip12","GSM2545380",8590
"Fbxo36","GSM2545380",149
"Slc16a14","GSM2545380",312
"Gm15433","GSM2545380",3
"Rpl19-ps1","GSM2545380",2
"Sp110","GSM2545380",23
"Sp140","GSM2545380",34
"Sp100","GSM2545380",163
"Cab39","GSM2545380",9995
"Gpr55","GSM2545380",4
"Spata3","GSM2545380",12
"Htr2b","GSM2545380",0
"Armc9","GSM2545380",798
"B3gnt7","GSM2545380",13
"Snora75","GSM2545380",7
"Nmur1","GSM2545380",28
"Dis3l2","GSM2545380",993
"Gm6136","GSM2545380",32
"Ecel1","GSM2545380",37
"Prss56","GSM2545380",6
"Kcnj13","GSM2545380",490
"Inpp5d","GSM2545380",207
"Scarna6","GSM2545380",5
"Sag","GSM2545380",13
"Dgkd","GSM2545380",11067
"Gm19582","GSM2545380",69
"Usp40","GSM2545380",1534
"Ugt1a7c","GSM2545380",8
"Dnajb3","GSM2545380",44
"Mroh2a","GSM2545380",16
"Spp2","GSM2545380",15
"Gm29538","GSM2545380",4
"Glrp1","GSM2545380",0
"Sh3bp4","GSM2545380",539
"Gbx2","GSM2545380",0
"Iqca","GSM2545380",17
"Ackr3","GSM2545380",336
"Col6a3","GSM2545380",80
"Rab17","GSM2545380",2
"Ube2f","GSM2545380",1605
"Klhl30","GSM2545380",7
"Twist2","GSM2545380",4
"Hdac4","GSM2545380",2241
"Ndufa10","GSM2545380",5300
"Mir149","GSM2545380",1
"Ankmy1","GSM2545380",23
"Rnpepl1","GSM2545380",1439
"Capn10","GSM2545380",1215
"Gpr35","GSM2545380",36
"Pask","GSM2545380",191
"Hdlbp","GSM2545380",8294
"Farp2","GSM2545380",343
"Stk25","GSM2545380",6543
"Thap4","GSM2545380",566
"D2hgdh","GSM2545380",500
"Pdcd1","GSM2545380",0
"Gm7895","GSM2545380",10
"Fam174a","GSM2545380",2085
"Slco4c1","GSM2545380",14
"Panct2","GSM2545380",13
"Gm6430","GSM2545380",2
"Gin1","GSM2545380",499
"Pam","GSM2545380",2178
"Cntnap5b","GSM2545380",998
"Cdh20","GSM2545380",1181
"Pign","GSM2545380",903
"Gm10193","GSM2545380",1
"Tnfrsf11a","GSM2545380",90
"Gm7160","GSM2545380",19
"Gm20753","GSM2545380",8
"Bcl2","GSM2545380",961
"Vps4b","GSM2545380",2566
"Serpinb5","GSM2545380",6
"Serpinb10","GSM2545380",3
"Gm8141","GSM2545380",17
"Cdh7","GSM2545380",1932
"Cdh19","GSM2545380",661
"Gm8173","GSM2545380",1
"Dsel","GSM2545380",318
"Gm6028","GSM2545380",2
"Nifk","GSM2545380",1051
"Clasp1","GSM2545380",3618
"Inhbb","GSM2545380",326
"Gm3551","GSM2545380",1
"Gm28209","GSM2545380",2
"Cfap221","GSM2545380",3
"Sctr","GSM2545380",7
"Tmem37","GSM2545380",42
"En1","GSM2545380",252
"Insig2","GSM2545380",2845
"Ccdc93","GSM2545380",1389
"Htr5b","GSM2545380",17
"Ddx18","GSM2545380",918
"Actr3","GSM2545380",7324
"Slc35f5","GSM2545380",739
"Gpr39","GSM2545380",1
"Mgat5","GSM2545380",3861
"Gm8451","GSM2545380",33
"Tmem163","GSM2545380",2823
"Acmsd","GSM2545380",1
"Zranb3","GSM2545380",202
"Gm28800","GSM2545380",3
"Rpl28-ps1","GSM2545380",29
"Mir128-1","GSM2545380",3
"Lct","GSM2545380",9
"Gm6170","GSM2545380",33
"Thsd7b","GSM2545380",26
"Gm29428","GSM2545380",3
"Cd55","GSM2545380",240
"Gm16083","GSM2545380",10
"C4bp-ps1","GSM2545380",7
"Yod1","GSM2545380",540
"Fcamr","GSM2545380",2
"Dyrk3","GSM2545380",191
"Ikbke","GSM2545380",75
"Srgap2","GSM2545380",9818
"Slc26a9","GSM2545380",2
"Pm20d1","GSM2545380",234
"Rab29","GSM2545380",223
"Cdk18","GSM2545380",673
"Gm29695","GSM2545380",200
"Lemd1","GSM2545380",23
"Gm7241","GSM2545380",0
"Klhdc8a","GSM2545380",806
"Lrrn2","GSM2545380",4091
"Gm29257","GSM2545380",9
"Gm28609","GSM2545380",4
"Plekha6","GSM2545380",4996
"Ren1","GSM2545380",14
"Sox13","GSM2545380",326
"Zbed6","GSM2545380",1217
"Lax1","GSM2545380",1
"Optc","GSM2545380",37
"Prelp","GSM2545380",1193
"Gm8618","GSM2545380",2
"Mybph","GSM2545380",39
"Myog","GSM2545380",1
"Ppfia4","GSM2545380",10870
"Tmem183a","GSM2545380",3390
"Kdm5b","GSM2545380",2206
"Ppp1r12b","GSM2545380",3650
"Ube2t","GSM2545380",88
"Ptprv","GSM2545380",6
"Timm17a","GSM2545380",1833
"Csrp1","GSM2545380",10869
"Tnni1","GSM2545380",124
"Lad1","GSM2545380",27
"Pkp1","GSM2545380",1
"Ascl5","GSM2545380",0
"Cacna1s","GSM2545380",36
"Gm15850","GSM2545380",2
"Kif21b","GSM2545380",1414
"Camsap2","GSM2545380",8628
"Kif14","GSM2545380",11
"Gm29485","GSM2545380",2
"Gm19705","GSM2545380",46
"Mif-ps1","GSM2545380",2
"Nr5a2","GSM2545380",1
"Ptprc","GSM2545380",86
"Lhx9","GSM2545380",462
"Dennd1b","GSM2545380",1158
"Crb1","GSM2545380",11
"Zbtb41","GSM2545380",1676
"Cfhr2","GSM2545380",2
"Gm5837","GSM2545380",2
"Kcnt2","GSM2545380",88
"Gm5835","GSM2545380",28
"Cdc73","GSM2545380",870
"B3galt2","GSM2545380",1026
"Glrx2","GSM2545380",2334
"Rgs1","GSM2545380",2
"Gm7266","GSM2545380",7
"Rgs18","GSM2545380",2
"Brinp3","GSM2545380",975
"Ptgs2os","GSM2545380",3
"Ptgs2","GSM2545380",57
"Tpr","GSM2545380",7203
"Swt1","GSM2545380",737
"Mir7682","GSM2545380",2
"Rnf2","GSM2545380",1833
"Gm36527","GSM2545380",1
"Edem3","GSM2545380",3785
"Tsen15","GSM2545380",664
"Colgalt2","GSM2545380",161
"Rgl1","GSM2545380",1538
"Arpc5","GSM2545380",2541
"Ncf2","GSM2545380",79
"Nmnat2","GSM2545380",11404
"Lamc2","GSM2545380",59
"Dhx9","GSM2545380",7287
"Rgs16","GSM2545380",738
"Rgsl1","GSM2545380",23
"Zfp648","GSM2545380",4
"Gm9530","GSM2545380",12
"Stx6","GSM2545380",2258
"Xpr1","GSM2545380",4284
"Gm5532","GSM2545380",6
"Acbd6","GSM2545380",1076
"Lhx4","GSM2545380",0
"Cep350","GSM2545380",3375
"Fam163a","GSM2545380",66
"Tdrd5","GSM2545380",57
"Nphs2","GSM2545380",10
"Gm2000","GSM2545380",24
"Soat1","GSM2545380",724
"Abl2","GSM2545380",2276
"Fam20b","GSM2545380",3679
"Ralgps2","GSM2545380",2329
"Angptl1","GSM2545380",20
"Rasal2","GSM2545380",2952
"Brinp2","GSM2545380",1275
"Gm4953","GSM2545380",7
"Gm31256","GSM2545380",1
"Rabgap1l","GSM2545380",6859
"Gm6177","GSM2545380",1
"Rc3h1","GSM2545380",3648
"Serpinc1","GSM2545380",1
"Snord47","GSM2545380",22
"Dars2","GSM2545380",787
"Cenpl","GSM2545380",114
"Fasl","GSM2545380",7
"Dnm3","GSM2545380",11003
"Dnm3os","GSM2545380",8
"Prrc2c","GSM2545380",7220
"Fmo2","GSM2545380",390
"Mettl11b","GSM2545380",12
"BC055324","GSM2545380",114
"Sele","GSM2545380",1
"Selp","GSM2545380",1
"F5","GSM2545380",570
"Nme7","GSM2545380",487
"Atp1b1","GSM2545380",67958
"Gm26685","GSM2545380",1
"Dpt","GSM2545380",3
"Gm20743","GSM2545380",256
"Sft2d2","GSM2545380",1386
"Tiprl","GSM2545380",2270
"Rcsd1","GSM2545380",213
"Gm32999","GSM2545380",1
"Dusp27","GSM2545380",15
"Mael","GSM2545380",4
"Gm16418","GSM2545380",16
"Gm16701","GSM2545380",181
"Aldh9a1","GSM2545380",1770
"Mgst3","GSM2545380",2151
"Lrrc52","GSM2545380",5
"Rxrg","GSM2545380",49
"Lmx1a","GSM2545380",72
"Pbx1","GSM2545380",4795
